{
  "task_id": "KNN_42_1641",
  "model_name": "KNN",
  "fold_id": "42",
  "hyperparams": {
    "n_neighbors": 7,
    "weights": "uniform",
    "metric": "euclidean"
  },
  "test_results": {
    "accuracy": 0.5257586450247,
    "f1": 0.39488971833310293,
    "precision": 0.4372718692721201,
    "recall": 0.5257586450247
  },
  "train_results": {
    "accuracy": 0.9270377733598409,
    "f1": 0.9270620820849375,
    "precision": 0.927103780031538,
    "recall": 0.9270377733598409
  },
  "detailed_results": {
    "metadata": {
      "model_name": "KNN",
      "hyperparams": {
        "n_neighbors": 7,
        "weights": "uniform",
        "metric": "euclidean"
      }
    },
    "test_accuracy": 0.5257586450247,
    "test_f1": 0.39488971833310293,
    "test_precision": 0.4372718692721201,
    "test_recall": 0.5257586450247,
    "train_accuracy": 0.9270377733598409,
    "train_f1": 0.9270620820849375,
    "train_precision": 0.927103780031538,
    "train_recall": 0.9270377733598409
  },
  "test_accuracy": 0.5257586450247,
  "train_accuracy": 0.9270377733598409,
  "worker_id": "worker_b7a70e0aa9c3aeecb65fd22601d3448ea2af533f2f93d0bbbf2d755d"
}