{
  "task_id": "XGBoost_6_7132",
  "model_name": "XGBoost",
  "fold_id": "6",
  "hyperparams": {
    "n_estimators": "100",
    "max_depth": "3",
    "learning_rate": "0.2",
    "subsample": "0.7"
  },
  "test_results": {
    "accuracy": 0.8003946070371588,
    "f1": 0.7975244525589836,
    "precision": 0.8138049101899666,
    "recall": 0.8003946070371588
  },
  "train_results": {
    "accuracy": 0.8960064057651886,
    "f1": 0.8954675994524138,
    "precision": 0.8972701415525942,
    "recall": 0.8960064057651886
  },
  "detailed_results": {
    "metadata": {
      "model_name": "XGBoost",
      "hyperparams": {
        "n_estimators": 100,
        "max_depth": 3,
        "learning_rate": 0.2,
        "subsample": 0.7
      }
    },
    "test_accuracy": 0.8003946070371588,
    "test_f1": 0.7975244525589836,
    "test_precision": 0.8138049101899666,
    "test_recall": 0.8003946070371588,
    "train_accuracy": 0.8960064057651886,
    "train_f1": 0.8954675994524138,
    "train_precision": 0.8972701415525942,
    "train_recall": 0.8960064057651886
  },
  "test_accuracy": 0.8003946070371588,
  "train_accuracy": 0.8960064057651886,
  "worker_id": "worker_4120d933bad341a369b83eae1c93613da7ab782b084614622de69a4e"
}