{
  "task_id": "XGBoost_20_1915",
  "model_name": "XGBoost",
  "fold_id": "20",
  "hyperparams": {
    "n_estimators": "100",
    "max_depth": "3",
    "learning_rate": "0.2",
    "subsample": "0.7"
  },
  "test_results": {
    "accuracy": 0.5946248600223965,
    "f1": 0.5687618881649449,
    "precision": 0.7023095178889218,
    "recall": 0.5946248600223965
  },
  "train_results": {
    "accuracy": 0.896111578095327,
    "f1": 0.8956171775580913,
    "precision": 0.8973040882886362,
    "recall": 0.896111578095327
  },
  "detailed_results": {
    "metadata": {
      "model_name": "XGBoost",
      "hyperparams": {
        "n_estimators": 100,
        "max_depth": 3,
        "learning_rate": 0.2,
        "subsample": 0.7
      }
    },
    "test_accuracy": 0.5946248600223965,
    "test_f1": 0.5687618881649449,
    "test_precision": 0.7023095178889218,
    "test_recall": 0.5946248600223965,
    "train_accuracy": 0.896111578095327,
    "train_f1": 0.8956171775580913,
    "train_precision": 0.8973040882886362,
    "train_recall": 0.896111578095327
  },
  "test_accuracy": 0.5946248600223965,
  "train_accuracy": 0.896111578095327,
  "worker_id": "worker_87c4383dab53810372467602a083eb819ce4ec7c267619a1c3affab7"
}