{
  "task_id": "XGBoost_11_5417",
  "model_name": "XGBoost",
  "fold_id": "11",
  "hyperparams": {
    "n_estimators": "100",
    "max_depth": "6",
    "learning_rate": "0.2",
    "subsample": "0.7"
  },
  "test_results": {
    "accuracy": 0.6164139161462979,
    "f1": 0.6021769647203709,
    "precision": 0.6251414293061194,
    "recall": 0.6164139161462979
  },
  "train_results": {
    "accuracy": 0.9868469866109069,
    "f1": 0.9868360431660596,
    "precision": 0.9869412741307526,
    "recall": 0.9868469866109069
  },
  "detailed_results": {
    "metadata": {
      "model_name": "XGBoost",
      "hyperparams": {
        "n_estimators": 100,
        "max_depth": 6,
        "learning_rate": 0.2,
        "subsample": 0.7
      }
    },
    "test_accuracy": 0.6164139161462979,
    "test_f1": 0.6021769647203709,
    "test_precision": 0.6251414293061194,
    "test_recall": 0.6164139161462979,
    "train_accuracy": 0.9868469866109069,
    "train_f1": 0.9868360431660596,
    "train_precision": 0.9869412741307526,
    "train_recall": 0.9868469866109069
  },
  "test_accuracy": 0.6164139161462979,
  "train_accuracy": 0.9868469866109069,
  "worker_id": "worker_d567b2d1c2bdc526483a84049f51253ec98ad8f0a8a5c5fe78b0160f"
}