{
  "task_id": "MLP_(Neural_Network)_6_7568",
  "model_name": "MLP (Neural Network)",
  "fold_id": "6",
  "hyperparams": {
    "hidden_layer_sizes": [
      200,
      100,
      50
    ],
    "activation": "tanh",
    "alpha": "0.1"
  },
  "test_results": {
    "accuracy": 0.7412035514633344,
    "f1": 0.7365912924093906,
    "precision": 0.7544637533939219,
    "recall": 0.7412035514633344
  },
  "train_results": {
    "accuracy": 0.8825943349014113,
    "f1": 0.882607305918877,
    "precision": 0.8826221803455621,
    "recall": 0.8825943349014113
  },
  "detailed_results": {
    "metadata": {
      "model_name": "MLP (Neural Network)",
      "hyperparams": {
        "hidden_layer_sizes": [
          200,
          100,
          50
        ],
        "activation": "tanh",
        "alpha": 0.1
      }
    },
    "test_accuracy": 0.7412035514633344,
    "test_f1": 0.7365912924093906,
    "test_precision": 0.7544637533939219,
    "test_recall": 0.7412035514633344,
    "train_accuracy": 0.8825943349014113,
    "train_f1": 0.882607305918877,
    "train_precision": 0.8826221803455621,
    "train_recall": 0.8825943349014113
  },
  "test_accuracy": 0.7412035514633344,
  "train_accuracy": 0.8825943349014113,
  "worker_id": "worker_9ebe48c53bd3b809d737c7ea697caf71bc6dab185423a4ecac81b33c"
}