{
  "task_id": "MLP_(Neural_Network)_30_0881",
  "model_name": "MLP (Neural Network)",
  "fold_id": "30",
  "hyperparams": {
    "hidden_layer_sizes": [
      150,
      50
    ],
    "activation": "tanh",
    "alpha": "0.1"
  },
  "test_results": {
    "accuracy": 0.6291512915129152,
    "f1": 0.6108302553121161,
    "precision": 0.6480317243025033,
    "recall": 0.6291512915129152
  },
  "train_results": {
    "accuracy": 0.8508612590040714,
    "f1": 0.8512042348265105,
    "precision": 0.8538784348860569,
    "recall": 0.8508612590040714
  },
  "detailed_results": {
    "metadata": {
      "model_name": "MLP (Neural Network)",
      "hyperparams": {
        "hidden_layer_sizes": [
          150,
          50
        ],
        "activation": "tanh",
        "alpha": 0.1
      }
    },
    "test_accuracy": 0.6291512915129152,
    "test_f1": 0.6108302553121161,
    "test_precision": 0.6480317243025033,
    "test_recall": 0.6291512915129152,
    "train_accuracy": 0.8508612590040714,
    "train_f1": 0.8512042348265105,
    "train_precision": 0.8538784348860569,
    "train_recall": 0.8508612590040714
  },
  "test_accuracy": 0.6291512915129152,
  "train_accuracy": 0.8508612590040714,
  "worker_id": "worker_5a8c315079ed1f5dd65d57b2c4a58de780003cf53bdeeadcf24edc68"
}