{
  "task_id": "MLP_(Neural_Network)_3_8952",
  "model_name": "MLP (Neural Network)",
  "fold_id": "3",
  "hyperparams": {
    "hidden_layer_sizes": [
      200,
      100,
      50
    ],
    "activation": "tanh",
    "alpha": "0.1"
  },
  "test_results": {
    "accuracy": 0.6073464217859404,
    "f1": 0.5721522316904131,
    "precision": 0.7441629551131497,
    "recall": 0.6073464217859404
  },
  "train_results": {
    "accuracy": 0.9932006966773848,
    "f1": 0.9932028236758706,
    "precision": 0.9932296944791553,
    "recall": 0.9932006966773848
  },
  "detailed_results": {
    "metadata": {
      "model_name": "MLP (Neural Network)",
      "hyperparams": {
        "hidden_layer_sizes": [
          200,
          100,
          50
        ],
        "activation": "tanh",
        "alpha": 0.1
      }
    },
    "test_accuracy": 0.6073464217859404,
    "test_f1": 0.5721522316904131,
    "test_precision": 0.7441629551131497,
    "test_recall": 0.6073464217859404,
    "train_accuracy": 0.9932006966773848,
    "train_f1": 0.9932028236758706,
    "train_precision": 0.9932296944791553,
    "train_recall": 0.9932006966773848
  },
  "test_accuracy": 0.6073464217859404,
  "train_accuracy": 0.9932006966773848,
  "worker_id": "worker_b53db7cc2b0359a86bd5e08db860a3a25cadf2168525198326e82b65"
}