{
  "task_id": "XGBoost_0_6323",
  "model_name": "XGBoost",
  "fold_id": "0",
  "hyperparams": {
    "n_estimators": "100",
    "max_depth": "9",
    "learning_rate": "0.2",
    "subsample": "0.7"
  },
  "test_results": {
    "accuracy": 0.8227176220806794,
    "f1": 0.8233173041179642,
    "precision": 0.836110389431826,
    "recall": 0.8227176220806794
  },
  "train_results": {
    "accuracy": 0.9999064604639561,
    "f1": 0.9999064595706482,
    "precision": 0.9999064763558243,
    "recall": 0.9999064604639561
  },
  "detailed_results": {
    "metadata": {
      "model_name": "XGBoost",
      "hyperparams": {
        "n_estimators": 100,
        "max_depth": 9,
        "learning_rate": 0.2,
        "subsample": 0.7
      }
    },
    "test_accuracy": 0.8227176220806794,
    "test_f1": 0.8233173041179642,
    "test_precision": 0.836110389431826,
    "test_recall": 0.8227176220806794,
    "train_accuracy": 0.9999064604639561,
    "train_f1": 0.9999064595706482,
    "train_precision": 0.9999064763558243,
    "train_recall": 0.9999064604639561
  },
  "test_accuracy": 0.8227176220806794,
  "train_accuracy": 0.9999064604639561,
  "worker_id": "worker_65e19a6429e7aa385039e52f7b4f91f0633523cced4fb6eef449b5b6"
}