{
  "task_id": "XGBoost_1_6531",
  "model_name": "XGBoost",
  "fold_id": "1",
  "hyperparams": {
    "n_estimators": "100",
    "max_depth": "3",
    "learning_rate": "0.2",
    "subsample": "0.7"
  },
  "test_results": {
    "accuracy": 0.5646075798269173,
    "f1": 0.502306381798094,
    "precision": 0.5785231735847709,
    "recall": 0.5646075798269173
  },
  "train_results": {
    "accuracy": 0.896099517917945,
    "f1": 0.895848707358408,
    "precision": 0.8963427317056072,
    "recall": 0.896099517917945
  },
  "detailed_results": {
    "metadata": {
      "model_name": "XGBoost",
      "hyperparams": {
        "n_estimators": 100,
        "max_depth": 3,
        "learning_rate": 0.2,
        "subsample": 0.7
      }
    },
    "test_accuracy": 0.5646075798269173,
    "test_f1": 0.502306381798094,
    "test_precision": 0.5785231735847709,
    "test_recall": 0.5646075798269173,
    "train_accuracy": 0.896099517917945,
    "train_f1": 0.895848707358408,
    "train_precision": 0.8963427317056072,
    "train_recall": 0.896099517917945
  },
  "test_accuracy": 0.5646075798269173,
  "train_accuracy": 0.896099517917945,
  "worker_id": "worker_4e8f1c6d945b2a1d2aea8e53efc3f78769976538607c3bd85e25ed7e"
}