{
  "task_id": "KNN_26_9858",
  "model_name": "KNN",
  "fold_id": "26",
  "hyperparams": {
    "n_neighbors": 1,
    "weights": "uniform",
    "metric": "euclidean"
  },
  "test_results": {
    "accuracy": 0.5486815415821501,
    "f1": 0.4001497542901475,
    "precision": 0.5813185441879664,
    "recall": 0.5486815415821501
  },
  "train_results": {
    "accuracy": 1.0,
    "f1": 1.0,
    "precision": 1.0,
    "recall": 1.0
  },
  "detailed_results": {
    "metadata": {
      "model_name": "KNN",
      "hyperparams": {
        "n_neighbors": 1,
        "weights": "uniform",
        "metric": "euclidean"
      }
    },
    "test_accuracy": 0.5486815415821501,
    "test_f1": 0.4001497542901475,
    "test_precision": 0.5813185441879664,
    "test_recall": 0.5486815415821501,
    "train_accuracy": 1.0,
    "train_f1": 1.0,
    "train_precision": 1.0,
    "train_recall": 1.0
  },
  "test_accuracy": 0.5486815415821501,
  "train_accuracy": 1.0,
  "worker_id": "worker_dfdcfdb3249565d6196f959fa2016d6332a409bcfa102470956dc184"
}