{
  "task_id": "KNN_38_0124",
  "model_name": "KNN",
  "fold_id": "38",
  "hyperparams": {
    "n_neighbors": 15,
    "weights": "uniform",
    "metric": "euclidean"
  },
  "test_results": {
    "accuracy": 0.706111833550065,
    "f1": 0.705430294117697,
    "precision": 0.7063721698965651,
    "recall": 0.706111833550065
  },
  "train_results": {
    "accuracy": 0.8760438239027323,
    "f1": 0.87608030419029,
    "precision": 0.8761303511634747,
    "recall": 0.8760438239027323
  },
  "detailed_results": {
    "metadata": {
      "model_name": "KNN",
      "hyperparams": {
        "n_neighbors": 15,
        "weights": "uniform",
        "metric": "euclidean"
      }
    },
    "test_accuracy": 0.706111833550065,
    "test_f1": 0.705430294117697,
    "test_precision": 0.7063721698965651,
    "test_recall": 0.706111833550065,
    "train_accuracy": 0.8760438239027323,
    "train_f1": 0.87608030419029,
    "train_precision": 0.8761303511634747,
    "train_recall": 0.8760438239027323
  },
  "test_accuracy": 0.706111833550065,
  "train_accuracy": 0.8760438239027323,
  "worker_id": "worker_892d27363bc64358ae11ed2ee8d5135e50771600b3b0febeb45ca2b7"
}