{
  "task_id": "MLP_(Neural_Network)_27_0811",
  "model_name": "MLP (Neural Network)",
  "fold_id": "27",
  "hyperparams": {
    "hidden_layer_sizes": [
      100
    ],
    "activation": "tanh",
    "alpha": "0.1"
  },
  "test_results": {
    "accuracy": 0.9205426356589147,
    "f1": 0.920341761559119,
    "precision": 0.9272934455757292,
    "recall": 0.9205426356589147
  },
  "train_results": {
    "accuracy": 0.7902882871615283,
    "f1": 0.7853585861288771,
    "precision": 0.8005559699829268,
    "recall": 0.7902882871615283
  },
  "detailed_results": {
    "metadata": {
      "model_name": "MLP (Neural Network)",
      "hyperparams": {
        "hidden_layer_sizes": [
          100
        ],
        "activation": "tanh",
        "alpha": 0.1
      }
    },
    "test_accuracy": 0.9205426356589147,
    "test_f1": 0.920341761559119,
    "test_precision": 0.9272934455757292,
    "test_recall": 0.9205426356589147,
    "train_accuracy": 0.7902882871615283,
    "train_f1": 0.7853585861288771,
    "train_precision": 0.8005559699829268,
    "train_recall": 0.7902882871615283
  },
  "test_accuracy": 0.9205426356589147,
  "train_accuracy": 0.7902882871615283,
  "worker_id": "worker_75a8f47ecb2f35755476e4fc6003087b9faf197c376c1df9f5ad5de3"
}