{
  "task_id": "XGBoost_29_1915",
  "model_name": "XGBoost",
  "fold_id": "29",
  "hyperparams": {
    "n_estimators": "100",
    "max_depth": "3",
    "learning_rate": "0.2",
    "subsample": "0.7"
  },
  "test_results": {
    "accuracy": 0.7889641819941917,
    "f1": 0.7875859937673643,
    "precision": 0.7984486540022222,
    "recall": 0.7889641819941917
  },
  "train_results": {
    "accuracy": 0.9028172977705513,
    "f1": 0.9024402198289839,
    "precision": 0.9037247621683047,
    "recall": 0.9028172977705513
  },
  "detailed_results": {
    "metadata": {
      "model_name": "XGBoost",
      "hyperparams": {
        "n_estimators": 100,
        "max_depth": 3,
        "learning_rate": 0.2,
        "subsample": 0.7
      }
    },
    "test_accuracy": 0.7889641819941917,
    "test_f1": 0.7875859937673643,
    "test_precision": 0.7984486540022222,
    "test_recall": 0.7889641819941917,
    "train_accuracy": 0.9028172977705513,
    "train_f1": 0.9024402198289839,
    "train_precision": 0.9037247621683047,
    "train_recall": 0.9028172977705513
  },
  "test_accuracy": 0.7889641819941917,
  "train_accuracy": 0.9028172977705513,
  "worker_id": "worker_d488735ccd3a858a145e18257826a76165033a52f6f050a93268636e"
}