{
  "task_id": "KNN_46_7516",
  "model_name": "KNN",
  "fold_id": "46",
  "hyperparams": {
    "n_neighbors": 7,
    "weights": "uniform",
    "metric": "euclidean"
  },
  "test_results": {
    "accuracy": 0.5960591133004927,
    "f1": 0.5762458330406213,
    "precision": 0.6184766519929922,
    "recall": 0.5960591133004927
  },
  "train_results": {
    "accuracy": 0.9196224882027564,
    "f1": 0.9196716939502276,
    "precision": 0.9198036307532812,
    "recall": 0.9196224882027564
  },
  "detailed_results": {
    "metadata": {
      "model_name": "KNN",
      "hyperparams": {
        "n_neighbors": 7,
        "weights": "uniform",
        "metric": "euclidean"
      }
    },
    "test_accuracy": 0.5960591133004927,
    "test_f1": 0.5762458330406213,
    "test_precision": 0.6184766519929922,
    "test_recall": 0.5960591133004927,
    "train_accuracy": 0.9196224882027564,
    "train_f1": 0.9196716939502276,
    "train_precision": 0.9198036307532812,
    "train_recall": 0.9196224882027564
  },
  "test_accuracy": 0.5960591133004927,
  "train_accuracy": 0.9196224882027564,
  "worker_id": "worker_6899fb3747df32845309131254a28f98b2ed42f6e5f22d1c2017d7b4"
}