{
  "task_id": "KNN_35_3824",
  "model_name": "KNN",
  "fold_id": "35",
  "hyperparams": {
    "n_neighbors": 7,
    "weights": "uniform",
    "metric": "euclidean"
  },
  "test_results": {
    "accuracy": 0.8062381852551985,
    "f1": 0.8058528227731475,
    "precision": 0.8170033061328797,
    "recall": 0.8062381852551985
  },
  "train_results": {
    "accuracy": 0.8901927650519464,
    "f1": 0.8902535633311326,
    "precision": 0.8903756730501436,
    "recall": 0.8901927650519464
  },
  "detailed_results": {
    "metadata": {
      "model_name": "KNN",
      "hyperparams": {
        "n_neighbors": 7,
        "weights": "uniform",
        "metric": "euclidean"
      }
    },
    "test_accuracy": 0.8062381852551985,
    "test_f1": 0.8058528227731475,
    "test_precision": 0.8170033061328797,
    "test_recall": 0.8062381852551985,
    "train_accuracy": 0.8901927650519464,
    "train_f1": 0.8902535633311326,
    "train_precision": 0.8903756730501436,
    "train_recall": 0.8901927650519464
  },
  "test_accuracy": 0.8062381852551985,
  "train_accuracy": 0.8901927650519464,
  "worker_id": "worker_2fa0c7efa1687a00c91a813cf607851f55f612fa98508602a1257014"
}