{
  "task_id": "XGBoost_33_7132",
  "model_name": "XGBoost",
  "fold_id": "33",
  "hyperparams": {
    "n_estimators": "100",
    "max_depth": "3",
    "learning_rate": "0.2",
    "subsample": "0.7"
  },
  "test_results": {
    "accuracy": 0.860789652825051,
    "f1": 0.8602690774802688,
    "precision": 0.8796676999199882,
    "recall": 0.860789652825051
  },
  "train_results": {
    "accuracy": 0.9051735603138715,
    "f1": 0.9047708284538579,
    "precision": 0.9060002681584479,
    "recall": 0.9051735603138715
  },
  "detailed_results": {
    "metadata": {
      "model_name": "XGBoost",
      "hyperparams": {
        "n_estimators": 100,
        "max_depth": 3,
        "learning_rate": 0.2,
        "subsample": 0.7
      }
    },
    "test_accuracy": 0.860789652825051,
    "test_f1": 0.8602690774802688,
    "test_precision": 0.8796676999199882,
    "test_recall": 0.860789652825051,
    "train_accuracy": 0.9051735603138715,
    "train_f1": 0.9047708284538579,
    "train_precision": 0.9060002681584479,
    "train_recall": 0.9051735603138715
  },
  "test_accuracy": 0.860789652825051,
  "train_accuracy": 0.9051735603138715,
  "worker_id": "worker_61908f5ba8c832c1827709bbdcfe77ca1725b5d1adf4cc648dcd4604"
}