{
  "task_id": "MLP_(Neural_Network)_10_6879",
  "model_name": "MLP (Neural Network)",
  "fold_id": "10",
  "hyperparams": {
    "hidden_layer_sizes": [
      150,
      50
    ],
    "activation": "tanh",
    "alpha": "0.1"
  },
  "test_results": {
    "accuracy": 0.7281553398058253,
    "f1": 0.7240328252653843,
    "precision": 0.7296926644059953,
    "recall": 0.7281553398058253
  },
  "train_results": {
    "accuracy": 0.8373796916108835,
    "f1": 0.8371830903916139,
    "precision": 0.837143446227533,
    "recall": 0.8373796916108835
  },
  "detailed_results": {
    "metadata": {
      "model_name": "MLP (Neural Network)",
      "hyperparams": {
        "hidden_layer_sizes": [
          150,
          50
        ],
        "activation": "tanh",
        "alpha": 0.1
      }
    },
    "test_accuracy": 0.7281553398058253,
    "test_f1": 0.7240328252653843,
    "test_precision": 0.7296926644059953,
    "test_recall": 0.7281553398058253,
    "train_accuracy": 0.8373796916108835,
    "train_f1": 0.8371830903916139,
    "train_precision": 0.837143446227533,
    "train_recall": 0.8373796916108835
  },
  "test_accuracy": 0.7281553398058253,
  "train_accuracy": 0.8373796916108835,
  "worker_id": "worker_9ba0c3fb01b3324faa49f1b3953240e4cef19585626ffdf6184111e5"
}