{
  "task_id": "MLP_(Neural_Network)_21_9455",
  "model_name": "MLP (Neural Network)",
  "fold_id": "21",
  "hyperparams": {
    "hidden_layer_sizes": [
      200,
      100,
      50
    ],
    "activation": "tanh",
    "alpha": "0.1"
  },
  "test_results": {
    "accuracy": 0.5959860383944153,
    "f1": 0.5000937591351955,
    "precision": 0.7646141238136498,
    "recall": 0.5959860383944153
  },
  "train_results": {
    "accuracy": 0.9954186017321451,
    "f1": 0.9954184344294497,
    "precision": 0.9954185520390259,
    "recall": 0.9954186017321451
  },
  "detailed_results": {
    "metadata": {
      "model_name": "MLP (Neural Network)",
      "hyperparams": {
        "hidden_layer_sizes": [
          200,
          100,
          50
        ],
        "activation": "tanh",
        "alpha": 0.1
      }
    },
    "test_accuracy": 0.5959860383944153,
    "test_f1": 0.5000937591351955,
    "test_precision": 0.7646141238136498,
    "test_recall": 0.5959860383944153,
    "train_accuracy": 0.9954186017321451,
    "train_f1": 0.9954184344294497,
    "train_precision": 0.9954185520390259,
    "train_recall": 0.9954186017321451
  },
  "test_accuracy": 0.5959860383944153,
  "train_accuracy": 0.9954186017321451,
  "worker_id": "worker_f812cb893bddd27270feb9cbcfcf80f8b850674f9ed4f017c6699ca9"
}