{
  "task_id": "KNN_22_3824",
  "model_name": "KNN",
  "fold_id": "22",
  "hyperparams": {
    "n_neighbors": 7,
    "weights": "uniform",
    "metric": "euclidean"
  },
  "test_results": {
    "accuracy": 0.675392670157068,
    "f1": 0.6730391345917108,
    "precision": 0.6755136894878627,
    "recall": 0.675392670157068
  },
  "train_results": {
    "accuracy": 0.8982678549014685,
    "f1": 0.8982386143914658,
    "precision": 0.8982244683125862,
    "recall": 0.8982678549014685
  },
  "detailed_results": {
    "metadata": {
      "model_name": "KNN",
      "hyperparams": {
        "n_neighbors": 7,
        "weights": "uniform",
        "metric": "euclidean"
      }
    },
    "test_accuracy": 0.675392670157068,
    "test_f1": 0.6730391345917108,
    "test_precision": 0.6755136894878627,
    "test_recall": 0.675392670157068,
    "train_accuracy": 0.8982678549014685,
    "train_f1": 0.8982386143914658,
    "train_precision": 0.8982244683125862,
    "train_recall": 0.8982678549014685
  },
  "test_accuracy": 0.675392670157068,
  "train_accuracy": 0.8982678549014685,
  "worker_id": "worker_e03947b95d4438fdb65dfe3c02ad08cd5d411b7b0e9e2be2f0973c46"
}