{
  "task_id": "XGBoost_36_5417",
  "model_name": "XGBoost",
  "fold_id": "36",
  "hyperparams": {
    "n_estimators": "100",
    "max_depth": "6",
    "learning_rate": "0.2",
    "subsample": "0.7"
  },
  "test_results": {
    "accuracy": 0.5552622896733751,
    "f1": 0.5535785982438808,
    "precision": 0.5630723684540011,
    "recall": 0.5552622896733751
  },
  "train_results": {
    "accuracy": 0.9913951239035453,
    "f1": 0.991391135483998,
    "precision": 0.9914193509605913,
    "recall": 0.9913951239035453
  },
  "detailed_results": {
    "metadata": {
      "model_name": "XGBoost",
      "hyperparams": {
        "n_estimators": 100,
        "max_depth": 6,
        "learning_rate": 0.2,
        "subsample": 0.7
      }
    },
    "test_accuracy": 0.5552622896733751,
    "test_f1": 0.5535785982438808,
    "test_precision": 0.5630723684540011,
    "test_recall": 0.5552622896733751,
    "train_accuracy": 0.9913951239035453,
    "train_f1": 0.991391135483998,
    "train_precision": 0.9914193509605913,
    "train_recall": 0.9913951239035453
  },
  "test_accuracy": 0.5552622896733751,
  "train_accuracy": 0.9913951239035453,
  "worker_id": "worker_d63b828c04952552b215ddcd13fc5f75a1062969bb080b7de669a0c0"
}