{
  "task_id": "MLP_(Neural_Network)_42_6858",
  "model_name": "MLP (Neural Network)",
  "fold_id": "42",
  "hyperparams": {
    "hidden_layer_sizes": [
      150,
      50
    ],
    "activation": "tanh",
    "alpha": "0.1"
  },
  "test_results": {
    "accuracy": 0.5282286520818631,
    "f1": 0.5289715985299808,
    "precision": 0.5307073068578313,
    "recall": 0.5282286520818631
  },
  "train_results": {
    "accuracy": 0.8515904572564612,
    "f1": 0.8501952413289295,
    "precision": 0.8541617088621944,
    "recall": 0.8515904572564612
  },
  "detailed_results": {
    "metadata": {
      "model_name": "MLP (Neural Network)",
      "hyperparams": {
        "hidden_layer_sizes": [
          150,
          50
        ],
        "activation": "tanh",
        "alpha": 0.1
      }
    },
    "test_accuracy": 0.5282286520818631,
    "test_f1": 0.5289715985299808,
    "test_precision": 0.5307073068578313,
    "test_recall": 0.5282286520818631,
    "train_accuracy": 0.8515904572564612,
    "train_f1": 0.8501952413289295,
    "train_precision": 0.8541617088621944,
    "train_recall": 0.8515904572564612
  },
  "test_accuracy": 0.5282286520818631,
  "train_accuracy": 0.8515904572564612,
  "worker_id": "worker_53b4da09906b747c63fe103348d36410dd68e6c524eb7c5540143987"
}