{
  "task_id": "KNN_26_9172",
  "model_name": "KNN",
  "fold_id": "26",
  "hyperparams": {
    "n_neighbors": 15,
    "weights": "uniform",
    "metric": "euclidean"
  },
  "test_results": {
    "accuracy": 0.5524002704530088,
    "f1": 0.4059311264187615,
    "precision": 0.6407039192978603,
    "recall": 0.5524002704530088
  },
  "train_results": {
    "accuracy": 0.9180196965664094,
    "f1": 0.9179875919091812,
    "precision": 0.9179760548512639,
    "recall": 0.9180196965664094
  },
  "detailed_results": {
    "metadata": {
      "model_name": "KNN",
      "hyperparams": {
        "n_neighbors": 15,
        "weights": "uniform",
        "metric": "euclidean"
      }
    },
    "test_accuracy": 0.5524002704530088,
    "test_f1": 0.4059311264187615,
    "test_precision": 0.6407039192978603,
    "test_recall": 0.5524002704530088,
    "train_accuracy": 0.9180196965664094,
    "train_f1": 0.9179875919091812,
    "train_precision": 0.9179760548512639,
    "train_recall": 0.9180196965664094
  },
  "test_accuracy": 0.5524002704530088,
  "train_accuracy": 0.9180196965664094,
  "worker_id": "worker_d39782c0b09c22e40e244262bb1bd3ad13987be1a99c6a2738374dd6"
}