{
  "task_id": "XGBoost_1_3312",
  "model_name": "XGBoost",
  "fold_id": "1",
  "hyperparams": {
    "n_estimators": "100",
    "max_depth": "9",
    "learning_rate": "0.2",
    "subsample": "0.7"
  },
  "test_results": {
    "accuracy": 0.4375667022411953,
    "f1": 0.26767257805994427,
    "precision": 0.19281014045280476,
    "recall": 0.4375667022411953
  },
  "train_results": {
    "accuracy": 0.9999376500296162,
    "f1": 0.9999376496335272,
    "precision": 0.9999376570919678,
    "recall": 0.9999376500296162
  },
  "detailed_results": {
    "metadata": {
      "model_name": "XGBoost",
      "hyperparams": {
        "n_estimators": 100,
        "max_depth": 9,
        "learning_rate": 0.2,
        "subsample": 0.7
      }
    },
    "test_accuracy": 0.4375667022411953,
    "test_f1": 0.26767257805994427,
    "test_precision": 0.19281014045280476,
    "test_recall": 0.4375667022411953,
    "train_accuracy": 0.9999376500296162,
    "train_f1": 0.9999376496335272,
    "train_precision": 0.9999376570919678,
    "train_recall": 0.9999376500296162
  },
  "test_accuracy": 0.4375667022411953,
  "train_accuracy": 0.9999376500296162,
  "worker_id": "worker_d7bc19f8c08ce5b857a0af8509c673942e3585d417806f8ebe941792"
}