{
  "task_id": "MLP_(Neural_Network)_2_9455",
  "model_name": "MLP (Neural Network)",
  "fold_id": "2",
  "hyperparams": {
    "hidden_layer_sizes": [
      200,
      100,
      50
    ],
    "activation": "tanh",
    "alpha": "0.1"
  },
  "test_results": {
    "accuracy": 0.4966442953020134,
    "f1": 0.32961146055918383,
    "precision": 0.2466555560560335,
    "recall": 0.4966442953020134
  },
  "train_results": {
    "accuracy": 0.989146413937631,
    "f1": 0.9891500628169617,
    "precision": 0.9891786255957046,
    "recall": 0.989146413937631
  },
  "detailed_results": {
    "metadata": {
      "model_name": "MLP (Neural Network)",
      "hyperparams": {
        "hidden_layer_sizes": [
          200,
          100,
          50
        ],
        "activation": "tanh",
        "alpha": 0.1
      }
    },
    "test_accuracy": 0.4966442953020134,
    "test_f1": 0.32961146055918383,
    "test_precision": 0.2466555560560335,
    "test_recall": 0.4966442953020134,
    "train_accuracy": 0.989146413937631,
    "train_f1": 0.9891500628169617,
    "train_precision": 0.9891786255957046,
    "train_recall": 0.989146413937631
  },
  "test_accuracy": 0.4966442953020134,
  "train_accuracy": 0.989146413937631,
  "worker_id": "worker_39de6c54999b50e73a87bd39702f04b3c05569ee65510fdaf9a2d5e2"
}