{
  "task_id": "XGBoost_18_5417",
  "model_name": "XGBoost",
  "fold_id": "18",
  "hyperparams": {
    "n_estimators": "100",
    "max_depth": "6",
    "learning_rate": "0.2",
    "subsample": "0.7"
  },
  "test_results": {
    "accuracy": 0.7180921052631579,
    "f1": 0.709265291948532,
    "precision": 0.7633667959833269,
    "recall": 0.7180921052631579
  },
  "train_results": {
    "accuracy": 0.985720958163742,
    "f1": 0.9857074313323213,
    "precision": 0.985822239350551,
    "recall": 0.985720958163742
  },
  "detailed_results": {
    "metadata": {
      "model_name": "XGBoost",
      "hyperparams": {
        "n_estimators": 100,
        "max_depth": 6,
        "learning_rate": 0.2,
        "subsample": 0.7
      }
    },
    "test_accuracy": 0.7180921052631579,
    "test_f1": 0.709265291948532,
    "test_precision": 0.7633667959833269,
    "test_recall": 0.7180921052631579,
    "train_accuracy": 0.985720958163742,
    "train_f1": 0.9857074313323213,
    "train_precision": 0.985822239350551,
    "train_recall": 0.985720958163742
  },
  "test_accuracy": 0.7180921052631579,
  "train_accuracy": 0.985720958163742,
  "worker_id": "worker_ebea981974a2f1b92e2ad91148e909e737ad2fd911d48b943d0aaafc"
}