{
  "task_id": "XGBoost_26_7132",
  "model_name": "XGBoost",
  "fold_id": "26",
  "hyperparams": {
    "n_estimators": "100",
    "max_depth": "3",
    "learning_rate": "0.2",
    "subsample": "0.7"
  },
  "test_results": {
    "accuracy": 0.6812035158891143,
    "f1": 0.6766865419250685,
    "precision": 0.7150774244545169,
    "recall": 0.6812035158891143
  },
  "train_results": {
    "accuracy": 0.9165557625765238,
    "f1": 0.9161321522609446,
    "precision": 0.9178725985408813,
    "recall": 0.9165557625765238
  },
  "detailed_results": {
    "metadata": {
      "model_name": "XGBoost",
      "hyperparams": {
        "n_estimators": 100,
        "max_depth": 3,
        "learning_rate": 0.2,
        "subsample": 0.7
      }
    },
    "test_accuracy": 0.6812035158891143,
    "test_f1": 0.6766865419250685,
    "test_precision": 0.7150774244545169,
    "test_recall": 0.6812035158891143,
    "train_accuracy": 0.9165557625765238,
    "train_f1": 0.9161321522609446,
    "train_precision": 0.9178725985408813,
    "train_recall": 0.9165557625765238
  },
  "test_accuracy": 0.6812035158891143,
  "train_accuracy": 0.9165557625765238,
  "worker_id": "worker_99b7b4b5545a2b5e8e89ea7ac9314cfa4171d0e4a2ba7031f327a732"
}