{
  "task_id": "XGBoost_28_0310",
  "model_name": "XGBoost",
  "fold_id": "28",
  "hyperparams": {
    "n_estimators": "100",
    "max_depth": "6",
    "learning_rate": "0.2",
    "subsample": "0.7"
  },
  "test_results": {
    "accuracy": 0.48405253283302063,
    "f1": 0.3404796004881874,
    "precision": 0.5993499902440954,
    "recall": 0.48405253283302063
  },
  "train_results": {
    "accuracy": 0.9766713895021253,
    "f1": 0.9766593436898781,
    "precision": 0.9766882174455931,
    "recall": 0.9766713895021253
  },
  "detailed_results": {
    "metadata": {
      "model_name": "XGBoost",
      "hyperparams": {
        "n_estimators": 100,
        "max_depth": 6,
        "learning_rate": 0.2,
        "subsample": 0.7
      }
    },
    "test_accuracy": 0.48405253283302063,
    "test_f1": 0.3404796004881874,
    "test_precision": 0.5993499902440954,
    "test_recall": 0.48405253283302063,
    "train_accuracy": 0.9766713895021253,
    "train_f1": 0.9766593436898781,
    "train_precision": 0.9766882174455931,
    "train_recall": 0.9766713895021253
  },
  "test_accuracy": 0.48405253283302063,
  "train_accuracy": 0.9766713895021253,
  "worker_id": "worker_11d59c9cc0a81563a29a9f378f2299b5cfb4e39493e01f6a781057b5"
}