{
  "task_id": "XGBoost_10_3312",
  "model_name": "XGBoost",
  "fold_id": "10",
  "hyperparams": {
    "n_estimators": "100",
    "max_depth": "9",
    "learning_rate": "0.2",
    "subsample": "0.7"
  },
  "test_results": {
    "accuracy": 0.6411149825783972,
    "f1": 0.6408392985614317,
    "precision": 0.6426278475660696,
    "recall": 0.6411149825783972
  },
  "train_results": {
    "accuracy": 0.9999372371806942,
    "f1": 0.9999372371806942,
    "precision": 0.9999372371806942,
    "recall": 0.9999372371806942
  },
  "detailed_results": {
    "metadata": {
      "model_name": "XGBoost",
      "hyperparams": {
        "n_estimators": 100,
        "max_depth": 9,
        "learning_rate": 0.2,
        "subsample": 0.7
      }
    },
    "test_accuracy": 0.6411149825783972,
    "test_f1": 0.6408392985614317,
    "test_precision": 0.6426278475660696,
    "test_recall": 0.6411149825783972,
    "train_accuracy": 0.9999372371806942,
    "train_f1": 0.9999372371806942,
    "train_precision": 0.9999372371806942,
    "train_recall": 0.9999372371806942
  },
  "test_accuracy": 0.6411149825783972,
  "train_accuracy": 0.9999372371806942,
  "worker_id": "worker_8217a94ca570b2d1b3a6d14e8bf975b5e1bcee7910192d8575a86d01"
}