{
  "task_id": "MLP_(Neural_Network)_6_8410",
  "model_name": "MLP (Neural Network)",
  "fold_id": "6",
  "hyperparams": {
    "hidden_layer_sizes": [
      100
    ],
    "activation": "tanh",
    "alpha": "0.1"
  },
  "test_results": {
    "accuracy": 0.5162671232876712,
    "f1": 0.3916698934086743,
    "precision": 0.5537435502742777,
    "recall": 0.5162671232876712
  },
  "train_results": {
    "accuracy": 0.9793694655529737,
    "f1": 0.9793593616402982,
    "precision": 0.9793937843143329,
    "recall": 0.9793694655529737
  },
  "detailed_results": {
    "metadata": {
      "model_name": "MLP (Neural Network)",
      "hyperparams": {
        "hidden_layer_sizes": [
          100
        ],
        "activation": "tanh",
        "alpha": 0.1
      }
    },
    "test_accuracy": 0.5162671232876712,
    "test_f1": 0.3916698934086743,
    "test_precision": 0.5537435502742777,
    "test_recall": 0.5162671232876712,
    "train_accuracy": 0.9793694655529737,
    "train_f1": 0.9793593616402982,
    "train_precision": 0.9793937843143329,
    "train_recall": 0.9793694655529737
  },
  "test_accuracy": 0.5162671232876712,
  "train_accuracy": 0.9793694655529737,
  "worker_id": "worker_24f57816b278433423375d01ee6e50e2e6dad011215e7a7fb6fa82d5"
}