{
  "task_id": "XGBoost_19_5417",
  "model_name": "XGBoost",
  "fold_id": "19",
  "hyperparams": {
    "n_estimators": "100",
    "max_depth": "6",
    "learning_rate": "0.2",
    "subsample": "0.7"
  },
  "test_results": {
    "accuracy": 0.5376454483230664,
    "f1": 0.5283654102469437,
    "precision": 0.5638238134214725,
    "recall": 0.5376454483230664
  },
  "train_results": {
    "accuracy": 0.9887013159643759,
    "f1": 0.988693716912515,
    "precision": 0.9887486976825939,
    "recall": 0.9887013159643759
  },
  "detailed_results": {
    "metadata": {
      "model_name": "XGBoost",
      "hyperparams": {
        "n_estimators": 100,
        "max_depth": 6,
        "learning_rate": 0.2,
        "subsample": 0.7
      }
    },
    "test_accuracy": 0.5376454483230664,
    "test_f1": 0.5283654102469437,
    "test_precision": 0.5638238134214725,
    "test_recall": 0.5376454483230664,
    "train_accuracy": 0.9887013159643759,
    "train_f1": 0.988693716912515,
    "train_precision": 0.9887486976825939,
    "train_recall": 0.9887013159643759
  },
  "test_accuracy": 0.5376454483230664,
  "train_accuracy": 0.9887013159643759,
  "worker_id": "worker_27e54f823c9bb48d43c3d368463a128b1304743ff7f12ca393413e91"
}