{
  "task_id": "XGBoost_9_3312",
  "model_name": "XGBoost",
  "fold_id": "9",
  "hyperparams": {
    "n_estimators": "100",
    "max_depth": "9",
    "learning_rate": "0.2",
    "subsample": "0.7"
  },
  "test_results": {
    "accuracy": 0.6684210526315789,
    "f1": 0.6264881145637179,
    "precision": 0.7735401662049861,
    "recall": 0.6684210526315789
  },
  "train_results": {
    "accuracy": 0.9999686264667127,
    "f1": 0.9999686263707982,
    "precision": 0.9999686282619481,
    "recall": 0.9999686264667127
  },
  "detailed_results": {
    "metadata": {
      "model_name": "XGBoost",
      "hyperparams": {
        "n_estimators": 100,
        "max_depth": 9,
        "learning_rate": 0.2,
        "subsample": 0.7
      }
    },
    "test_accuracy": 0.6684210526315789,
    "test_f1": 0.6264881145637179,
    "test_precision": 0.7735401662049861,
    "test_recall": 0.6684210526315789,
    "train_accuracy": 0.9999686264667127,
    "train_f1": 0.9999686263707982,
    "train_precision": 0.9999686282619481,
    "train_recall": 0.9999686264667127
  },
  "test_accuracy": 0.6684210526315789,
  "train_accuracy": 0.9999686264667127,
  "worker_id": "worker_d7bc19f8c08ce5b857a0af8509c673942e3585d417806f8ebe941792"
}