{
  "task_id": "KNN_42_0124",
  "model_name": "KNN",
  "fold_id": "42",
  "hyperparams": {
    "n_neighbors": 15,
    "weights": "uniform",
    "metric": "euclidean"
  },
  "test_results": {
    "accuracy": 0.5857445306986592,
    "f1": 0.5781007522403872,
    "precision": 0.5821073719069029,
    "recall": 0.5857445306986592
  },
  "train_results": {
    "accuracy": 0.8742544731610338,
    "f1": 0.874194671907453,
    "precision": 0.8741642163801897,
    "recall": 0.8742544731610338
  },
  "detailed_results": {
    "metadata": {
      "model_name": "KNN",
      "hyperparams": {
        "n_neighbors": 15,
        "weights": "uniform",
        "metric": "euclidean"
      }
    },
    "test_accuracy": 0.5857445306986592,
    "test_f1": 0.5781007522403872,
    "test_precision": 0.5821073719069029,
    "test_recall": 0.5857445306986592,
    "train_accuracy": 0.8742544731610338,
    "train_f1": 0.874194671907453,
    "train_precision": 0.8741642163801897,
    "train_recall": 0.8742544731610338
  },
  "test_accuracy": 0.5857445306986592,
  "train_accuracy": 0.8742544731610338,
  "worker_id": "worker_61908f5ba8c832c1827709bbdcfe77ca1725b5d1adf4cc648dcd4604"
}