{
  "task_id": "KNN_25_9928",
  "model_name": "KNN",
  "fold_id": "25",
  "hyperparams": {
    "n_neighbors": 7,
    "weights": "uniform",
    "metric": "euclidean"
  },
  "test_results": {
    "accuracy": 0.7069074778200254,
    "f1": 0.7069907379334891,
    "precision": 0.7077498340318606,
    "recall": 0.7069074778200254
  },
  "train_results": {
    "accuracy": 0.8897113001540625,
    "f1": 0.8897687034269793,
    "precision": 0.8898707345668508,
    "recall": 0.8897113001540625
  },
  "detailed_results": {
    "metadata": {
      "model_name": "KNN",
      "hyperparams": {
        "n_neighbors": 7,
        "weights": "uniform",
        "metric": "euclidean"
      }
    },
    "test_accuracy": 0.7069074778200254,
    "test_f1": 0.7069907379334891,
    "test_precision": 0.7077498340318606,
    "test_recall": 0.7069074778200254,
    "train_accuracy": 0.8897113001540625,
    "train_f1": 0.8897687034269793,
    "train_precision": 0.8898707345668508,
    "train_recall": 0.8897113001540625
  },
  "test_accuracy": 0.7069074778200254,
  "train_accuracy": 0.8897113001540625,
  "worker_id": "worker_58508966d2305b6a9465d3b1f35acb726223c6a163a4923764e239dd"
}