{
  "task_id": "KNN_18_1641",
  "model_name": "KNN",
  "fold_id": "18",
  "hyperparams": {
    "n_neighbors": 7,
    "weights": "uniform",
    "metric": "euclidean"
  },
  "test_results": {
    "accuracy": 0.5855263157894737,
    "f1": 0.5856233401476642,
    "precision": 0.5857613825531326,
    "recall": 0.5855263157894737
  },
  "train_results": {
    "accuracy": 0.9194968973110028,
    "f1": 0.9194370784197589,
    "precision": 0.9194528661913004,
    "recall": 0.9194968973110028
  },
  "detailed_results": {
    "metadata": {
      "model_name": "KNN",
      "hyperparams": {
        "n_neighbors": 7,
        "weights": "uniform",
        "metric": "euclidean"
      }
    },
    "test_accuracy": 0.5855263157894737,
    "test_f1": 0.5856233401476642,
    "test_precision": 0.5857613825531326,
    "test_recall": 0.5855263157894737,
    "train_accuracy": 0.9194968973110028,
    "train_f1": 0.9194370784197589,
    "train_precision": 0.9194528661913004,
    "train_recall": 0.9194968973110028
  },
  "test_accuracy": 0.5855263157894737,
  "train_accuracy": 0.9194968973110028,
  "worker_id": "worker_b7a70e0aa9c3aeecb65fd22601d3448ea2af533f2f93d0bbbf2d755d"
}