{
  "task_id": "XGBoost_48_4738",
  "model_name": "XGBoost",
  "fold_id": "48",
  "hyperparams": {
    "n_estimators": "100",
    "max_depth": "9",
    "learning_rate": "0.2",
    "subsample": "0.7"
  },
  "test_results": {
    "accuracy": 0.501877773984295,
    "f1": 0.35161811922465463,
    "precision": 0.7538751137058323,
    "recall": 0.501877773984295
  },
  "train_results": {
    "accuracy": 1.0,
    "f1": 1.0,
    "precision": 1.0,
    "recall": 1.0
  },
  "detailed_results": {
    "metadata": {
      "model_name": "XGBoost",
      "hyperparams": {
        "n_estimators": 100,
        "max_depth": 9,
        "learning_rate": 0.2,
        "subsample": 0.7
      }
    },
    "test_accuracy": 0.501877773984295,
    "test_f1": 0.35161811922465463,
    "test_precision": 0.7538751137058323,
    "test_recall": 0.501877773984295,
    "train_accuracy": 1.0,
    "train_f1": 1.0,
    "train_precision": 1.0,
    "train_recall": 1.0
  },
  "test_accuracy": 0.501877773984295,
  "train_accuracy": 1.0,
  "worker_id": "worker_fd246238e1d785276fce84365bade75d9d729f7b30b62a22b570e91e"
}