{
  "task_id": "XGBoost_19_6531",
  "model_name": "XGBoost",
  "fold_id": "19",
  "hyperparams": {
    "n_estimators": "100",
    "max_depth": "3",
    "learning_rate": "0.2",
    "subsample": "0.7"
  },
  "test_results": {
    "accuracy": 0.4674880219028063,
    "f1": 0.3187822880854871,
    "precision": 0.7008208290943043,
    "recall": 0.4674880219028063
  },
  "train_results": {
    "accuracy": 0.8824272231822411,
    "f1": 0.8820860683022064,
    "precision": 0.8825536152450396,
    "recall": 0.8824272231822411
  },
  "detailed_results": {
    "metadata": {
      "model_name": "XGBoost",
      "hyperparams": {
        "n_estimators": 100,
        "max_depth": 3,
        "learning_rate": 0.2,
        "subsample": 0.7
      }
    },
    "test_accuracy": 0.4674880219028063,
    "test_f1": 0.3187822880854871,
    "test_precision": 0.7008208290943043,
    "test_recall": 0.4674880219028063,
    "train_accuracy": 0.8824272231822411,
    "train_f1": 0.8820860683022064,
    "train_precision": 0.8825536152450396,
    "train_recall": 0.8824272231822411
  },
  "test_accuracy": 0.4674880219028063,
  "train_accuracy": 0.8824272231822411,
  "worker_id": "worker_a8b29e8c0af28ab8ce69ba3db134c980ca1210d700776eeb63ce40b9"
}