{
  "task_id": "XGBoost_10_6531",
  "model_name": "XGBoost",
  "fold_id": "10",
  "hyperparams": {
    "n_estimators": "100",
    "max_depth": "3",
    "learning_rate": "0.2",
    "subsample": "0.7"
  },
  "test_results": {
    "accuracy": 0.4743845642049235,
    "f1": 0.31116573530133507,
    "precision": 0.7521345269327566,
    "recall": 0.4743845642049235
  },
  "train_results": {
    "accuracy": 0.8900293255131965,
    "f1": 0.8896533126139636,
    "precision": 0.8904006181588378,
    "recall": 0.8900293255131965
  },
  "detailed_results": {
    "metadata": {
      "model_name": "XGBoost",
      "hyperparams": {
        "n_estimators": 100,
        "max_depth": 3,
        "learning_rate": 0.2,
        "subsample": 0.7
      }
    },
    "test_accuracy": 0.4743845642049235,
    "test_f1": 0.31116573530133507,
    "test_precision": 0.7521345269327566,
    "test_recall": 0.4743845642049235,
    "train_accuracy": 0.8900293255131965,
    "train_f1": 0.8896533126139636,
    "train_precision": 0.8904006181588378,
    "train_recall": 0.8900293255131965
  },
  "test_accuracy": 0.4743845642049235,
  "train_accuracy": 0.8900293255131965,
  "worker_id": "worker_bde904f64e4c0d756e7f802df2b82cd1178841ef8cc503c9c17841d6"
}