{
  "task_id": "KNN_8_7516",
  "model_name": "KNN",
  "fold_id": "8",
  "hyperparams": {
    "n_neighbors": 7,
    "weights": "uniform",
    "metric": "euclidean"
  },
  "test_results": {
    "accuracy": 0.4764065335753176,
    "f1": 0.37386079568711694,
    "precision": 0.5261099781091548,
    "recall": 0.4764065335753176
  },
  "train_results": {
    "accuracy": 0.9226309852093256,
    "f1": 0.9226689467994725,
    "precision": 0.9227614552006332,
    "recall": 0.9226309852093256
  },
  "detailed_results": {
    "metadata": {
      "model_name": "KNN",
      "hyperparams": {
        "n_neighbors": 7,
        "weights": "uniform",
        "metric": "euclidean"
      }
    },
    "test_accuracy": 0.4764065335753176,
    "test_f1": 0.37386079568711694,
    "test_precision": 0.5261099781091548,
    "test_recall": 0.4764065335753176,
    "train_accuracy": 0.9226309852093256,
    "train_f1": 0.9226689467994725,
    "train_precision": 0.9227614552006332,
    "train_recall": 0.9226309852093256
  },
  "test_accuracy": 0.4764065335753176,
  "train_accuracy": 0.9226309852093256,
  "worker_id": "worker_a614f3ee07b933183ba43483c2c3c5c26e2402af965e046815e82d5d"
}