{
  "task_id": "XGBoost_49_7132",
  "model_name": "XGBoost",
  "fold_id": "49",
  "hyperparams": {
    "n_estimators": "100",
    "max_depth": "3",
    "learning_rate": "0.2",
    "subsample": "0.7"
  },
  "test_results": {
    "accuracy": 0.5767441860465117,
    "f1": 0.5749846146535113,
    "precision": 0.5815856506343496,
    "recall": 0.5767441860465117
  },
  "train_results": {
    "accuracy": 0.9046292255530565,
    "f1": 0.9041624253533194,
    "precision": 0.9060055180298106,
    "recall": 0.9046292255530565
  },
  "detailed_results": {
    "metadata": {
      "model_name": "XGBoost",
      "hyperparams": {
        "n_estimators": 100,
        "max_depth": 3,
        "learning_rate": 0.2,
        "subsample": 0.7
      }
    },
    "test_accuracy": 0.5767441860465117,
    "test_f1": 0.5749846146535113,
    "test_precision": 0.5815856506343496,
    "test_recall": 0.5767441860465117,
    "train_accuracy": 0.9046292255530565,
    "train_f1": 0.9041624253533194,
    "train_precision": 0.9060055180298106,
    "train_recall": 0.9046292255530565
  },
  "test_accuracy": 0.5767441860465117,
  "train_accuracy": 0.9046292255530565,
  "worker_id": "worker_99b7b4b5545a2b5e8e89ea7ac9314cfa4171d0e4a2ba7031f327a732"
}