{
  "task_id": "KNN_1_7516",
  "model_name": "KNN",
  "fold_id": "1",
  "hyperparams": {
    "n_neighbors": 7,
    "weights": "uniform",
    "metric": "euclidean"
  },
  "test_results": {
    "accuracy": 0.5624332977588047,
    "f1": 0.533862236501494,
    "precision": 0.5477072049559832,
    "recall": 0.5624332977588047
  },
  "train_results": {
    "accuracy": 0.9271128846213798,
    "f1": 0.9270724618106005,
    "precision": 0.927082226311365,
    "recall": 0.9271128846213798
  },
  "detailed_results": {
    "metadata": {
      "model_name": "KNN",
      "hyperparams": {
        "n_neighbors": 7,
        "weights": "uniform",
        "metric": "euclidean"
      }
    },
    "test_accuracy": 0.5624332977588047,
    "test_f1": 0.533862236501494,
    "test_precision": 0.5477072049559832,
    "test_recall": 0.5624332977588047,
    "train_accuracy": 0.9271128846213798,
    "train_f1": 0.9270724618106005,
    "train_precision": 0.927082226311365,
    "train_recall": 0.9271128846213798
  },
  "test_accuracy": 0.5624332977588047,
  "train_accuracy": 0.9271128846213798,
  "worker_id": "worker_ecf8fd858b66b032af1ca7e3af6682df65fb77b7e8bc47c0e0e2ab29"
}