{
  "task_id": "MLP_(Neural_Network)_31_0881",
  "model_name": "MLP (Neural Network)",
  "fold_id": "31",
  "hyperparams": {
    "hidden_layer_sizes": [
      150,
      50
    ],
    "activation": "tanh",
    "alpha": "0.1"
  },
  "test_results": {
    "accuracy": 0.6875593542260209,
    "f1": 0.6852364430262554,
    "precision": 0.6924829211133664,
    "recall": 0.6875593542260209
  },
  "train_results": {
    "accuracy": 0.8715309283188887,
    "f1": 0.8697308741967583,
    "precision": 0.8789783246622728,
    "recall": 0.8715309283188887
  },
  "detailed_results": {
    "metadata": {
      "model_name": "MLP (Neural Network)",
      "hyperparams": {
        "hidden_layer_sizes": [
          150,
          50
        ],
        "activation": "tanh",
        "alpha": 0.1
      }
    },
    "test_accuracy": 0.6875593542260209,
    "test_f1": 0.6852364430262554,
    "test_precision": 0.6924829211133664,
    "test_recall": 0.6875593542260209,
    "train_accuracy": 0.8715309283188887,
    "train_f1": 0.8697308741967583,
    "train_precision": 0.8789783246622728,
    "train_recall": 0.8715309283188887
  },
  "test_accuracy": 0.6875593542260209,
  "train_accuracy": 0.8715309283188887,
  "worker_id": "worker_963f572904ebdff4db9e9fedb9b887de83c0d1f0b8c300f0474370d7"
}