{
  "task_id": "XGBoost_42_6323",
  "model_name": "XGBoost",
  "fold_id": "42",
  "hyperparams": {
    "n_estimators": "100",
    "max_depth": "9",
    "learning_rate": "0.2",
    "subsample": "0.7"
  },
  "test_results": {
    "accuracy": 0.7189054726368159,
    "f1": 0.7146595692864349,
    "precision": 0.788405856328337,
    "recall": 0.7189054726368159
  },
  "train_results": {
    "accuracy": 0.9999068612232226,
    "f1": 0.9999068614942556,
    "precision": 0.9999068637096229,
    "recall": 0.9999068612232226
  },
  "detailed_results": {
    "metadata": {
      "model_name": "XGBoost",
      "hyperparams": {
        "n_estimators": 100,
        "max_depth": 9,
        "learning_rate": 0.2,
        "subsample": 0.7
      }
    },
    "test_accuracy": 0.7189054726368159,
    "test_f1": 0.7146595692864349,
    "test_precision": 0.788405856328337,
    "test_recall": 0.7189054726368159,
    "train_accuracy": 0.9999068612232226,
    "train_f1": 0.9999068614942556,
    "train_precision": 0.9999068637096229,
    "train_recall": 0.9999068612232226
  },
  "test_accuracy": 0.7189054726368159,
  "train_accuracy": 0.9999068612232226,
  "worker_id": "worker_36d6cd2f049e0587cd2fd62b9ebdb86c63d526f87f6d5dc18ec12c8e"
}