{
  "task_id": "XGBoost_7_3016",
  "model_name": "XGBoost",
  "fold_id": "7",
  "hyperparams": {
    "n_estimators": "100",
    "max_depth": "9",
    "learning_rate": "0.2",
    "subsample": "0.7"
  },
  "test_results": {
    "accuracy": 0.6092032967032966,
    "f1": 0.604322869737128,
    "precision": 0.6058622346155464,
    "recall": 0.6092032967032966
  },
  "train_results": {
    "accuracy": 0.9999335592319447,
    "f1": 0.9999335587265961,
    "precision": 0.99993356716375,
    "recall": 0.9999335592319447
  },
  "detailed_results": {
    "metadata": {
      "model_name": "XGBoost",
      "hyperparams": {
        "n_estimators": 100,
        "max_depth": 9,
        "learning_rate": 0.2,
        "subsample": 0.7
      }
    },
    "test_accuracy": 0.6092032967032966,
    "test_f1": 0.604322869737128,
    "test_precision": 0.6058622346155464,
    "test_recall": 0.6092032967032966,
    "train_accuracy": 0.9999335592319447,
    "train_f1": 0.9999335587265961,
    "train_precision": 0.99993356716375,
    "train_recall": 0.9999335592319447
  },
  "test_accuracy": 0.6092032967032966,
  "train_accuracy": 0.9999335592319447,
  "worker_id": "worker_12eea12368ac7882fafce39d03fdc7019df4f30fde2e7d5440bc5626"
}