{
  "task_id": "XGBoost_23_6323",
  "model_name": "XGBoost",
  "fold_id": "23",
  "hyperparams": {
    "n_estimators": "100",
    "max_depth": "9",
    "learning_rate": "0.2",
    "subsample": "0.7"
  },
  "test_results": {
    "accuracy": 0.7155778894472362,
    "f1": 0.7153591972813965,
    "precision": 0.7156633652376122,
    "recall": 0.7155778894472362
  },
  "train_results": {
    "accuracy": 0.9998750741747088,
    "f1": 0.9998750726268631,
    "precision": 0.9998751025927765,
    "recall": 0.9998750741747088
  },
  "detailed_results": {
    "metadata": {
      "model_name": "XGBoost",
      "hyperparams": {
        "n_estimators": 100,
        "max_depth": 9,
        "learning_rate": 0.2,
        "subsample": 0.7
      }
    },
    "test_accuracy": 0.7155778894472362,
    "test_f1": 0.7153591972813965,
    "test_precision": 0.7156633652376122,
    "test_recall": 0.7155778894472362,
    "train_accuracy": 0.9998750741747088,
    "train_f1": 0.9998750726268631,
    "train_precision": 0.9998751025927765,
    "train_recall": 0.9998750741747088
  },
  "test_accuracy": 0.7155778894472362,
  "train_accuracy": 0.9998750741747088,
  "worker_id": "worker_30822af05ca1ea041160d037adea3203e602d7d8dbdf45717af10b38"
}