{
  "task_id": "MLP_(Neural_Network)_36_2099",
  "model_name": "MLP (Neural Network)",
  "fold_id": "36",
  "hyperparams": {
    "hidden_layer_sizes": [
      100
    ],
    "activation": "tanh",
    "alpha": "0.1"
  },
  "test_results": {
    "accuracy": 0.5852853843615968,
    "f1": 0.5194616658609978,
    "precision": 0.7617564409069777,
    "recall": 0.5852853843615968
  },
  "train_results": {
    "accuracy": 0.9826234866424307,
    "f1": 0.9826194647613473,
    "precision": 0.9826236813446662,
    "recall": 0.9826234866424307
  },
  "detailed_results": {
    "metadata": {
      "model_name": "MLP (Neural Network)",
      "hyperparams": {
        "hidden_layer_sizes": [
          100
        ],
        "activation": "tanh",
        "alpha": 0.1
      }
    },
    "test_accuracy": 0.5852853843615968,
    "test_f1": 0.5194616658609978,
    "test_precision": 0.7617564409069777,
    "test_recall": 0.5852853843615968,
    "train_accuracy": 0.9826234866424307,
    "train_f1": 0.9826194647613473,
    "train_precision": 0.9826236813446662,
    "train_recall": 0.9826234866424307
  },
  "test_accuracy": 0.5852853843615968,
  "train_accuracy": 0.9826234866424307,
  "worker_id": "worker_d066ba3d41dde4c5503cf80842c58422881e6e0d480ff0ea5c0b50b6"
}