{
  "task_id": "XGBoost_0_3537",
  "model_name": "XGBoost",
  "fold_id": "0",
  "hyperparams": {
    "n_estimators": "100",
    "max_depth": "9",
    "learning_rate": "0.2",
    "subsample": "0.7"
  },
  "test_results": {
    "accuracy": 0.5989892984542212,
    "f1": 0.598094251281231,
    "precision": 0.5986523693325928,
    "recall": 0.5989892984542212
  },
  "train_results": {
    "accuracy": 0.9999662731871838,
    "f1": 0.9999662730699906,
    "precision": 0.9999662752516272,
    "recall": 0.9999662731871838
  },
  "detailed_results": {
    "metadata": {
      "model_name": "XGBoost",
      "hyperparams": {
        "n_estimators": 100,
        "max_depth": 9,
        "learning_rate": 0.2,
        "subsample": 0.7
      }
    },
    "test_accuracy": 0.5989892984542212,
    "test_f1": 0.598094251281231,
    "test_precision": 0.5986523693325928,
    "test_recall": 0.5989892984542212,
    "train_accuracy": 0.9999662731871838,
    "train_f1": 0.9999662730699906,
    "train_precision": 0.9999662752516272,
    "train_recall": 0.9999662731871838
  },
  "test_accuracy": 0.5989892984542212,
  "train_accuracy": 0.9999662731871838,
  "worker_id": "worker_e889c56c83aca361944eb9e883b9c05023512a8082e2a7391ad70920"
}