{
  "task_id": "KNN_34_3824",
  "model_name": "KNN",
  "fold_id": "34",
  "hyperparams": {
    "n_neighbors": 7,
    "weights": "uniform",
    "metric": "euclidean"
  },
  "test_results": {
    "accuracy": 0.6749072929542645,
    "f1": 0.6767197786195642,
    "precision": 0.695684873940338,
    "recall": 0.6749072929542645
  },
  "train_results": {
    "accuracy": 0.895792578792113,
    "f1": 0.8958291121701766,
    "precision": 0.8958932190683541,
    "recall": 0.895792578792113
  },
  "detailed_results": {
    "metadata": {
      "model_name": "KNN",
      "hyperparams": {
        "n_neighbors": 7,
        "weights": "uniform",
        "metric": "euclidean"
      }
    },
    "test_accuracy": 0.6749072929542645,
    "test_f1": 0.6767197786195642,
    "test_precision": 0.695684873940338,
    "test_recall": 0.6749072929542645,
    "train_accuracy": 0.895792578792113,
    "train_f1": 0.8958291121701766,
    "train_precision": 0.8958932190683541,
    "train_recall": 0.895792578792113
  },
  "test_accuracy": 0.6749072929542645,
  "train_accuracy": 0.895792578792113,
  "worker_id": "worker_e03947b95d4438fdb65dfe3c02ad08cd5d411b7b0e9e2be2f0973c46"
}