{
  "task_id": "MLP_(Neural_Network)_39_2262",
  "model_name": "MLP (Neural Network)",
  "fold_id": "39",
  "hyperparams": {
    "hidden_layer_sizes": [
      150,
      50
    ],
    "activation": "tanh",
    "alpha": "0.1"
  },
  "test_results": {
    "accuracy": 0.5139826422372228,
    "f1": 0.4163929482265631,
    "precision": 0.7699416268897199,
    "recall": 0.5139826422372228
  },
  "train_results": {
    "accuracy": 0.9944334990774619,
    "f1": 0.9944324800192316,
    "precision": 0.994437628098989,
    "recall": 0.9944334990774619
  },
  "detailed_results": {
    "metadata": {
      "model_name": "MLP (Neural Network)",
      "hyperparams": {
        "hidden_layer_sizes": [
          150,
          50
        ],
        "activation": "tanh",
        "alpha": 0.1
      }
    },
    "test_accuracy": 0.5139826422372228,
    "test_f1": 0.4163929482265631,
    "test_precision": 0.7699416268897199,
    "test_recall": 0.5139826422372228,
    "train_accuracy": 0.9944334990774619,
    "train_f1": 0.9944324800192316,
    "train_precision": 0.994437628098989,
    "train_recall": 0.9944334990774619
  },
  "test_accuracy": 0.5139826422372228,
  "train_accuracy": 0.9944334990774619,
  "worker_id": "worker_a4d907717a10b9bc8e4270b3e866353296fb45d86598e565a9f8f74a"
}