{
  "task_id": "XGBoost_27_8809",
  "model_name": "XGBoost",
  "fold_id": "27",
  "hyperparams": {
    "n_estimators": "100",
    "max_depth": "6",
    "learning_rate": "0.2",
    "subsample": "0.7"
  },
  "test_results": {
    "accuracy": 0.9118217054263565,
    "f1": 0.911490849232486,
    "precision": 0.9160382114715435,
    "recall": 0.9118217054263565
  },
  "train_results": {
    "accuracy": 0.9820211368895003,
    "f1": 0.9820063855783113,
    "precision": 0.9821083480766862,
    "recall": 0.9820211368895003
  },
  "detailed_results": {
    "metadata": {
      "model_name": "XGBoost",
      "hyperparams": {
        "n_estimators": 100,
        "max_depth": 6,
        "learning_rate": 0.2,
        "subsample": 0.7
      }
    },
    "test_accuracy": 0.9118217054263565,
    "test_f1": 0.911490849232486,
    "test_precision": 0.9160382114715435,
    "test_recall": 0.9118217054263565,
    "train_accuracy": 0.9820211368895003,
    "train_f1": 0.9820063855783113,
    "train_precision": 0.9821083480766862,
    "train_recall": 0.9820211368895003
  },
  "test_accuracy": 0.9118217054263565,
  "train_accuracy": 0.9820211368895003,
  "worker_id": "worker_ca394e59bea5aa39904656f9c9ef3e36618bf0a9c975f3315283bb3e"
}