{
  "task_id": "MLP_(Neural_Network)_10_9244",
  "model_name": "MLP (Neural Network)",
  "fold_id": "10",
  "hyperparams": {
    "hidden_layer_sizes": [
      150,
      50
    ],
    "activation": "tanh",
    "alpha": "0.1"
  },
  "test_results": {
    "accuracy": 0.48303393213572854,
    "f1": 0.3307151295538124,
    "precision": 0.7309751824201186,
    "recall": 0.48303393213572854
  },
  "train_results": {
    "accuracy": 0.9943348440415889,
    "f1": 0.9943354698048361,
    "precision": 0.9943381064347834,
    "recall": 0.9943348440415889
  },
  "detailed_results": {
    "metadata": {
      "model_name": "MLP (Neural Network)",
      "hyperparams": {
        "hidden_layer_sizes": [
          150,
          50
        ],
        "activation": "tanh",
        "alpha": 0.1
      }
    },
    "test_accuracy": 0.48303393213572854,
    "test_f1": 0.3307151295538124,
    "test_precision": 0.7309751824201186,
    "test_recall": 0.48303393213572854,
    "train_accuracy": 0.9943348440415889,
    "train_f1": 0.9943354698048361,
    "train_precision": 0.9943381064347834,
    "train_recall": 0.9943348440415889
  },
  "test_accuracy": 0.48303393213572854,
  "train_accuracy": 0.9943348440415889,
  "worker_id": "worker_4e8f1c6d945b2a1d2aea8e53efc3f78769976538607c3bd85e25ed7e"
}