{
  "task_id": "MLP_(Neural_Network)_0_3213",
  "model_name": "MLP (Neural Network)",
  "fold_id": "0",
  "hyperparams": {
    "hidden_layer_sizes": [
      100
    ],
    "activation": "tanh",
    "alpha": "0.1"
  },
  "test_results": {
    "accuracy": 0.6512695013765678,
    "f1": 0.5966563829553003,
    "precision": 0.7483168759058927,
    "recall": 0.6512695013765678
  },
  "train_results": {
    "accuracy": 0.9861489325937133,
    "f1": 0.9861410902414984,
    "precision": 0.9861938818487905,
    "recall": 0.9861489325937133
  },
  "detailed_results": {
    "metadata": {
      "model_name": "MLP (Neural Network)",
      "hyperparams": {
        "hidden_layer_sizes": [
          100
        ],
        "activation": "tanh",
        "alpha": 0.1
      }
    },
    "test_accuracy": 0.6512695013765678,
    "test_f1": 0.5966563829553003,
    "test_precision": 0.7483168759058927,
    "test_recall": 0.6512695013765678,
    "train_accuracy": 0.9861489325937133,
    "train_f1": 0.9861410902414984,
    "train_precision": 0.9861938818487905,
    "train_recall": 0.9861489325937133
  },
  "test_accuracy": 0.6512695013765678,
  "train_accuracy": 0.9861489325937133,
  "worker_id": "worker_f987dbdab13dde6fbf685aba4fcad16e1428edb07b674695f8c714ba"
}