{
  "task_id": "MLP_(Neural_Network)_5_3213",
  "model_name": "MLP (Neural Network)",
  "fold_id": "5",
  "hyperparams": {
    "hidden_layer_sizes": [
      100
    ],
    "activation": "tanh",
    "alpha": "0.1"
  },
  "test_results": {
    "accuracy": 0.5,
    "f1": 0.333702293560422,
    "precision": 0.7500831393415365,
    "recall": 0.5
  },
  "train_results": {
    "accuracy": 0.977371192428181,
    "f1": 0.9773572198900238,
    "precision": 0.9774045748453892,
    "recall": 0.977371192428181
  },
  "detailed_results": {
    "metadata": {
      "model_name": "MLP (Neural Network)",
      "hyperparams": {
        "hidden_layer_sizes": [
          100
        ],
        "activation": "tanh",
        "alpha": 0.1
      }
    },
    "test_accuracy": 0.5,
    "test_f1": 0.333702293560422,
    "test_precision": 0.7500831393415365,
    "test_recall": 0.5,
    "train_accuracy": 0.977371192428181,
    "train_f1": 0.9773572198900238,
    "train_precision": 0.9774045748453892,
    "train_recall": 0.977371192428181
  },
  "test_accuracy": 0.5,
  "train_accuracy": 0.977371192428181,
  "worker_id": "worker_f987dbdab13dde6fbf685aba4fcad16e1428edb07b674695f8c714ba"
}