{
  "task_id": "XGBoost_36_6323",
  "model_name": "XGBoost",
  "fold_id": "36",
  "hyperparams": {
    "n_estimators": "100",
    "max_depth": "9",
    "learning_rate": "0.2",
    "subsample": "0.7"
  },
  "test_results": {
    "accuracy": 0.5327868852459017,
    "f1": 0.49294609458599464,
    "precision": 0.5399684785805141,
    "recall": 0.5327868852459017
  },
  "train_results": {
    "accuracy": 0.9999375741307198,
    "f1": 0.9999375741307198,
    "precision": 0.9999375741307198,
    "recall": 0.9999375741307198
  },
  "detailed_results": {
    "metadata": {
      "model_name": "XGBoost",
      "hyperparams": {
        "n_estimators": 100,
        "max_depth": 9,
        "learning_rate": 0.2,
        "subsample": 0.7
      }
    },
    "test_accuracy": 0.5327868852459017,
    "test_f1": 0.49294609458599464,
    "test_precision": 0.5399684785805141,
    "test_recall": 0.5327868852459017,
    "train_accuracy": 0.9999375741307198,
    "train_f1": 0.9999375741307198,
    "train_precision": 0.9999375741307198,
    "train_recall": 0.9999375741307198
  },
  "test_accuracy": 0.5327868852459017,
  "train_accuracy": 0.9999375741307198,
  "worker_id": "worker_65e19a6429e7aa385039e52f7b4f91f0633523cced4fb6eef449b5b6"
}