{
  "task_id": "MLP_(Neural_Network)_11_4646",
  "model_name": "MLP (Neural Network)",
  "fold_id": "11",
  "hyperparams": {
    "hidden_layer_sizes": [
      150,
      50
    ],
    "activation": "tanh",
    "alpha": "0.1"
  },
  "test_results": {
    "accuracy": 0.5425709515859767,
    "f1": 0.45691001046275553,
    "precision": 0.7606514848258452,
    "recall": 0.5425709515859767
  },
  "train_results": {
    "accuracy": 0.9923381858156501,
    "f1": 0.9923371198284769,
    "precision": 0.9923389462853859,
    "recall": 0.9923381858156501
  },
  "detailed_results": {
    "metadata": {
      "model_name": "MLP (Neural Network)",
      "hyperparams": {
        "hidden_layer_sizes": [
          150,
          50
        ],
        "activation": "tanh",
        "alpha": 0.1
      }
    },
    "test_accuracy": 0.5425709515859767,
    "test_f1": 0.45691001046275553,
    "test_precision": 0.7606514848258452,
    "test_recall": 0.5425709515859767,
    "train_accuracy": 0.9923381858156501,
    "train_f1": 0.9923371198284769,
    "train_precision": 0.9923389462853859,
    "train_recall": 0.9923381858156501
  },
  "test_accuracy": 0.5425709515859767,
  "train_accuracy": 0.9923381858156501,
  "worker_id": "worker_45148d18c940c1126b99e1962f1f4e7fe213471e5368e7179d766295"
}