{
  "task_id": "MLP_(Neural_Network)_49_2099",
  "model_name": "MLP (Neural Network)",
  "fold_id": "49",
  "hyperparams": {
    "hidden_layer_sizes": [
      100
    ],
    "activation": "tanh",
    "alpha": "0.1"
  },
  "test_results": {
    "accuracy": 0.5875968992248062,
    "f1": 0.5624662269722275,
    "precision": 0.6014253849754724,
    "recall": 0.5875968992248062
  },
  "train_results": {
    "accuracy": 0.9873107522911142,
    "f1": 0.9873084549752228,
    "precision": 0.987312239224789,
    "recall": 0.9873107522911142
  },
  "detailed_results": {
    "metadata": {
      "model_name": "MLP (Neural Network)",
      "hyperparams": {
        "hidden_layer_sizes": [
          100
        ],
        "activation": "tanh",
        "alpha": 0.1
      }
    },
    "test_accuracy": 0.5875968992248062,
    "test_f1": 0.5624662269722275,
    "test_precision": 0.6014253849754724,
    "test_recall": 0.5875968992248062,
    "train_accuracy": 0.9873107522911142,
    "train_f1": 0.9873084549752228,
    "train_precision": 0.987312239224789,
    "train_recall": 0.9873107522911142
  },
  "test_accuracy": 0.5875968992248062,
  "train_accuracy": 0.9873107522911142,
  "worker_id": "worker_b7a70e0aa9c3aeecb65fd22601d3448ea2af533f2f93d0bbbf2d755d"
}