{
  "task_id": "MLP_(Neural_Network)_16_0811",
  "model_name": "MLP (Neural Network)",
  "fold_id": "16",
  "hyperparams": {
    "hidden_layer_sizes": [
      100
    ],
    "activation": "tanh",
    "alpha": "0.1"
  },
  "test_results": {
    "accuracy": 0.48706099815157117,
    "f1": 0.3728558307945476,
    "precision": 0.41175639060457153,
    "recall": 0.48706099815157117
  },
  "train_results": {
    "accuracy": 0.8316735563071527,
    "f1": 0.8297208150466038,
    "precision": 0.8358774506275428,
    "recall": 0.8316735563071527
  },
  "detailed_results": {
    "metadata": {
      "model_name": "MLP (Neural Network)",
      "hyperparams": {
        "hidden_layer_sizes": [
          100
        ],
        "activation": "tanh",
        "alpha": 0.1
      }
    },
    "test_accuracy": 0.48706099815157117,
    "test_f1": 0.3728558307945476,
    "test_precision": 0.41175639060457153,
    "test_recall": 0.48706099815157117,
    "train_accuracy": 0.8316735563071527,
    "train_f1": 0.8297208150466038,
    "train_precision": 0.8358774506275428,
    "train_recall": 0.8316735563071527
  },
  "test_accuracy": 0.48706099815157117,
  "train_accuracy": 0.8316735563071527,
  "worker_id": "worker_7c1a9ac101439b0bd5e960aa8e089f97d8a9785aa104d24c6dda16d3"
}