{
  "task_id": "KNN_38_1641",
  "model_name": "KNN",
  "fold_id": "38",
  "hyperparams": {
    "n_neighbors": 7,
    "weights": "uniform",
    "metric": "euclidean"
  },
  "test_results": {
    "accuracy": 0.5962288686605982,
    "f1": 0.5910627777043945,
    "precision": 0.5971634322467455,
    "recall": 0.5962288686605982
  },
  "train_results": {
    "accuracy": 0.9280847083973546,
    "f1": 0.9280574093999225,
    "precision": 0.928051474830646,
    "recall": 0.9280847083973546
  },
  "detailed_results": {
    "metadata": {
      "model_name": "KNN",
      "hyperparams": {
        "n_neighbors": 7,
        "weights": "uniform",
        "metric": "euclidean"
      }
    },
    "test_accuracy": 0.5962288686605982,
    "test_f1": 0.5910627777043945,
    "test_precision": 0.5971634322467455,
    "test_recall": 0.5962288686605982,
    "train_accuracy": 0.9280847083973546,
    "train_f1": 0.9280574093999225,
    "train_precision": 0.928051474830646,
    "train_recall": 0.9280847083973546
  },
  "test_accuracy": 0.5962288686605982,
  "train_accuracy": 0.9280847083973546,
  "worker_id": "worker_b7a70e0aa9c3aeecb65fd22601d3448ea2af533f2f93d0bbbf2d755d"
}