{
  "task_id": "MLP_(Neural_Network)_40_6123",
  "model_name": "MLP (Neural Network)",
  "fold_id": "40",
  "hyperparams": {
    "hidden_layer_sizes": [
      100
    ],
    "activation": "tanh",
    "alpha": "0.1"
  },
  "test_results": {
    "accuracy": 0.8338557993730408,
    "f1": 0.8338387535432726,
    "precision": 0.8343733121609591,
    "recall": 0.8338557993730408
  },
  "train_results": {
    "accuracy": 0.7794393776824035,
    "f1": 0.7711794729562215,
    "precision": 0.7986666394208507,
    "recall": 0.7794393776824035
  },
  "detailed_results": {
    "metadata": {
      "model_name": "MLP (Neural Network)",
      "hyperparams": {
        "hidden_layer_sizes": [
          100
        ],
        "activation": "tanh",
        "alpha": 0.1
      }
    },
    "test_accuracy": 0.8338557993730408,
    "test_f1": 0.8338387535432726,
    "test_precision": 0.8343733121609591,
    "test_recall": 0.8338557993730408,
    "train_accuracy": 0.7794393776824035,
    "train_f1": 0.7711794729562215,
    "train_precision": 0.7986666394208507,
    "train_recall": 0.7794393776824035
  },
  "test_accuracy": 0.8338557993730408,
  "train_accuracy": 0.7794393776824035,
  "worker_id": "worker_61908f5ba8c832c1827709bbdcfe77ca1725b5d1adf4cc648dcd4604"
}