{
  "task_id": "KNN_0_8447",
  "model_name": "KNN",
  "fold_id": "0",
  "hyperparams": {
    "n_neighbors": 1,
    "weights": "uniform",
    "metric": "euclidean"
  },
  "test_results": {
    "accuracy": 0.5838709677419355,
    "f1": 0.4355493827678992,
    "precision": 0.41364800074477487,
    "recall": 0.5838709677419355
  },
  "train_results": {
    "accuracy": 1.0,
    "f1": 1.0,
    "precision": 1.0,
    "recall": 1.0
  },
  "detailed_results": {
    "metadata": {
      "model_name": "KNN",
      "hyperparams": {
        "n_neighbors": 1,
        "weights": "uniform",
        "metric": "euclidean"
      }
    },
    "test_accuracy": 0.5838709677419355,
    "test_f1": 0.4355493827678992,
    "test_precision": 0.41364800074477487,
    "test_recall": 0.5838709677419355,
    "train_accuracy": 1.0,
    "train_f1": 1.0,
    "train_precision": 1.0,
    "train_recall": 1.0
  },
  "test_accuracy": 0.5838709677419355,
  "train_accuracy": 1.0,
  "worker_id": "worker_c1ba87f79a7ef01d7935c5516df136bb786e1f068ef9c6fe76cf0909"
}