model_name,best_test_accuracy,std_test_accuracy,best_train_accuracy,std_train_accuracy,test_f1,test_precision,test_recall,num_folds,total_tasks,best_hyperparams
MLP (Neural Network),0.9817091015510682,0.0,0.9960308710033076,0.0,0.9817614324855044,0.98211122120124,0.9817091015510682,1,3,"{'hidden_layer_sizes': [200, 100, 50], 'activation': 'tanh', 'alpha': '0.1'}"
SVM,0.9362013462101259,0.0,0.9557148107313488,0.0,0.9364079008100992,0.9378421900889644,0.9362013462101259,1,3,"{'C': '0.1', 'kernel': 'linear', 'gamma': 'auto'}"
XGBoost,0.9013754755633596,0.0,0.9937522969496508,0.0,0.9019544415128402,0.9038112809758612,0.9013754755633596,1,3,"{'n_estimators': '100', 'max_depth': '3', 'learning_rate': '0.2', 'subsample': '0.7'}"
KNN,0.6448639157155399,0.0,0.7651598676957001,0.0,0.6574164887997822,0.6980698080911083,0.6448639157155399,1,3,"{'n_neighbors': 7, 'weights': 'uniform', 'metric': 'euclidean'}"
