{
  "task_id": "MLP_(Neural_Network)_23_0881",
  "model_name": "MLP (Neural Network)",
  "fold_id": "23",
  "hyperparams": {
    "hidden_layer_sizes": [
      150,
      50
    ],
    "activation": "tanh",
    "alpha": "0.1"
  },
  "test_results": {
    "accuracy": 0.7236180904522613,
    "f1": 0.7162909454380245,
    "precision": 0.755343850111996,
    "recall": 0.7236180904522613
  },
  "train_results": {
    "accuracy": 0.800212373902995,
    "f1": 0.788825382828514,
    "precision": 0.8436253212665014,
    "recall": 0.800212373902995
  },
  "detailed_results": {
    "metadata": {
      "model_name": "MLP (Neural Network)",
      "hyperparams": {
        "hidden_layer_sizes": [
          150,
          50
        ],
        "activation": "tanh",
        "alpha": 0.1
      }
    },
    "test_accuracy": 0.7236180904522613,
    "test_f1": 0.7162909454380245,
    "test_precision": 0.755343850111996,
    "test_recall": 0.7236180904522613,
    "train_accuracy": 0.800212373902995,
    "train_f1": 0.788825382828514,
    "train_precision": 0.8436253212665014,
    "train_recall": 0.800212373902995
  },
  "test_accuracy": 0.7236180904522613,
  "train_accuracy": 0.800212373902995,
  "worker_id": "worker_2133e29c8723635bd9298cfda032abadbe950815b21b183a372a762b"
}