{
  "task_id": "XGBoost_38_3312",
  "model_name": "XGBoost",
  "fold_id": "38",
  "hyperparams": {
    "n_estimators": "100",
    "max_depth": "9",
    "learning_rate": "0.2",
    "subsample": "0.7"
  },
  "test_results": {
    "accuracy": 0.6926952141057935,
    "f1": 0.7118226891187796,
    "precision": 0.8281138804568613,
    "recall": 0.6926952141057935
  },
  "train_results": {
    "accuracy": 0.9999379267535692,
    "f1": 0.9999379267535692,
    "precision": 0.9999379267535692,
    "recall": 0.9999379267535692
  },
  "detailed_results": {
    "metadata": {
      "model_name": "XGBoost",
      "hyperparams": {
        "n_estimators": 100,
        "max_depth": 9,
        "learning_rate": 0.2,
        "subsample": 0.7
      }
    },
    "test_accuracy": 0.6926952141057935,
    "test_f1": 0.7118226891187796,
    "test_precision": 0.8281138804568613,
    "test_recall": 0.6926952141057935,
    "train_accuracy": 0.9999379267535692,
    "train_f1": 0.9999379267535692,
    "train_precision": 0.9999379267535692,
    "train_recall": 0.9999379267535692
  },
  "test_accuracy": 0.6926952141057935,
  "train_accuracy": 0.9999379267535692,
  "worker_id": "worker_8217a94ca570b2d1b3a6d14e8bf975b5e1bcee7910192d8575a86d01"
}