{
  "task_id": "XGBoost_46_7132",
  "model_name": "XGBoost",
  "fold_id": "46",
  "hyperparams": {
    "n_estimators": "100",
    "max_depth": "3",
    "learning_rate": "0.2",
    "subsample": "0.7"
  },
  "test_results": {
    "accuracy": 0.6146486308149126,
    "f1": 0.6146355438163972,
    "precision": 0.6160715072633784,
    "recall": 0.6146486308149126
  },
  "train_results": {
    "accuracy": 0.9157189073808492,
    "f1": 0.9153671120823421,
    "precision": 0.9168304401409147,
    "recall": 0.9157189073808492
  },
  "detailed_results": {
    "metadata": {
      "model_name": "XGBoost",
      "hyperparams": {
        "n_estimators": 100,
        "max_depth": 3,
        "learning_rate": 0.2,
        "subsample": 0.7
      }
    },
    "test_accuracy": 0.6146486308149126,
    "test_f1": 0.6146355438163972,
    "test_precision": 0.6160715072633784,
    "test_recall": 0.6146486308149126,
    "train_accuracy": 0.9157189073808492,
    "train_f1": 0.9153671120823421,
    "train_precision": 0.9168304401409147,
    "train_recall": 0.9157189073808492
  },
  "test_accuracy": 0.6146486308149126,
  "train_accuracy": 0.9157189073808492,
  "worker_id": "worker_5b1037d373ebcbc8250f1d1f276c7fcc5590d2b1cad18a982d777369"
}