{
  "task_id": "KNN_2_1641",
  "model_name": "KNN",
  "fold_id": "2",
  "hyperparams": {
    "n_neighbors": 7,
    "weights": "uniform",
    "metric": "euclidean"
  },
  "test_results": {
    "accuracy": 0.4990879241152864,
    "f1": 0.48983628226882475,
    "precision": 0.48662189890114355,
    "recall": 0.4990879241152864
  },
  "train_results": {
    "accuracy": 0.9240577412215506,
    "f1": 0.9239802947559279,
    "precision": 0.92402571928797,
    "recall": 0.9240577412215506
  },
  "detailed_results": {
    "metadata": {
      "model_name": "KNN",
      "hyperparams": {
        "n_neighbors": 7,
        "weights": "uniform",
        "metric": "euclidean"
      }
    },
    "test_accuracy": 0.4990879241152864,
    "test_f1": 0.48983628226882475,
    "test_precision": 0.48662189890114355,
    "test_recall": 0.4990879241152864,
    "train_accuracy": 0.9240577412215506,
    "train_f1": 0.9239802947559279,
    "train_precision": 0.92402571928797,
    "train_recall": 0.9240577412215506
  },
  "test_accuracy": 0.4990879241152864,
  "train_accuracy": 0.9240577412215506,
  "worker_id": "worker_b7a70e0aa9c3aeecb65fd22601d3448ea2af533f2f93d0bbbf2d755d"
}