{
  "task_id": "MLP_(Neural_Network)_5_4646",
  "model_name": "MLP (Neural Network)",
  "fold_id": "5",
  "hyperparams": {
    "hidden_layer_sizes": [
      150,
      50
    ],
    "activation": "tanh",
    "alpha": "0.1"
  },
  "test_results": {
    "accuracy": 0.49966755319148937,
    "f1": 0.3329640134989175,
    "precision": 0.24966766371236987,
    "recall": 0.49966755319148937
  },
  "train_results": {
    "accuracy": 0.9905685529560755,
    "f1": 0.9905641076979483,
    "precision": 0.9905967410496844,
    "recall": 0.9905685529560755
  },
  "detailed_results": {
    "metadata": {
      "model_name": "MLP (Neural Network)",
      "hyperparams": {
        "hidden_layer_sizes": [
          150,
          50
        ],
        "activation": "tanh",
        "alpha": 0.1
      }
    },
    "test_accuracy": 0.49966755319148937,
    "test_f1": 0.3329640134989175,
    "test_precision": 0.24966766371236987,
    "test_recall": 0.49966755319148937,
    "train_accuracy": 0.9905685529560755,
    "train_f1": 0.9905641076979483,
    "train_precision": 0.9905967410496844,
    "train_recall": 0.9905685529560755
  },
  "test_accuracy": 0.49966755319148937,
  "train_accuracy": 0.9905685529560755,
  "worker_id": "worker_9f50cb83a680810c1a1398b2d83a7b1776d9b35866b6979332374f48"
}