{
  "task_id": "XGBoost_45_3537",
  "model_name": "XGBoost",
  "fold_id": "45",
  "hyperparams": {
    "n_estimators": "100",
    "max_depth": "9",
    "learning_rate": "0.2",
    "subsample": "0.7"
  },
  "test_results": {
    "accuracy": 0.7309210526315789,
    "f1": 0.7231955913418912,
    "precision": 0.7643866667072055,
    "recall": 0.7309210526315789
  },
  "train_results": {
    "accuracy": 0.9998999132581571,
    "f1": 0.9998999121871005,
    "precision": 0.9998999313755906,
    "recall": 0.9998999132581571
  },
  "detailed_results": {
    "metadata": {
      "model_name": "XGBoost",
      "hyperparams": {
        "n_estimators": 100,
        "max_depth": 9,
        "learning_rate": 0.2,
        "subsample": 0.7
      }
    },
    "test_accuracy": 0.7309210526315789,
    "test_f1": 0.7231955913418912,
    "test_precision": 0.7643866667072055,
    "test_recall": 0.7309210526315789,
    "train_accuracy": 0.9998999132581571,
    "train_f1": 0.9998999121871005,
    "train_precision": 0.9998999313755906,
    "train_recall": 0.9998999132581571
  },
  "test_accuracy": 0.7309210526315789,
  "train_accuracy": 0.9998999132581571,
  "worker_id": "worker_bae6badfd14ba782d03ebf68e1412519298cc537db7192a4cbdf28c3"
}