{
  "task_id": "KNN_29_3850",
  "model_name": "KNN",
  "fold_id": "29",
  "hyperparams": {
    "n_neighbors": 15,
    "weights": "uniform",
    "metric": "euclidean"
  },
  "test_results": {
    "accuracy": 0.5055350553505535,
    "f1": 0.3583657519460912,
    "precision": 0.38996949729825264,
    "recall": 0.5055350553505535
  },
  "train_results": {
    "accuracy": 0.907015346069527,
    "f1": 0.907049167379922,
    "precision": 0.9071092101806456,
    "recall": 0.907015346069527
  },
  "detailed_results": {
    "metadata": {
      "model_name": "KNN",
      "hyperparams": {
        "n_neighbors": 15,
        "weights": "uniform",
        "metric": "euclidean"
      }
    },
    "test_accuracy": 0.5055350553505535,
    "test_f1": 0.3583657519460912,
    "test_precision": 0.38996949729825264,
    "test_recall": 0.5055350553505535,
    "train_accuracy": 0.907015346069527,
    "train_f1": 0.907049167379922,
    "train_precision": 0.9071092101806456,
    "train_recall": 0.907015346069527
  },
  "test_accuracy": 0.5055350553505535,
  "train_accuracy": 0.907015346069527,
  "worker_id": "worker_088f5273be9e00bf697658f0448b5f1022c17ea79eced88d40cde48f"
}