{
  "task_id": "KNN_20_0124",
  "model_name": "KNN",
  "fold_id": "20",
  "hyperparams": {
    "n_neighbors": 15,
    "weights": "uniform",
    "metric": "euclidean"
  },
  "test_results": {
    "accuracy": 0.6757215619694398,
    "f1": 0.6767813424245487,
    "precision": 0.6812005382968696,
    "recall": 0.6757215619694398
  },
  "train_results": {
    "accuracy": 0.8659749243406831,
    "f1": 0.8660272982003967,
    "precision": 0.866100555354176,
    "recall": 0.8659749243406831
  },
  "detailed_results": {
    "metadata": {
      "model_name": "KNN",
      "hyperparams": {
        "n_neighbors": 15,
        "weights": "uniform",
        "metric": "euclidean"
      }
    },
    "test_accuracy": 0.6757215619694398,
    "test_f1": 0.6767813424245487,
    "test_precision": 0.6812005382968696,
    "test_recall": 0.6757215619694398,
    "train_accuracy": 0.8659749243406831,
    "train_f1": 0.8660272982003967,
    "train_precision": 0.866100555354176,
    "train_recall": 0.8659749243406831
  },
  "test_accuracy": 0.6757215619694398,
  "train_accuracy": 0.8659749243406831,
  "worker_id": "worker_61908f5ba8c832c1827709bbdcfe77ca1725b5d1adf4cc648dcd4604"
}