{
  "task_id": "MLP_(Neural_Network)_39_0881",
  "model_name": "MLP (Neural Network)",
  "fold_id": "39",
  "hyperparams": {
    "hidden_layer_sizes": [
      150,
      50
    ],
    "activation": "tanh",
    "alpha": "0.1"
  },
  "test_results": {
    "accuracy": 0.9508816120906801,
    "f1": 0.9512987553113588,
    "precision": 0.9521656542664894,
    "recall": 0.9508816120906801
  },
  "train_results": {
    "accuracy": 0.8263811297330851,
    "f1": 0.8259127728282958,
    "precision": 0.8538573686172383,
    "recall": 0.8263811297330851
  },
  "detailed_results": {
    "metadata": {
      "model_name": "MLP (Neural Network)",
      "hyperparams": {
        "hidden_layer_sizes": [
          150,
          50
        ],
        "activation": "tanh",
        "alpha": 0.1
      }
    },
    "test_accuracy": 0.9508816120906801,
    "test_f1": 0.9512987553113588,
    "test_precision": 0.9521656542664894,
    "test_recall": 0.9508816120906801,
    "train_accuracy": 0.8263811297330851,
    "train_f1": 0.8259127728282958,
    "train_precision": 0.8538573686172383,
    "train_recall": 0.8263811297330851
  },
  "test_accuracy": 0.9508816120906801,
  "train_accuracy": 0.8263811297330851,
  "worker_id": "worker_ca394e59bea5aa39904656f9c9ef3e36618bf0a9c975f3315283bb3e"
}