{
  "task_id": "MLP_(Neural_Network)_24_2262",
  "model_name": "MLP (Neural Network)",
  "fold_id": "24",
  "hyperparams": {
    "hidden_layer_sizes": [
      150,
      50
    ],
    "activation": "tanh",
    "alpha": "0.1"
  },
  "test_results": {
    "accuracy": 0.5051546391752577,
    "f1": 0.3709023382999124,
    "precision": 0.7580862466442451,
    "recall": 0.5051546391752577
  },
  "train_results": {
    "accuracy": 0.9950230068551038,
    "f1": 0.9950229912027434,
    "precision": 0.9950229775195445,
    "recall": 0.9950230068551038
  },
  "detailed_results": {
    "metadata": {
      "model_name": "MLP (Neural Network)",
      "hyperparams": {
        "hidden_layer_sizes": [
          150,
          50
        ],
        "activation": "tanh",
        "alpha": 0.1
      }
    },
    "test_accuracy": 0.5051546391752577,
    "test_f1": 0.3709023382999124,
    "test_precision": 0.7580862466442451,
    "test_recall": 0.5051546391752577,
    "train_accuracy": 0.9950230068551038,
    "train_f1": 0.9950229912027434,
    "train_precision": 0.9950229775195445,
    "train_recall": 0.9950230068551038
  },
  "test_accuracy": 0.5051546391752577,
  "train_accuracy": 0.9950230068551038,
  "worker_id": "worker_088f5273be9e00bf697658f0448b5f1022c17ea79eced88d40cde48f"
}