{
  "task_id": "XGBoost_48_6531",
  "model_name": "XGBoost",
  "fold_id": "48",
  "hyperparams": {
    "n_estimators": "100",
    "max_depth": "3",
    "learning_rate": "0.2",
    "subsample": "0.7"
  },
  "test_results": {
    "accuracy": 0.5056333219528849,
    "f1": 0.3594727645241267,
    "precision": 0.7547955042752736,
    "recall": 0.5056333219528849
  },
  "train_results": {
    "accuracy": 0.8853581519029416,
    "f1": 0.8850284016016372,
    "precision": 0.8855743658784999,
    "recall": 0.8853581519029416
  },
  "detailed_results": {
    "metadata": {
      "model_name": "XGBoost",
      "hyperparams": {
        "n_estimators": 100,
        "max_depth": 3,
        "learning_rate": 0.2,
        "subsample": 0.7
      }
    },
    "test_accuracy": 0.5056333219528849,
    "test_f1": 0.3594727645241267,
    "test_precision": 0.7547955042752736,
    "test_recall": 0.5056333219528849,
    "train_accuracy": 0.8853581519029416,
    "train_f1": 0.8850284016016372,
    "train_precision": 0.8855743658784999,
    "train_recall": 0.8853581519029416
  },
  "test_accuracy": 0.5056333219528849,
  "train_accuracy": 0.8853581519029416,
  "worker_id": "worker_d39782c0b09c22e40e244262bb1bd3ad13987be1a99c6a2738374dd6"
}