{
  "task_id": "MLP_(Neural_Network)_10_2262",
  "model_name": "MLP (Neural Network)",
  "fold_id": "10",
  "hyperparams": {
    "hidden_layer_sizes": [
      150,
      50
    ],
    "activation": "tanh",
    "alpha": "0.1"
  },
  "test_results": {
    "accuracy": 0.5670731707317073,
    "f1": 0.4599496753092758,
    "precision": 0.765747809832669,
    "recall": 0.5670731707317073
  },
  "train_results": {
    "accuracy": 0.9947593045879621,
    "f1": 0.9947599256131824,
    "precision": 0.9947635533584759,
    "recall": 0.9947593045879621
  },
  "detailed_results": {
    "metadata": {
      "model_name": "MLP (Neural Network)",
      "hyperparams": {
        "hidden_layer_sizes": [
          150,
          50
        ],
        "activation": "tanh",
        "alpha": 0.1
      }
    },
    "test_accuracy": 0.5670731707317073,
    "test_f1": 0.4599496753092758,
    "test_precision": 0.765747809832669,
    "test_recall": 0.5670731707317073,
    "train_accuracy": 0.9947593045879621,
    "train_f1": 0.9947599256131824,
    "train_precision": 0.9947635533584759,
    "train_recall": 0.9947593045879621
  },
  "test_accuracy": 0.5670731707317073,
  "train_accuracy": 0.9947593045879621,
  "worker_id": "worker_4e14dc46a08906fa60bdb891bcda8546f326d498cdbe43f8d26d67e5"
}