{
  "task_id": "XGBoost_4_8809",
  "model_name": "XGBoost",
  "fold_id": "4",
  "hyperparams": {
    "n_estimators": "100",
    "max_depth": "6",
    "learning_rate": "0.2",
    "subsample": "0.7"
  },
  "test_results": {
    "accuracy": 0.8023032629558541,
    "f1": 0.8018459962665864,
    "precision": 0.8078830856020268,
    "recall": 0.8023032629558541
  },
  "train_results": {
    "accuracy": 0.987395220818216,
    "f1": 0.9873887802611011,
    "precision": 0.9874317281749615,
    "recall": 0.987395220818216
  },
  "detailed_results": {
    "metadata": {
      "model_name": "XGBoost",
      "hyperparams": {
        "n_estimators": 100,
        "max_depth": 6,
        "learning_rate": 0.2,
        "subsample": 0.7
      }
    },
    "test_accuracy": 0.8023032629558541,
    "test_f1": 0.8018459962665864,
    "test_precision": 0.8078830856020268,
    "test_recall": 0.8023032629558541,
    "train_accuracy": 0.987395220818216,
    "train_f1": 0.9873887802611011,
    "train_precision": 0.9874317281749615,
    "train_recall": 0.987395220818216
  },
  "test_accuracy": 0.8023032629558541,
  "train_accuracy": 0.987395220818216,
  "worker_id": "worker_df7652a11184d5eb9e230c37f63d9255fc8711fac8185d270a25f597"
}