{
  "task_id": "KNN_44_9928",
  "model_name": "KNN",
  "fold_id": "44",
  "hyperparams": {
    "n_neighbors": 7,
    "weights": "uniform",
    "metric": "euclidean"
  },
  "test_results": {
    "accuracy": 0.7745349583066068,
    "f1": 0.7744133357523313,
    "precision": 0.776119999354763,
    "recall": 0.7745349583066068
  },
  "train_results": {
    "accuracy": 0.8956382124698956,
    "f1": 0.8957058302048094,
    "precision": 0.8958478115786024,
    "recall": 0.8956382124698956
  },
  "detailed_results": {
    "metadata": {
      "model_name": "KNN",
      "hyperparams": {
        "n_neighbors": 7,
        "weights": "uniform",
        "metric": "euclidean"
      }
    },
    "test_accuracy": 0.7745349583066068,
    "test_f1": 0.7744133357523313,
    "test_precision": 0.776119999354763,
    "test_recall": 0.7745349583066068,
    "train_accuracy": 0.8956382124698956,
    "train_f1": 0.8957058302048094,
    "train_precision": 0.8958478115786024,
    "train_recall": 0.8956382124698956
  },
  "test_accuracy": 0.7745349583066068,
  "train_accuracy": 0.8956382124698956,
  "worker_id": "worker_1c30d618a35468f978c660a1d22b91a5cb0f45605bf7bb8ceb4bce16"
}