{
  "task_id": "XGBoost_25_4738",
  "model_name": "XGBoost",
  "fold_id": "25",
  "hyperparams": {
    "n_estimators": "100",
    "max_depth": "9",
    "learning_rate": "0.2",
    "subsample": "0.7"
  },
  "test_results": {
    "accuracy": 0.5215462610899874,
    "f1": 0.40647620571544424,
    "precision": 0.6808369455269542,
    "recall": 0.5215462610899874
  },
  "train_results": {
    "accuracy": 0.9999665081385224,
    "f1": 0.999966508015702,
    "precision": 0.9999665101628114,
    "recall": 0.9999665081385224
  },
  "detailed_results": {
    "metadata": {
      "model_name": "XGBoost",
      "hyperparams": {
        "n_estimators": 100,
        "max_depth": 9,
        "learning_rate": 0.2,
        "subsample": 0.7
      }
    },
    "test_accuracy": 0.5215462610899874,
    "test_f1": 0.40647620571544424,
    "test_precision": 0.6808369455269542,
    "test_recall": 0.5215462610899874,
    "train_accuracy": 0.9999665081385224,
    "train_f1": 0.999966508015702,
    "train_precision": 0.9999665101628114,
    "train_recall": 0.9999665081385224
  },
  "test_accuracy": 0.5215462610899874,
  "train_accuracy": 0.9999665081385224,
  "worker_id": "worker_dfdcfdb3249565d6196f959fa2016d6332a409bcfa102470956dc184"
}