{
  "task_id": "MLP_(Neural_Network)_13_8410",
  "model_name": "MLP (Neural Network)",
  "fold_id": "13",
  "hyperparams": {
    "hidden_layer_sizes": [
      100
    ],
    "activation": "tanh",
    "alpha": "0.1"
  },
  "test_results": {
    "accuracy": 0.588957055214724,
    "f1": 0.5119511164283355,
    "precision": 0.776850954926512,
    "recall": 0.588957055214724
  },
  "train_results": {
    "accuracy": 0.983434254698334,
    "f1": 0.9834249588563533,
    "precision": 0.9834722729136153,
    "recall": 0.983434254698334
  },
  "detailed_results": {
    "metadata": {
      "model_name": "MLP (Neural Network)",
      "hyperparams": {
        "hidden_layer_sizes": [
          100
        ],
        "activation": "tanh",
        "alpha": 0.1
      }
    },
    "test_accuracy": 0.588957055214724,
    "test_f1": 0.5119511164283355,
    "test_precision": 0.776850954926512,
    "test_recall": 0.588957055214724,
    "train_accuracy": 0.983434254698334,
    "train_f1": 0.9834249588563533,
    "train_precision": 0.9834722729136153,
    "train_recall": 0.983434254698334
  },
  "test_accuracy": 0.588957055214724,
  "train_accuracy": 0.983434254698334,
  "worker_id": "worker_6899fb3747df32845309131254a28f98b2ed42f6e5f22d1c2017d7b4"
}