{
  "task_id": "XGBoost_5_7969",
  "model_name": "XGBoost",
  "fold_id": "5",
  "hyperparams": {
    "n_estimators": "100",
    "max_depth": "6",
    "learning_rate": "0.2",
    "subsample": "0.7"
  },
  "test_results": {
    "accuracy": 0.5607655502392345,
    "f1": 0.5359010371256903,
    "precision": 0.5697522358220235,
    "recall": 0.5607655502392345
  },
  "train_results": {
    "accuracy": 0.9823579092245613,
    "f1": 0.9823491820962783,
    "precision": 0.9823865512023191,
    "recall": 0.9823579092245613
  },
  "detailed_results": {
    "metadata": {
      "model_name": "XGBoost",
      "hyperparams": {
        "n_estimators": 100,
        "max_depth": 6,
        "learning_rate": 0.2,
        "subsample": 0.7
      }
    },
    "test_accuracy": 0.5607655502392345,
    "test_f1": 0.5359010371256903,
    "test_precision": 0.5697522358220235,
    "test_recall": 0.5607655502392345,
    "train_accuracy": 0.9823579092245613,
    "train_f1": 0.9823491820962783,
    "train_precision": 0.9823865512023191,
    "train_recall": 0.9823579092245613
  },
  "test_accuracy": 0.5607655502392345,
  "train_accuracy": 0.9823579092245613,
  "worker_id": "worker_39de6c54999b50e73a87bd39702f04b3c05569ee65510fdaf9a2d5e2"
}