{
  "task_id": "KNN_12_3850",
  "model_name": "KNN",
  "fold_id": "12",
  "hyperparams": {
    "n_neighbors": 15,
    "weights": "uniform",
    "metric": "euclidean"
  },
  "test_results": {
    "accuracy": 0.5533980582524272,
    "f1": 0.5469359927498643,
    "precision": 0.5544331024699551,
    "recall": 0.5533980582524272
  },
  "train_results": {
    "accuracy": 0.9016028355446818,
    "f1": 0.90160680788678,
    "precision": 0.9016110823001567,
    "recall": 0.9016028355446818
  },
  "detailed_results": {
    "metadata": {
      "model_name": "KNN",
      "hyperparams": {
        "n_neighbors": 15,
        "weights": "uniform",
        "metric": "euclidean"
      }
    },
    "test_accuracy": 0.5533980582524272,
    "test_f1": 0.5469359927498643,
    "test_precision": 0.5544331024699551,
    "test_recall": 0.5533980582524272,
    "train_accuracy": 0.9016028355446818,
    "train_f1": 0.90160680788678,
    "train_precision": 0.9016110823001567,
    "train_recall": 0.9016028355446818
  },
  "test_accuracy": 0.5533980582524272,
  "train_accuracy": 0.9016028355446818,
  "worker_id": "worker_a4d907717a10b9bc8e4270b3e866353296fb45d86598e565a9f8f74a"
}