{
  "task_id": "XGBoost_0_5116",
  "model_name": "XGBoost",
  "fold_id": "0",
  "hyperparams": {
    "n_estimators": "100",
    "max_depth": "6",
    "learning_rate": "0.2",
    "subsample": "0.7"
  },
  "test_results": {
    "accuracy": 0.9032777290020486,
    "f1": 0.9037013598665725,
    "precision": 0.9052339873344215,
    "recall": 0.9032777290020486
  },
  "train_results": {
    "accuracy": 1.0,
    "f1": 1.0,
    "precision": 1.0,
    "recall": 1.0
  },
  "detailed_results": {
    "metadata": {
      "model_name": "XGBoost",
      "hyperparams": {
        "n_estimators": 100,
        "max_depth": 6,
        "learning_rate": 0.2,
        "subsample": 0.7
      }
    },
    "test_accuracy": 0.9032777290020486,
    "test_f1": 0.9037013598665725,
    "test_precision": 0.9052339873344215,
    "test_recall": 0.9032777290020486,
    "train_accuracy": 1.0,
    "train_f1": 1.0,
    "train_precision": 1.0,
    "train_recall": 1.0
  },
  "test_accuracy": 0.9032777290020486,
  "train_accuracy": 1.0,
  "worker_id": "worker_aae7f83dd14df54a8973b135a4d734f97ba8e1132ab4ba855984f07e"
}