{
  "task_id": "XGBoost_37_6323",
  "model_name": "XGBoost",
  "fold_id": "37",
  "hyperparams": {
    "n_estimators": "100",
    "max_depth": "9",
    "learning_rate": "0.2",
    "subsample": "0.7"
  },
  "test_results": {
    "accuracy": 0.4916593503072871,
    "f1": 0.49174086885503615,
    "precision": 0.4919504526563565,
    "recall": 0.4916593503072871
  },
  "train_results": {
    "accuracy": 0.9999058823529412,
    "f1": 0.999905882058266,
    "precision": 0.9999058837513002,
    "recall": 0.9999058823529412
  },
  "detailed_results": {
    "metadata": {
      "model_name": "XGBoost",
      "hyperparams": {
        "n_estimators": 100,
        "max_depth": 9,
        "learning_rate": 0.2,
        "subsample": 0.7
      }
    },
    "test_accuracy": 0.4916593503072871,
    "test_f1": 0.49174086885503615,
    "test_precision": 0.4919504526563565,
    "test_recall": 0.4916593503072871,
    "train_accuracy": 0.9999058823529412,
    "train_f1": 0.999905882058266,
    "train_precision": 0.9999058837513002,
    "train_recall": 0.9999058823529412
  },
  "test_accuracy": 0.4916593503072871,
  "train_accuracy": 0.9999058823529412,
  "worker_id": "worker_e1233462eb0132d610df65c88f21250bb532d995dd89733fde2d29be"
}