{
  "task_id": "XGBoost_41_8809",
  "model_name": "XGBoost",
  "fold_id": "41",
  "hyperparams": {
    "n_estimators": "100",
    "max_depth": "6",
    "learning_rate": "0.2",
    "subsample": "0.7"
  },
  "test_results": {
    "accuracy": 0.6117073170731707,
    "f1": 0.6120488506980064,
    "precision": 0.6206521313043409,
    "recall": 0.6117073170731707
  },
  "train_results": {
    "accuracy": 0.98455719153459,
    "f1": 0.9845432794447062,
    "precision": 0.984663235522512,
    "recall": 0.98455719153459
  },
  "detailed_results": {
    "metadata": {
      "model_name": "XGBoost",
      "hyperparams": {
        "n_estimators": 100,
        "max_depth": 6,
        "learning_rate": 0.2,
        "subsample": 0.7
      }
    },
    "test_accuracy": 0.6117073170731707,
    "test_f1": 0.6120488506980064,
    "test_precision": 0.6206521313043409,
    "test_recall": 0.6117073170731707,
    "train_accuracy": 0.98455719153459,
    "train_f1": 0.9845432794447062,
    "train_precision": 0.984663235522512,
    "train_recall": 0.98455719153459
  },
  "test_accuracy": 0.6117073170731707,
  "train_accuracy": 0.98455719153459,
  "worker_id": "worker_7874d60be3a9f4290f802c26f541466732c76c84c3c6362e98286dfd"
}