{
  "task_id": "MLP_(Neural_Network)_6_0811",
  "model_name": "MLP (Neural Network)",
  "fold_id": "6",
  "hyperparams": {
    "hidden_layer_sizes": [
      100
    ],
    "activation": "tanh",
    "alpha": "0.1"
  },
  "test_results": {
    "accuracy": 0.7636986301369864,
    "f1": 0.7634321248326295,
    "precision": 0.7643158949565074,
    "recall": 0.7636986301369864
  },
  "train_results": {
    "accuracy": 0.7972743829680337,
    "f1": 0.7930122595664989,
    "precision": 0.806328549333096,
    "recall": 0.7972743829680337
  },
  "detailed_results": {
    "metadata": {
      "model_name": "MLP (Neural Network)",
      "hyperparams": {
        "hidden_layer_sizes": [
          100
        ],
        "activation": "tanh",
        "alpha": 0.1
      }
    },
    "test_accuracy": 0.7636986301369864,
    "test_f1": 0.7634321248326295,
    "test_precision": 0.7643158949565074,
    "test_recall": 0.7636986301369864,
    "train_accuracy": 0.7972743829680337,
    "train_f1": 0.7930122595664989,
    "train_precision": 0.806328549333096,
    "train_recall": 0.7972743829680337
  },
  "test_accuracy": 0.7636986301369864,
  "train_accuracy": 0.7972743829680337,
  "worker_id": "worker_2fa0c7efa1687a00c91a813cf607851f55f612fa98508602a1257014"
}