{
  "task_id": "KNN_41_3824",
  "model_name": "KNN",
  "fold_id": "41",
  "hyperparams": {
    "n_neighbors": 7,
    "weights": "uniform",
    "metric": "euclidean"
  },
  "test_results": {
    "accuracy": 0.7278048780487805,
    "f1": 0.7278048780487805,
    "precision": 0.7404170881570566,
    "recall": 0.7278048780487805
  },
  "train_results": {
    "accuracy": 0.8940885929538279,
    "f1": 0.8940932781274198,
    "precision": 0.8940983084112749,
    "recall": 0.8940885929538279
  },
  "detailed_results": {
    "metadata": {
      "model_name": "KNN",
      "hyperparams": {
        "n_neighbors": 7,
        "weights": "uniform",
        "metric": "euclidean"
      }
    },
    "test_accuracy": 0.7278048780487805,
    "test_f1": 0.7278048780487805,
    "test_precision": 0.7404170881570566,
    "test_recall": 0.7278048780487805,
    "train_accuracy": 0.8940885929538279,
    "train_f1": 0.8940932781274198,
    "train_precision": 0.8940983084112749,
    "train_recall": 0.8940885929538279
  },
  "test_accuracy": 0.7278048780487805,
  "train_accuracy": 0.8940885929538279,
  "worker_id": "worker_7c1a9ac101439b0bd5e960aa8e089f97d8a9785aa104d24c6dda16d3"
}