{
  "task_id": "MLP_(Neural_Network)_1_1411",
  "model_name": "MLP (Neural Network)",
  "fold_id": "1",
  "hyperparams": {
    "hidden_layer_sizes": [
      100
    ],
    "activation": "tanh",
    "alpha": "0.1"
  },
  "test_results": {
    "accuracy": 0.6998357963875205,
    "f1": 0.6828026000032724,
    "precision": 0.7257579574153246,
    "recall": 0.6998357963875205
  },
  "train_results": {
    "accuracy": 0.8240181520904936,
    "f1": 0.8215118018681935,
    "precision": 0.8298034190658777,
    "recall": 0.8240181520904936
  },
  "detailed_results": {
    "metadata": {
      "model_name": "MLP (Neural Network)",
      "hyperparams": {
        "hidden_layer_sizes": [
          100
        ],
        "activation": "tanh",
        "alpha": 0.1
      }
    },
    "test_accuracy": 0.6998357963875205,
    "test_f1": 0.6828026000032724,
    "test_precision": 0.7257579574153246,
    "test_recall": 0.6998357963875205,
    "train_accuracy": 0.8240181520904936,
    "train_f1": 0.8215118018681935,
    "train_precision": 0.8298034190658777,
    "train_recall": 0.8240181520904936
  },
  "test_accuracy": 0.6998357963875205,
  "train_accuracy": 0.8240181520904936,
  "worker_id": "worker_84500852f2197d11bd09f664d4d6cbecce295620b6659cb1f10cac9a"
}