{
  "task_id": "XGBoost_4_6531",
  "model_name": "XGBoost",
  "fold_id": "4",
  "hyperparams": {
    "n_estimators": "100",
    "max_depth": "3",
    "learning_rate": "0.2",
    "subsample": "0.7"
  },
  "test_results": {
    "accuracy": 0.5394277739009072,
    "f1": 0.39187384465433744,
    "precision": 0.6949831936425249,
    "recall": 0.5394277739009072
  },
  "train_results": {
    "accuracy": 0.8838728937242935,
    "f1": 0.8835575589618413,
    "precision": 0.8841322943124532,
    "recall": 0.8838728937242935
  },
  "detailed_results": {
    "metadata": {
      "model_name": "XGBoost",
      "hyperparams": {
        "n_estimators": 100,
        "max_depth": 3,
        "learning_rate": 0.2,
        "subsample": 0.7
      }
    },
    "test_accuracy": 0.5394277739009072,
    "test_f1": 0.39187384465433744,
    "test_precision": 0.6949831936425249,
    "test_recall": 0.5394277739009072,
    "train_accuracy": 0.8838728937242935,
    "train_f1": 0.8835575589618413,
    "train_precision": 0.8841322943124532,
    "train_recall": 0.8838728937242935
  },
  "test_accuracy": 0.5394277739009072,
  "train_accuracy": 0.8838728937242935,
  "worker_id": "worker_d39782c0b09c22e40e244262bb1bd3ad13987be1a99c6a2738374dd6"
}