{
  "task_id": "XGBoost_30_4735",
  "model_name": "XGBoost",
  "fold_id": "30",
  "hyperparams": {
    "n_estimators": "100",
    "max_depth": "3",
    "learning_rate": "0.2",
    "subsample": "0.7"
  },
  "test_results": {
    "accuracy": 0.4928774928774929,
    "f1": 0.404340033186187,
    "precision": 0.48868338203815165,
    "recall": 0.4928774928774929
  },
  "train_results": {
    "accuracy": 0.8896467569850756,
    "f1": 0.8894350542523138,
    "precision": 0.8897175420960508,
    "recall": 0.8896467569850756
  },
  "detailed_results": {
    "metadata": {
      "model_name": "XGBoost",
      "hyperparams": {
        "n_estimators": 100,
        "max_depth": 3,
        "learning_rate": 0.2,
        "subsample": 0.7
      }
    },
    "test_accuracy": 0.4928774928774929,
    "test_f1": 0.404340033186187,
    "test_precision": 0.48868338203815165,
    "test_recall": 0.4928774928774929,
    "train_accuracy": 0.8896467569850756,
    "train_f1": 0.8894350542523138,
    "train_precision": 0.8897175420960508,
    "train_recall": 0.8896467569850756
  },
  "test_accuracy": 0.4928774928774929,
  "train_accuracy": 0.8896467569850756,
  "worker_id": "worker_a4d907717a10b9bc8e4270b3e866353296fb45d86598e565a9f8f74a"
}