{
  "task_id": "XGBoost_1_9435",
  "model_name": "XGBoost",
  "fold_id": "1",
  "hyperparams": {
    "n_estimators": "100",
    "max_depth": "9",
    "learning_rate": "0.2",
    "subsample": "0.7"
  },
  "test_results": {
    "accuracy": 0.5983579638752052,
    "f1": 0.5169565608496293,
    "precision": 0.6821547800283396,
    "recall": 0.5983579638752052
  },
  "train_results": {
    "accuracy": 1.0,
    "f1": 1.0,
    "precision": 1.0,
    "recall": 1.0
  },
  "detailed_results": {
    "metadata": {
      "model_name": "XGBoost",
      "hyperparams": {
        "n_estimators": 100,
        "max_depth": 9,
        "learning_rate": 0.2,
        "subsample": 0.7
      }
    },
    "test_accuracy": 0.5983579638752052,
    "test_f1": 0.5169565608496293,
    "test_precision": 0.6821547800283396,
    "test_recall": 0.5983579638752052,
    "train_accuracy": 1.0,
    "train_f1": 1.0,
    "train_precision": 1.0,
    "train_recall": 1.0
  },
  "test_accuracy": 0.5983579638752052,
  "train_accuracy": 1.0,
  "worker_id": "worker_adca1530e722911fd9bd4f354294dd4dbd43f1dead4136ba6e8f4fbf"
}