{
  "task_id": "XGBoost_43_1915",
  "model_name": "XGBoost",
  "fold_id": "43",
  "hyperparams": {
    "n_estimators": "100",
    "max_depth": "3",
    "learning_rate": "0.2",
    "subsample": "0.7"
  },
  "test_results": {
    "accuracy": 0.6634819532908705,
    "f1": 0.6234569731655366,
    "precision": 0.7150790600843191,
    "recall": 0.6634819532908705
  },
  "train_results": {
    "accuracy": 0.9047455724619606,
    "f1": 0.90435765199813,
    "precision": 0.9057008612997156,
    "recall": 0.9047455724619606
  },
  "detailed_results": {
    "metadata": {
      "model_name": "XGBoost",
      "hyperparams": {
        "n_estimators": 100,
        "max_depth": 3,
        "learning_rate": 0.2,
        "subsample": 0.7
      }
    },
    "test_accuracy": 0.6634819532908705,
    "test_f1": 0.6234569731655366,
    "test_precision": 0.7150790600843191,
    "test_recall": 0.6634819532908705,
    "train_accuracy": 0.9047455724619606,
    "train_f1": 0.90435765199813,
    "train_precision": 0.9057008612997156,
    "train_recall": 0.9047455724619606
  },
  "test_accuracy": 0.6634819532908705,
  "train_accuracy": 0.9047455724619606,
  "worker_id": "worker_3c10fe8eb5d81f034c90caef0a289ec47dd9b6186ae43e3f10d19d0e"
}