{
  "task_id": "MLP_(Neural_Network)_1_9244",
  "model_name": "MLP (Neural Network)",
  "fold_id": "1",
  "hyperparams": {
    "hidden_layer_sizes": [
      150,
      50
    ],
    "activation": "tanh",
    "alpha": "0.1"
  },
  "test_results": {
    "accuracy": 0.5619218143837661,
    "f1": 0.5464045067775921,
    "precision": 0.5919159153773172,
    "recall": 0.5619218143837661
  },
  "train_results": {
    "accuracy": 0.9918416882985538,
    "f1": 0.9918376528180102,
    "precision": 0.9918795948973992,
    "recall": 0.9918416882985538
  },
  "detailed_results": {
    "metadata": {
      "model_name": "MLP (Neural Network)",
      "hyperparams": {
        "hidden_layer_sizes": [
          150,
          50
        ],
        "activation": "tanh",
        "alpha": 0.1
      }
    },
    "test_accuracy": 0.5619218143837661,
    "test_f1": 0.5464045067775921,
    "test_precision": 0.5919159153773172,
    "test_recall": 0.5619218143837661,
    "train_accuracy": 0.9918416882985538,
    "train_f1": 0.9918376528180102,
    "train_precision": 0.9918795948973992,
    "train_recall": 0.9918416882985538
  },
  "test_accuracy": 0.5619218143837661,
  "train_accuracy": 0.9918416882985538,
  "worker_id": "worker_d39782c0b09c22e40e244262bb1bd3ad13987be1a99c6a2738374dd6"
}