{
  "task_id": "KNN_21_7516",
  "model_name": "KNN",
  "fold_id": "21",
  "hyperparams": {
    "n_neighbors": 7,
    "weights": "uniform",
    "metric": "euclidean"
  },
  "test_results": {
    "accuracy": 0.5418848167539267,
    "f1": 0.5392228672261725,
    "precision": 0.5505403907037726,
    "recall": 0.5418848167539267
  },
  "train_results": {
    "accuracy": 0.9215513995230326,
    "f1": 0.9215621693713892,
    "precision": 0.921576806941417,
    "recall": 0.9215513995230326
  },
  "detailed_results": {
    "metadata": {
      "model_name": "KNN",
      "hyperparams": {
        "n_neighbors": 7,
        "weights": "uniform",
        "metric": "euclidean"
      }
    },
    "test_accuracy": 0.5418848167539267,
    "test_f1": 0.5392228672261725,
    "test_precision": 0.5505403907037726,
    "test_recall": 0.5418848167539267,
    "train_accuracy": 0.9215513995230326,
    "train_f1": 0.9215621693713892,
    "train_precision": 0.921576806941417,
    "train_recall": 0.9215513995230326
  },
  "test_accuracy": 0.5418848167539267,
  "train_accuracy": 0.9215513995230326,
  "worker_id": "worker_ecf8fd858b66b032af1ca7e3af6682df65fb77b7e8bc47c0e0e2ab29"
}