{
  "task_id": "XGBoost_22_1915",
  "model_name": "XGBoost",
  "fold_id": "22",
  "hyperparams": {
    "n_estimators": "100",
    "max_depth": "3",
    "learning_rate": "0.2",
    "subsample": "0.7"
  },
  "test_results": {
    "accuracy": 0.7137870855148342,
    "f1": 0.6885440134669348,
    "precision": 0.7814752851420215,
    "recall": 0.7137870855148342
  },
  "train_results": {
    "accuracy": 0.9053909878247772,
    "f1": 0.904973821710321,
    "precision": 0.9066412978776696,
    "recall": 0.9053909878247772
  },
  "detailed_results": {
    "metadata": {
      "model_name": "XGBoost",
      "hyperparams": {
        "n_estimators": 100,
        "max_depth": 3,
        "learning_rate": 0.2,
        "subsample": 0.7
      }
    },
    "test_accuracy": 0.7137870855148342,
    "test_f1": 0.6885440134669348,
    "test_precision": 0.7814752851420215,
    "test_recall": 0.7137870855148342,
    "train_accuracy": 0.9053909878247772,
    "train_f1": 0.904973821710321,
    "train_precision": 0.9066412978776696,
    "train_recall": 0.9053909878247772
  },
  "test_accuracy": 0.7137870855148342,
  "train_accuracy": 0.9053909878247772,
  "worker_id": "worker_9d471787b59d1749aae4df7dc9ef9b93d30cc26f631a20b649efc2e7"
}