{
  "task_id": "XGBoost_21_0310",
  "model_name": "XGBoost",
  "fold_id": "21",
  "hyperparams": {
    "n_estimators": "100",
    "max_depth": "6",
    "learning_rate": "0.2",
    "subsample": "0.7"
  },
  "test_results": {
    "accuracy": 0.5809811827956989,
    "f1": 0.4780077570995358,
    "precision": 0.7649283040955142,
    "recall": 0.5809811827956989
  },
  "train_results": {
    "accuracy": 0.9751980824289234,
    "f1": 0.9751863590412225,
    "precision": 0.9752144781998296,
    "recall": 0.9751980824289234
  },
  "detailed_results": {
    "metadata": {
      "model_name": "XGBoost",
      "hyperparams": {
        "n_estimators": 100,
        "max_depth": 6,
        "learning_rate": 0.2,
        "subsample": 0.7
      }
    },
    "test_accuracy": 0.5809811827956989,
    "test_f1": 0.4780077570995358,
    "test_precision": 0.7649283040955142,
    "test_recall": 0.5809811827956989,
    "train_accuracy": 0.9751980824289234,
    "train_f1": 0.9751863590412225,
    "train_precision": 0.9752144781998296,
    "train_recall": 0.9751980824289234
  },
  "test_accuracy": 0.5809811827956989,
  "train_accuracy": 0.9751980824289234,
  "worker_id": "worker_822f1375dcad0e6f7657734a1ea26ba83e4ea4ac0371dfc1095e9854"
}