{
  "task_id": "KNN_29_3824",
  "model_name": "KNN",
  "fold_id": "29",
  "hyperparams": {
    "n_neighbors": 7,
    "weights": "uniform",
    "metric": "euclidean"
  },
  "test_results": {
    "accuracy": 0.7909002904162633,
    "f1": 0.7895649494357726,
    "precision": 0.7969662560460379,
    "recall": 0.7909002904162633
  },
  "train_results": {
    "accuracy": 0.8939370251086582,
    "f1": 0.8940138588858119,
    "precision": 0.8942076061103917,
    "recall": 0.8939370251086582
  },
  "detailed_results": {
    "metadata": {
      "model_name": "KNN",
      "hyperparams": {
        "n_neighbors": 7,
        "weights": "uniform",
        "metric": "euclidean"
      }
    },
    "test_accuracy": 0.7909002904162633,
    "test_f1": 0.7895649494357726,
    "test_precision": 0.7969662560460379,
    "test_recall": 0.7909002904162633,
    "train_accuracy": 0.8939370251086582,
    "train_f1": 0.8940138588858119,
    "train_precision": 0.8942076061103917,
    "train_recall": 0.8939370251086582
  },
  "test_accuracy": 0.7909002904162633,
  "train_accuracy": 0.8939370251086582,
  "worker_id": "worker_7c1a9ac101439b0bd5e960aa8e089f97d8a9785aa104d24c6dda16d3"
}