{
  "task_id": "MLP_(Neural_Network)_25_2262",
  "model_name": "MLP (Neural Network)",
  "fold_id": "25",
  "hyperparams": {
    "hidden_layer_sizes": [
      150,
      50
    ],
    "activation": "tanh",
    "alpha": "0.1"
  },
  "test_results": {
    "accuracy": 0.4961315280464217,
    "f1": 0.3374370482000636,
    "precision": 0.7519945630247982,
    "recall": 0.4961315280464217
  },
  "train_results": {
    "accuracy": 0.9937148217636023,
    "f1": 0.9937131998989254,
    "precision": 0.9937244639098528,
    "recall": 0.9937148217636023
  },
  "detailed_results": {
    "metadata": {
      "model_name": "MLP (Neural Network)",
      "hyperparams": {
        "hidden_layer_sizes": [
          150,
          50
        ],
        "activation": "tanh",
        "alpha": 0.1
      }
    },
    "test_accuracy": 0.4961315280464217,
    "test_f1": 0.3374370482000636,
    "test_precision": 0.7519945630247982,
    "test_recall": 0.4961315280464217,
    "train_accuracy": 0.9937148217636023,
    "train_f1": 0.9937131998989254,
    "train_precision": 0.9937244639098528,
    "train_recall": 0.9937148217636023
  },
  "test_accuracy": 0.4961315280464217,
  "train_accuracy": 0.9937148217636023,
  "worker_id": "worker_8351408ab5ac6d7ec0ddef4ab6d6d7258c4be6f3ba76699a89134a3e"
}