{
  "task_id": "KNN_0_6092",
  "model_name": "KNN",
  "fold_id": "0",
  "hyperparams": {
    "n_neighbors": 1,
    "weights": "uniform",
    "metric": "euclidean"
  },
  "test_results": {
    "accuracy": 0.5781584582441114,
    "f1": 0.574557703319782,
    "precision": 0.594437647585259,
    "recall": 0.5781584582441114
  },
  "train_results": {
    "accuracy": 1.0,
    "f1": 1.0,
    "precision": 1.0,
    "recall": 1.0
  },
  "detailed_results": {
    "metadata": {
      "model_name": "KNN",
      "hyperparams": {
        "n_neighbors": 1,
        "weights": "uniform",
        "metric": "euclidean"
      }
    },
    "test_accuracy": 0.5781584582441114,
    "test_f1": 0.574557703319782,
    "test_precision": 0.594437647585259,
    "test_recall": 0.5781584582441114,
    "train_accuracy": 1.0,
    "train_f1": 1.0,
    "train_precision": 1.0,
    "train_recall": 1.0
  },
  "test_accuracy": 0.5781584582441114,
  "train_accuracy": 1.0,
  "worker_id": "worker_12eea12368ac7882fafce39d03fdc7019df4f30fde2e7d5440bc5626"
}