{
  "task_id": "XGBoost_37_3312",
  "model_name": "XGBoost",
  "fold_id": "37",
  "hyperparams": {
    "n_estimators": "100",
    "max_depth": "9",
    "learning_rate": "0.2",
    "subsample": "0.7"
  },
  "test_results": {
    "accuracy": 0.27071005917159763,
    "f1": 0.12794910829297862,
    "precision": 0.08377155794486939,
    "recall": 0.27071005917159763
  },
  "train_results": {
    "accuracy": 0.999938153256231,
    "f1": 0.999938153256231,
    "precision": 0.999938153256231,
    "recall": 0.999938153256231
  },
  "detailed_results": {
    "metadata": {
      "model_name": "XGBoost",
      "hyperparams": {
        "n_estimators": 100,
        "max_depth": 9,
        "learning_rate": 0.2,
        "subsample": 0.7
      }
    },
    "test_accuracy": 0.27071005917159763,
    "test_f1": 0.12794910829297862,
    "test_precision": 0.08377155794486939,
    "test_recall": 0.27071005917159763,
    "train_accuracy": 0.999938153256231,
    "train_f1": 0.999938153256231,
    "train_precision": 0.999938153256231,
    "train_recall": 0.999938153256231
  },
  "test_accuracy": 0.27071005917159763,
  "train_accuracy": 0.999938153256231,
  "worker_id": "worker_d7bc19f8c08ce5b857a0af8509c673942e3585d417806f8ebe941792"
}