{
  "task_id": "MLP_(Neural_Network)_17_9455",
  "model_name": "MLP (Neural Network)",
  "fold_id": "17",
  "hyperparams": {
    "hidden_layer_sizes": [
      200,
      100,
      50
    ],
    "activation": "tanh",
    "alpha": "0.1"
  },
  "test_results": {
    "accuracy": 0.48519163763066203,
    "f1": 0.3170108412437287,
    "precision": 0.23541092522672366,
    "recall": 0.48519163763066203
  },
  "train_results": {
    "accuracy": 0.9919663591288521,
    "f1": 0.9919656471490621,
    "precision": 0.9919664823683821,
    "recall": 0.9919663591288521
  },
  "detailed_results": {
    "metadata": {
      "model_name": "MLP (Neural Network)",
      "hyperparams": {
        "hidden_layer_sizes": [
          200,
          100,
          50
        ],
        "activation": "tanh",
        "alpha": 0.1
      }
    },
    "test_accuracy": 0.48519163763066203,
    "test_f1": 0.3170108412437287,
    "test_precision": 0.23541092522672366,
    "test_recall": 0.48519163763066203,
    "train_accuracy": 0.9919663591288521,
    "train_f1": 0.9919656471490621,
    "train_precision": 0.9919664823683821,
    "train_recall": 0.9919663591288521
  },
  "test_accuracy": 0.48519163763066203,
  "train_accuracy": 0.9919663591288521,
  "worker_id": "worker_f812cb893bddd27270feb9cbcfcf80f8b850674f9ed4f017c6699ca9"
}