{
  "task_id": "XGBoost_35_0310",
  "model_name": "XGBoost",
  "fold_id": "35",
  "hyperparams": {
    "n_estimators": "100",
    "max_depth": "6",
    "learning_rate": "0.2",
    "subsample": "0.7"
  },
  "test_results": {
    "accuracy": 0.5275565466709143,
    "f1": 0.42246609275845076,
    "precision": 0.7068581935769832,
    "recall": 0.5275565466709143
  },
  "train_results": {
    "accuracy": 0.981020920502092,
    "f1": 0.9810072487487358,
    "precision": 0.9810682712459105,
    "recall": 0.981020920502092
  },
  "detailed_results": {
    "metadata": {
      "model_name": "XGBoost",
      "hyperparams": {
        "n_estimators": 100,
        "max_depth": 6,
        "learning_rate": 0.2,
        "subsample": 0.7
      }
    },
    "test_accuracy": 0.5275565466709143,
    "test_f1": 0.42246609275845076,
    "test_precision": 0.7068581935769832,
    "test_recall": 0.5275565466709143,
    "train_accuracy": 0.981020920502092,
    "train_f1": 0.9810072487487358,
    "train_precision": 0.9810682712459105,
    "train_recall": 0.981020920502092
  },
  "test_accuracy": 0.5275565466709143,
  "train_accuracy": 0.981020920502092,
  "worker_id": "worker_9e3fd0ef908bd08cdef52fcf6ca6de294f848f4eeecb3bcd34871c29"
}