{
  "task_id": "MLP_(Neural_Network)_28_6123",
  "model_name": "MLP (Neural Network)",
  "fold_id": "28",
  "hyperparams": {
    "hidden_layer_sizes": [
      100
    ],
    "activation": "tanh",
    "alpha": "0.1"
  },
  "test_results": {
    "accuracy": 0.6949343339587242,
    "f1": 0.6838466591767971,
    "precision": 0.7463860487203421,
    "recall": 0.6949343339587242
  },
  "train_results": {
    "accuracy": 0.8140301163135524,
    "f1": 0.8111304823896978,
    "precision": 0.8192654363136499,
    "recall": 0.8140301163135524
  },
  "detailed_results": {
    "metadata": {
      "model_name": "MLP (Neural Network)",
      "hyperparams": {
        "hidden_layer_sizes": [
          100
        ],
        "activation": "tanh",
        "alpha": 0.1
      }
    },
    "test_accuracy": 0.6949343339587242,
    "test_f1": 0.6838466591767971,
    "test_precision": 0.7463860487203421,
    "test_recall": 0.6949343339587242,
    "train_accuracy": 0.8140301163135524,
    "train_f1": 0.8111304823896978,
    "train_precision": 0.8192654363136499,
    "train_recall": 0.8140301163135524
  },
  "test_accuracy": 0.6949343339587242,
  "train_accuracy": 0.8140301163135524,
  "worker_id": "worker_58508966d2305b6a9465d3b1f35acb726223c6a163a4923764e239dd"
}