{
  "task_id": "MLP_(Neural_Network)_15_0881",
  "model_name": "MLP (Neural Network)",
  "fold_id": "15",
  "hyperparams": {
    "hidden_layer_sizes": [
      150,
      50
    ],
    "activation": "tanh",
    "alpha": "0.1"
  },
  "test_results": {
    "accuracy": 0.8564814814814815,
    "f1": 0.8548364129365357,
    "precision": 0.8681744654514155,
    "recall": 0.8564814814814815
  },
  "train_results": {
    "accuracy": 0.8717354543746477,
    "f1": 0.8699555014641415,
    "precision": 0.8791842521546156,
    "recall": 0.8717354543746477
  },
  "detailed_results": {
    "metadata": {
      "model_name": "MLP (Neural Network)",
      "hyperparams": {
        "hidden_layer_sizes": [
          150,
          50
        ],
        "activation": "tanh",
        "alpha": 0.1
      }
    },
    "test_accuracy": 0.8564814814814815,
    "test_f1": 0.8548364129365357,
    "test_precision": 0.8681744654514155,
    "test_recall": 0.8564814814814815,
    "train_accuracy": 0.8717354543746477,
    "train_f1": 0.8699555014641415,
    "train_precision": 0.8791842521546156,
    "train_recall": 0.8717354543746477
  },
  "test_accuracy": 0.8564814814814815,
  "train_accuracy": 0.8717354543746477,
  "worker_id": "worker_8e3b7aba955679dbbc0bccd5189b066b2f4a415d919b99e64f4483dd"
}