{
  "task_id": "XGBoost_38_6531",
  "model_name": "XGBoost",
  "fold_id": "38",
  "hyperparams": {
    "n_estimators": "100",
    "max_depth": "3",
    "learning_rate": "0.2",
    "subsample": "0.7"
  },
  "test_results": {
    "accuracy": 0.5461638491547465,
    "f1": 0.46963214110603213,
    "precision": 0.6476079307776355,
    "recall": 0.5461638491547465
  },
  "train_results": {
    "accuracy": 0.8942481127663838,
    "f1": 0.8939304028957767,
    "precision": 0.8945477979952545,
    "recall": 0.8942481127663838
  },
  "detailed_results": {
    "metadata": {
      "model_name": "XGBoost",
      "hyperparams": {
        "n_estimators": 100,
        "max_depth": 3,
        "learning_rate": 0.2,
        "subsample": 0.7
      }
    },
    "test_accuracy": 0.5461638491547465,
    "test_f1": 0.46963214110603213,
    "test_precision": 0.6476079307776355,
    "test_recall": 0.5461638491547465,
    "train_accuracy": 0.8942481127663838,
    "train_f1": 0.8939304028957767,
    "train_precision": 0.8945477979952545,
    "train_recall": 0.8942481127663838
  },
  "test_accuracy": 0.5461638491547465,
  "train_accuracy": 0.8942481127663838,
  "worker_id": "worker_bde904f64e4c0d756e7f802df2b82cd1178841ef8cc503c9c17841d6"
}