{
  "task_id": "XGBoost_1_3645",
  "model_name": "XGBoost",
  "fold_id": "1",
  "hyperparams": {
    "n_estimators": "100",
    "max_depth": "6",
    "learning_rate": "0.2",
    "subsample": "0.7"
  },
  "test_results": {
    "accuracy": 0.5766830870279146,
    "f1": 0.4932684083045356,
    "precision": 0.6192849459246084,
    "recall": 0.5766830870279146
  },
  "train_results": {
    "accuracy": 0.9830491507891488,
    "f1": 0.9830417030692118,
    "precision": 0.9830716466534974,
    "recall": 0.9830491507891488
  },
  "detailed_results": {
    "metadata": {
      "model_name": "XGBoost",
      "hyperparams": {
        "n_estimators": 100,
        "max_depth": 6,
        "learning_rate": 0.2,
        "subsample": 0.7
      }
    },
    "test_accuracy": 0.5766830870279146,
    "test_f1": 0.4932684083045356,
    "test_precision": 0.6192849459246084,
    "test_recall": 0.5766830870279146,
    "train_accuracy": 0.9830491507891488,
    "train_f1": 0.9830417030692118,
    "train_precision": 0.9830716466534974,
    "train_recall": 0.9830491507891488
  },
  "test_accuracy": 0.5766830870279146,
  "train_accuracy": 0.9830491507891488,
  "worker_id": "worker_4b071380d99f1d39dfdc551654321913d1811432c1e534cebfa8d995"
}