{
  "task_id": "MLP_(Neural_Network)_26_7568",
  "model_name": "MLP (Neural Network)",
  "fold_id": "26",
  "hyperparams": {
    "hidden_layer_sizes": [
      200,
      100,
      50
    ],
    "activation": "tanh",
    "alpha": "0.1"
  },
  "test_results": {
    "accuracy": 0.7552400270453009,
    "f1": 0.7556843963309835,
    "precision": 0.7574044810260203,
    "recall": 0.7552400270453009
  },
  "train_results": {
    "accuracy": 0.9138607931860527,
    "f1": 0.9136691735803483,
    "precision": 0.9140072124523265,
    "recall": 0.9138607931860527
  },
  "detailed_results": {
    "metadata": {
      "model_name": "MLP (Neural Network)",
      "hyperparams": {
        "hidden_layer_sizes": [
          200,
          100,
          50
        ],
        "activation": "tanh",
        "alpha": 0.1
      }
    },
    "test_accuracy": 0.7552400270453009,
    "test_f1": 0.7556843963309835,
    "test_precision": 0.7574044810260203,
    "test_recall": 0.7552400270453009,
    "train_accuracy": 0.9138607931860527,
    "train_f1": 0.9136691735803483,
    "train_precision": 0.9140072124523265,
    "train_recall": 0.9138607931860527
  },
  "test_accuracy": 0.7552400270453009,
  "train_accuracy": 0.9138607931860527,
  "worker_id": "worker_9ebe48c53bd3b809d737c7ea697caf71bc6dab185423a4ecac81b33c"
}