{
  "task_id": "XGBoost_30_1915",
  "model_name": "XGBoost",
  "fold_id": "30",
  "hyperparams": {
    "n_estimators": "100",
    "max_depth": "3",
    "learning_rate": "0.2",
    "subsample": "0.7"
  },
  "test_results": {
    "accuracy": 0.6669741697416974,
    "f1": 0.6668847406161829,
    "precision": 0.6668509620323848,
    "recall": 0.6669741697416974
  },
  "train_results": {
    "accuracy": 0.9040714062010649,
    "f1": 0.9036659474404983,
    "precision": 0.9051293897536667,
    "recall": 0.9040714062010649
  },
  "detailed_results": {
    "metadata": {
      "model_name": "XGBoost",
      "hyperparams": {
        "n_estimators": 100,
        "max_depth": 3,
        "learning_rate": 0.2,
        "subsample": 0.7
      }
    },
    "test_accuracy": 0.6669741697416974,
    "test_f1": 0.6668847406161829,
    "test_precision": 0.6668509620323848,
    "test_recall": 0.6669741697416974,
    "train_accuracy": 0.9040714062010649,
    "train_f1": 0.9036659474404983,
    "train_precision": 0.9051293897536667,
    "train_recall": 0.9040714062010649
  },
  "test_accuracy": 0.6669741697416974,
  "train_accuracy": 0.9040714062010649,
  "worker_id": "worker_9d471787b59d1749aae4df7dc9ef9b93d30cc26f631a20b649efc2e7"
}