{
  "task_id": "MLP_(Neural_Network)_7_8952",
  "model_name": "MLP (Neural Network)",
  "fold_id": "7",
  "hyperparams": {
    "hidden_layer_sizes": [
      200,
      100,
      50
    ],
    "activation": "tanh",
    "alpha": "0.1"
  },
  "test_results": {
    "accuracy": 0.4519230769230769,
    "f1": 0.2813295975547631,
    "precision": 0.20423446745562132,
    "recall": 0.4519230769230769
  },
  "train_results": {
    "accuracy": 0.9946515181715501,
    "f1": 0.994651334722587,
    "precision": 0.994651331397075,
    "recall": 0.9946515181715501
  },
  "detailed_results": {
    "metadata": {
      "model_name": "MLP (Neural Network)",
      "hyperparams": {
        "hidden_layer_sizes": [
          200,
          100,
          50
        ],
        "activation": "tanh",
        "alpha": 0.1
      }
    },
    "test_accuracy": 0.4519230769230769,
    "test_f1": 0.2813295975547631,
    "test_precision": 0.20423446745562132,
    "test_recall": 0.4519230769230769,
    "train_accuracy": 0.9946515181715501,
    "train_f1": 0.994651334722587,
    "train_precision": 0.994651331397075,
    "train_recall": 0.9946515181715501
  },
  "test_accuracy": 0.4519230769230769,
  "train_accuracy": 0.9946515181715501,
  "worker_id": "worker_adca1530e722911fd9bd4f354294dd4dbd43f1dead4136ba6e8f4fbf"
}