{
  "task_id": "MLP_(Neural_Network)_40_1854",
  "model_name": "MLP (Neural Network)",
  "fold_id": "40",
  "hyperparams": {
    "hidden_layer_sizes": [
      200,
      100,
      50
    ],
    "activation": "tanh",
    "alpha": "0.1"
  },
  "test_results": {
    "accuracy": 0.5539184952978057,
    "f1": 0.4387543793494781,
    "precision": 0.7596676868177481,
    "recall": 0.5539184952978057
  },
  "train_results": {
    "accuracy": 0.9946687231759657,
    "f1": 0.9946662534254319,
    "precision": 0.994700308662009,
    "recall": 0.9946687231759657
  },
  "detailed_results": {
    "metadata": {
      "model_name": "MLP (Neural Network)",
      "hyperparams": {
        "hidden_layer_sizes": [
          200,
          100,
          50
        ],
        "activation": "tanh",
        "alpha": 0.1
      }
    },
    "test_accuracy": 0.5539184952978057,
    "test_f1": 0.4387543793494781,
    "test_precision": 0.7596676868177481,
    "test_recall": 0.5539184952978057,
    "train_accuracy": 0.9946687231759657,
    "train_f1": 0.9946662534254319,
    "train_precision": 0.994700308662009,
    "train_recall": 0.9946687231759657
  },
  "test_accuracy": 0.5539184952978057,
  "train_accuracy": 0.9946687231759657,
  "worker_id": "worker_9e3fd0ef908bd08cdef52fcf6ca6de294f848f4eeecb3bcd34871c29"
}