{
  "task_id": "XGBoost_2_4735",
  "model_name": "XGBoost",
  "fold_id": "2",
  "hyperparams": {
    "n_estimators": "100",
    "max_depth": "3",
    "learning_rate": "0.2",
    "subsample": "0.7"
  },
  "test_results": {
    "accuracy": 0.4966442953020134,
    "f1": 0.32961146055918383,
    "precision": 0.2466555560560335,
    "recall": 0.4966442953020134
  },
  "train_results": {
    "accuracy": 0.8845829032560758,
    "f1": 0.8842665983848808,
    "precision": 0.8848573211288703,
    "recall": 0.8845829032560758
  },
  "detailed_results": {
    "metadata": {
      "model_name": "XGBoost",
      "hyperparams": {
        "n_estimators": 100,
        "max_depth": 3,
        "learning_rate": 0.2,
        "subsample": 0.7
      }
    },
    "test_accuracy": 0.4966442953020134,
    "test_f1": 0.32961146055918383,
    "test_precision": 0.2466555560560335,
    "test_recall": 0.4966442953020134,
    "train_accuracy": 0.8845829032560758,
    "train_f1": 0.8842665983848808,
    "train_precision": 0.8848573211288703,
    "train_recall": 0.8845829032560758
  },
  "test_accuracy": 0.4966442953020134,
  "train_accuracy": 0.8845829032560758,
  "worker_id": "worker_a4d907717a10b9bc8e4270b3e866353296fb45d86598e565a9f8f74a"
}