{
  "task_id": "XGBoost_38_7132",
  "model_name": "XGBoost",
  "fold_id": "38",
  "hyperparams": {
    "n_estimators": "100",
    "max_depth": "3",
    "learning_rate": "0.2",
    "subsample": "0.7"
  },
  "test_results": {
    "accuracy": 0.7035110533159948,
    "f1": 0.7035988216474585,
    "precision": 0.7040582986818588,
    "recall": 0.7035110533159948
  },
  "train_results": {
    "accuracy": 0.9046362482463759,
    "f1": 0.9042803878145013,
    "precision": 0.9052888807924581,
    "recall": 0.9046362482463759
  },
  "detailed_results": {
    "metadata": {
      "model_name": "XGBoost",
      "hyperparams": {
        "n_estimators": 100,
        "max_depth": 3,
        "learning_rate": 0.2,
        "subsample": 0.7
      }
    },
    "test_accuracy": 0.7035110533159948,
    "test_f1": 0.7035988216474585,
    "test_precision": 0.7040582986818588,
    "test_recall": 0.7035110533159948,
    "train_accuracy": 0.9046362482463759,
    "train_f1": 0.9042803878145013,
    "train_precision": 0.9052888807924581,
    "train_recall": 0.9046362482463759
  },
  "test_accuracy": 0.7035110533159948,
  "train_accuracy": 0.9046362482463759,
  "worker_id": "worker_9b9fc0063338d987d676c5d899fcc6ec73bd3ee99b4c289e9a5d1d9f"
}