{
  "task_id": "KNN_26_1641",
  "model_name": "KNN",
  "fold_id": "26",
  "hyperparams": {
    "n_neighbors": 7,
    "weights": "uniform",
    "metric": "euclidean"
  },
  "test_results": {
    "accuracy": 0.5476673427991886,
    "f1": 0.41368595524368623,
    "precision": 0.5410890363692994,
    "recall": 0.5476673427991886
  },
  "train_results": {
    "accuracy": 0.9343225978174075,
    "f1": 0.9343348910627814,
    "precision": 0.9343524092477705,
    "recall": 0.9343225978174075
  },
  "detailed_results": {
    "metadata": {
      "model_name": "KNN",
      "hyperparams": {
        "n_neighbors": 7,
        "weights": "uniform",
        "metric": "euclidean"
      }
    },
    "test_accuracy": 0.5476673427991886,
    "test_f1": 0.41368595524368623,
    "test_precision": 0.5410890363692994,
    "test_recall": 0.5476673427991886,
    "train_accuracy": 0.9343225978174075,
    "train_f1": 0.9343348910627814,
    "train_precision": 0.9343524092477705,
    "train_recall": 0.9343225978174075
  },
  "test_accuracy": 0.5476673427991886,
  "train_accuracy": 0.9343225978174075,
  "worker_id": "worker_b7a70e0aa9c3aeecb65fd22601d3448ea2af533f2f93d0bbbf2d755d"
}