{
  "task_id": "XGBoost_18_6531",
  "model_name": "XGBoost",
  "fold_id": "18",
  "hyperparams": {
    "n_estimators": "100",
    "max_depth": "3",
    "learning_rate": "0.2",
    "subsample": "0.7"
  },
  "test_results": {
    "accuracy": 0.5384868421052632,
    "f1": 0.43207952387890947,
    "precision": 0.7598659972299168,
    "recall": 0.5384868421052632
  },
  "train_results": {
    "accuracy": 0.8860679255354641,
    "f1": 0.885722980694342,
    "precision": 0.8863049426685295,
    "recall": 0.8860679255354641
  },
  "detailed_results": {
    "metadata": {
      "model_name": "XGBoost",
      "hyperparams": {
        "n_estimators": 100,
        "max_depth": 3,
        "learning_rate": 0.2,
        "subsample": 0.7
      }
    },
    "test_accuracy": 0.5384868421052632,
    "test_f1": 0.43207952387890947,
    "test_precision": 0.7598659972299168,
    "test_recall": 0.5384868421052632,
    "train_accuracy": 0.8860679255354641,
    "train_f1": 0.885722980694342,
    "train_precision": 0.8863049426685295,
    "train_recall": 0.8860679255354641
  },
  "test_accuracy": 0.5384868421052632,
  "train_accuracy": 0.8860679255354641,
  "worker_id": "worker_bde904f64e4c0d756e7f802df2b82cd1178841ef8cc503c9c17841d6"
}