{
  "model_name": "SVM",
  "best_hyperparams": {
    "C": "0.1",
    "kernel": "linear",
    "gamma": "auto"
  },
  "best_metrics": {
    "test_accuracy": 0.9362013462101259,
    "test_f1": 0.9364079008100992,
    "test_precision": 0.9378421900889644,
    "test_recall": 0.9362013462101259,
    "train_accuracy": 0.9557148107313488,
    "train_f1": 0.9557319558451315,
    "train_precision": 0.9564524590151697,
    "train_recall": 0.9557148107313488,
    "std_test_accuracy": 0.0,
    "std_train_accuracy": 0.0
  },
  "all_hyperparameter_results": [
    {
      "hyperparams": {
        "C": "0.1",
        "kernel": "linear",
        "gamma": "auto"
      },
      "fold_results": [
        {
          "task_id": "SVM_0_7693",
          "model_name": "SVM",
          "fold_id": "0",
          "hyperparams": {
            "C": "0.1",
            "kernel": "linear",
            "gamma": "auto"
          },
          "test_results": {
            "accuracy": 0.9362013462101259,
            "f1": 0.9364079008100992,
            "precision": 0.9378421900889644,
            "recall": 0.9362013462101259
          },
          "train_results": {
            "accuracy": 0.9557148107313488,
            "f1": 0.9557319558451315,
            "precision": 0.9564524590151697,
            "recall": 0.9557148107313488
          },
          "detailed_results": {
            "metadata": {
              "model_name": "SVM",
              "hyperparams": {
                "C": 0.1,
                "kernel": "linear",
                "gamma": "auto"
              }
            },
            "test_accuracy": 0.9362013462101259,
            "test_f1": 0.9364079008100992,
            "test_precision": 0.9378421900889644,
            "test_recall": 0.9362013462101259,
            "train_accuracy": 0.9557148107313488,
            "train_f1": 0.9557319558451315,
            "train_precision": 0.9564524590151697,
            "train_recall": 0.9557148107313488
          },
          "test_accuracy": 0.9362013462101259,
          "train_accuracy": 0.9557148107313488,
          "worker_id": "worker_95abab87cb0298574cbff5e4851e142d6c6eaf28d31de01b631feb3f"
        }
      ],
      "num_folds": 1,
      "mean_test_accuracy": 0.9362013462101259,
      "std_test_accuracy": 0.0,
      "min_test_accuracy": 0.9362013462101259,
      "max_test_accuracy": 0.9362013462101259,
      "mean_test_f1": 0.9364079008100992,
      "std_test_f1": 0.0,
      "mean_test_precision": 0.9378421900889644,
      "std_test_precision": 0.0,
      "mean_test_recall": 0.9362013462101259,
      "std_test_recall": 0.0,
      "mean_train_accuracy": 0.9557148107313488,
      "std_train_accuracy": 0.0,
      "min_train_accuracy": 0.9557148107313488,
      "max_train_accuracy": 0.9557148107313488,
      "mean_train_f1": 0.9557319558451315,
      "std_train_f1": 0.0,
      "mean_train_precision": 0.9564524590151697,
      "std_train_precision": 0.0,
      "mean_train_recall": 0.9557148107313488,
      "std_train_recall": 0.0
    },
    {
      "hyperparams": {
        "C": "0.1",
        "kernel": "rbf",
        "gamma": "auto"
      },
      "fold_results": [
        {
          "task_id": "SVM_0_3911",
          "model_name": "SVM",
          "fold_id": "0",
          "hyperparams": {
            "C": "0.1",
            "kernel": "rbf",
            "gamma": "auto"
          },
          "test_results": {
            "accuracy": 0.6211589113257243,
            "f1": 0.6461172968881397,
            "precision": 0.7231596361100431,
            "recall": 0.6211589113257243
          },
          "train_results": {
            "accuracy": 0.6566335905916942,
            "f1": 0.6800527069997137,
            "precision": 0.7506802275995871,
            "recall": 0.6566335905916942
          },
          "detailed_results": {
            "metadata": {
              "model_name": "SVM",
              "hyperparams": {
                "C": 0.1,
                "kernel": "rbf",
                "gamma": "auto"
              }
            },
            "test_accuracy": 0.6211589113257243,
            "test_f1": 0.6461172968881397,
            "test_precision": 0.7231596361100431,
            "test_recall": 0.6211589113257243,
            "train_accuracy": 0.6566335905916942,
            "train_f1": 0.6800527069997137,
            "train_precision": 0.7506802275995871,
            "train_recall": 0.6566335905916942
          },
          "test_accuracy": 0.6211589113257243,
          "train_accuracy": 0.6566335905916942,
          "worker_id": "worker_0e0b9a25583e3b72ce5d668feb825b0c9254ed30eaf3c3166ed272bd"
        }
      ],
      "num_folds": 1,
      "mean_test_accuracy": 0.6211589113257243,
      "std_test_accuracy": 0.0,
      "min_test_accuracy": 0.6211589113257243,
      "max_test_accuracy": 0.6211589113257243,
      "mean_test_f1": 0.6461172968881397,
      "std_test_f1": 0.0,
      "mean_test_precision": 0.7231596361100431,
      "std_test_precision": 0.0,
      "mean_test_recall": 0.6211589113257243,
      "std_test_recall": 0.0,
      "mean_train_accuracy": 0.6566335905916942,
      "std_train_accuracy": 0.0,
      "min_train_accuracy": 0.6566335905916942,
      "max_train_accuracy": 0.6566335905916942,
      "mean_train_f1": 0.6800527069997137,
      "std_train_f1": 0.0,
      "mean_train_precision": 0.7506802275995871,
      "std_train_precision": 0.0,
      "mean_train_recall": 0.6566335905916942,
      "std_train_recall": 0.0
    },
    {
      "hyperparams": {
        "C": "0.1",
        "kernel": "poly",
        "gamma": "auto"
      },
      "fold_results": [
        {
          "task_id": "SVM_0_6876",
          "model_name": "SVM",
          "fold_id": "0",
          "hyperparams": {
            "C": "0.1",
            "kernel": "poly",
            "gamma": "auto"
          },
          "test_results": {
            "accuracy": 0.5548726953467954,
            "f1": 0.6278200152303209,
            "precision": 0.7994515019718395,
            "recall": 0.5548726953467954
          },
          "train_results": {
            "accuracy": 0.5964351341418596,
            "f1": 0.6787704659575386,
            "precision": 0.8643307742042661,
            "recall": 0.5964351341418596
          },
          "detailed_results": {
            "metadata": {
              "model_name": "SVM",
              "hyperparams": {
                "C": 0.1,
                "kernel": "poly",
                "gamma": "auto"
              }
            },
            "test_accuracy": 0.5548726953467954,
            "test_f1": 0.6278200152303209,
            "test_precision": 0.7994515019718395,
            "test_recall": 0.5548726953467954,
            "train_accuracy": 0.5964351341418596,
            "train_f1": 0.6787704659575386,
            "train_precision": 0.8643307742042661,
            "train_recall": 0.5964351341418596
          },
          "test_accuracy": 0.5548726953467954,
          "train_accuracy": 0.5964351341418596,
          "worker_id": "worker_9b1528d28c18378650791c92b4c39f54db2914a9ced3ac7efcc048e0"
        }
      ],
      "num_folds": 1,
      "mean_test_accuracy": 0.5548726953467954,
      "std_test_accuracy": 0.0,
      "min_test_accuracy": 0.5548726953467954,
      "max_test_accuracy": 0.5548726953467954,
      "mean_test_f1": 0.6278200152303209,
      "std_test_f1": 0.0,
      "mean_test_precision": 0.7994515019718395,
      "std_test_precision": 0.0,
      "mean_test_recall": 0.5548726953467954,
      "std_test_recall": 0.0,
      "mean_train_accuracy": 0.5964351341418596,
      "std_train_accuracy": 0.0,
      "min_train_accuracy": 0.5964351341418596,
      "max_train_accuracy": 0.5964351341418596,
      "mean_train_f1": 0.6787704659575386,
      "std_train_f1": 0.0,
      "mean_train_precision": 0.8643307742042661,
      "std_train_precision": 0.0,
      "mean_train_recall": 0.5964351341418596,
      "std_train_recall": 0.0
    }
  ],
  "total_tasks": 3,
  "num_folds": 1,