{
  "task_id": "KNN_46_0124",
  "model_name": "KNN",
  "fold_id": "46",
  "hyperparams": {
    "n_neighbors": 15,
    "weights": "uniform",
    "metric": "euclidean"
  },
  "test_results": {
    "accuracy": 0.7182448036951501,
    "f1": 0.7181338261317659,
    "precision": 0.7181455720071316,
    "recall": 0.7182448036951501
  },
  "train_results": {
    "accuracy": 0.8714271420471601,
    "f1": 0.8715680959921782,
    "precision": 0.8719739882303907,
    "recall": 0.8714271420471601
  },
  "detailed_results": {
    "metadata": {
      "model_name": "KNN",
      "hyperparams": {
        "n_neighbors": 15,
        "weights": "uniform",
        "metric": "euclidean"
      }
    },
    "test_accuracy": 0.7182448036951501,
    "test_f1": 0.7181338261317659,
    "test_precision": 0.7181455720071316,
    "test_recall": 0.7182448036951501,
    "train_accuracy": 0.8714271420471601,
    "train_f1": 0.8715680959921782,
    "train_precision": 0.8719739882303907,
    "train_recall": 0.8714271420471601
  },
  "test_accuracy": 0.7182448036951501,
  "train_accuracy": 0.8714271420471601,
  "worker_id": "worker_99b7b4b5545a2b5e8e89ea7ac9314cfa4171d0e4a2ba7031f327a732"
}