{
  "task_id": "KNN_22_9928",
  "model_name": "KNN",
  "fold_id": "22",
  "hyperparams": {
    "n_neighbors": 7,
    "weights": "uniform",
    "metric": "euclidean"
  },
  "test_results": {
    "accuracy": 0.6212980466288595,
    "f1": 0.6195885643914198,
    "precision": 0.624021117724158,
    "recall": 0.6212980466288595
  },
  "train_results": {
    "accuracy": 0.889745308310992,
    "f1": 0.8896651553516087,
    "precision": 0.8896610197116083,
    "recall": 0.889745308310992
  },
  "detailed_results": {
    "metadata": {
      "model_name": "KNN",
      "hyperparams": {
        "n_neighbors": 7,
        "weights": "uniform",
        "metric": "euclidean"
      }
    },
    "test_accuracy": 0.6212980466288595,
    "test_f1": 0.6195885643914198,
    "test_precision": 0.624021117724158,
    "test_recall": 0.6212980466288595,
    "train_accuracy": 0.889745308310992,
    "train_f1": 0.8896651553516087,
    "train_precision": 0.8896610197116083,
    "train_recall": 0.889745308310992
  },
  "test_accuracy": 0.6212980466288595,
  "train_accuracy": 0.889745308310992,
  "worker_id": "worker_9de6a5cf23cb1d33ae35bba561da27c8500fe90b801d5a3736360113"
}