{
  "task_id": "MLP_(Neural_Network)_44_0881",
  "model_name": "MLP (Neural Network)",
  "fold_id": "44",
  "hyperparams": {
    "hidden_layer_sizes": [
      150,
      50
    ],
    "activation": "tanh",
    "alpha": "0.1"
  },
  "test_results": {
    "accuracy": 0.5981112277019937,
    "f1": 0.5830299275843693,
    "precision": 0.5922645014708298,
    "recall": 0.5981112277019937
  },
  "train_results": {
    "accuracy": 0.873959015626462,
    "f1": 0.873413710563316,
    "precision": 0.8747012712131161,
    "recall": 0.873959015626462
  },
  "detailed_results": {
    "metadata": {
      "model_name": "MLP (Neural Network)",
      "hyperparams": {
        "hidden_layer_sizes": [
          150,
          50
        ],
        "activation": "tanh",
        "alpha": 0.1
      }
    },
    "test_accuracy": 0.5981112277019937,
    "test_f1": 0.5830299275843693,
    "test_precision": 0.5922645014708298,
    "test_recall": 0.5981112277019937,
    "train_accuracy": 0.873959015626462,
    "train_f1": 0.873413710563316,
    "train_precision": 0.8747012712131161,
    "train_recall": 0.873959015626462
  },
  "test_accuracy": 0.5981112277019937,
  "train_accuracy": 0.873959015626462,
  "worker_id": "worker_cff27a72e13536b632607d20ca54635e448248a7eb37caf3492ef698"
}