{
  "task_id": "MLP_(Neural_Network)_47_9244",
  "model_name": "MLP (Neural Network)",
  "fold_id": "47",
  "hyperparams": {
    "hidden_layer_sizes": [
      150,
      50
    ],
    "activation": "tanh",
    "alpha": "0.1"
  },
  "test_results": {
    "accuracy": 0.6012618296529968,
    "f1": 0.5367805678425323,
    "precision": 0.7826238473998884,
    "recall": 0.6012618296529968
  },
  "train_results": {
    "accuracy": 0.9961801367108967,
    "f1": 0.996179994763642,
    "precision": 0.9961800792240338,
    "recall": 0.9961801367108967
  },
  "detailed_results": {
    "metadata": {
      "model_name": "MLP (Neural Network)",
      "hyperparams": {
        "hidden_layer_sizes": [
          150,
          50
        ],
        "activation": "tanh",
        "alpha": 0.1
      }
    },
    "test_accuracy": 0.6012618296529968,
    "test_f1": 0.5367805678425323,
    "test_precision": 0.7826238473998884,
    "test_recall": 0.6012618296529968,
    "train_accuracy": 0.9961801367108967,
    "train_f1": 0.996179994763642,
    "train_precision": 0.9961800792240338,
    "train_recall": 0.9961801367108967
  },
  "test_accuracy": 0.6012618296529968,
  "train_accuracy": 0.9961801367108967,
  "worker_id": "worker_bde904f64e4c0d756e7f802df2b82cd1178841ef8cc503c9c17841d6"
}