{
  "task_id": "MLP_(Neural_Network)_8_9455",
  "model_name": "MLP (Neural Network)",
  "fold_id": "8",
  "hyperparams": {
    "hidden_layer_sizes": [
      200,
      100,
      50
    ],
    "activation": "tanh",
    "alpha": "0.1"
  },
  "test_results": {
    "accuracy": 0.4882032667876588,
    "f1": 0.4347615084577513,
    "precision": 0.45007943642541737,
    "recall": 0.4882032667876588
  },
  "train_results": {
    "accuracy": 0.9931060416144397,
    "f1": 0.9931054550465743,
    "precision": 0.9931064118802184,
    "recall": 0.9931060416144397
  },
  "detailed_results": {
    "metadata": {
      "model_name": "MLP (Neural Network)",
      "hyperparams": {
        "hidden_layer_sizes": [
          200,
          100,
          50
        ],
        "activation": "tanh",
        "alpha": 0.1
      }
    },
    "test_accuracy": 0.4882032667876588,
    "test_f1": 0.4347615084577513,
    "test_precision": 0.45007943642541737,
    "test_recall": 0.4882032667876588,
    "train_accuracy": 0.9931060416144397,
    "train_f1": 0.9931054550465743,
    "train_precision": 0.9931064118802184,
    "train_recall": 0.9931060416144397
  },
  "test_accuracy": 0.4882032667876588,
  "train_accuracy": 0.9931060416144397,
  "worker_id": "worker_737fbcc58e7c764e53f817a647e440d5fe5dced16a37bfcb9ace52d2"
}