{
  "task_id": "KNN_17_1641",
  "model_name": "KNN",
  "fold_id": "17",
  "hyperparams": {
    "n_neighbors": 7,
    "weights": "uniform",
    "metric": "euclidean"
  },
  "test_results": {
    "accuracy": 0.5306595956247928,
    "f1": 0.4847583395487154,
    "precision": 0.5937981171333474,
    "recall": 0.5306595956247928
  },
  "train_results": {
    "accuracy": 0.922092209220922,
    "f1": 0.9220119696035005,
    "precision": 0.9220647860992675,
    "recall": 0.922092209220922
  },
  "detailed_results": {
    "metadata": {
      "model_name": "KNN",
      "hyperparams": {
        "n_neighbors": 7,
        "weights": "uniform",
        "metric": "euclidean"
      }
    },
    "test_accuracy": 0.5306595956247928,
    "test_f1": 0.4847583395487154,
    "test_precision": 0.5937981171333474,
    "test_recall": 0.5306595956247928,
    "train_accuracy": 0.922092209220922,
    "train_f1": 0.9220119696035005,
    "train_precision": 0.9220647860992675,
    "train_recall": 0.922092209220922
  },
  "test_accuracy": 0.5306595956247928,
  "train_accuracy": 0.922092209220922,
  "worker_id": "worker_d066ba3d41dde4c5503cf80842c58422881e6e0d480ff0ea5c0b50b6"
}