{
  "task_id": "KNN_34_1641",
  "model_name": "KNN",
  "fold_id": "34",
  "hyperparams": {
    "n_neighbors": 7,
    "weights": "uniform",
    "metric": "euclidean"
  },
  "test_results": {
    "accuracy": 0.6186693147964251,
    "f1": 0.6138616472339447,
    "precision": 0.6189953832119054,
    "recall": 0.6186693147964251
  },
  "train_results": {
    "accuracy": 0.9185476611209282,
    "f1": 0.9185690559365374,
    "precision": 0.9186014308562155,
    "recall": 0.9185476611209282
  },
  "detailed_results": {
    "metadata": {
      "model_name": "KNN",
      "hyperparams": {
        "n_neighbors": 7,
        "weights": "uniform",
        "metric": "euclidean"
      }
    },
    "test_accuracy": 0.6186693147964251,
    "test_f1": 0.6138616472339447,
    "test_precision": 0.6189953832119054,
    "test_recall": 0.6186693147964251,
    "train_accuracy": 0.9185476611209282,
    "train_f1": 0.9185690559365374,
    "train_precision": 0.9186014308562155,
    "train_recall": 0.9185476611209282
  },
  "test_accuracy": 0.6186693147964251,
  "train_accuracy": 0.9185476611209282,
  "worker_id": "worker_b7a70e0aa9c3aeecb65fd22601d3448ea2af533f2f93d0bbbf2d755d"
}