{
  "task_id": "MLP_(Neural_Network)_38_2262",
  "model_name": "MLP (Neural Network)",
  "fold_id": "38",
  "hyperparams": {
    "hidden_layer_sizes": [
      150,
      50
    ],
    "activation": "tanh",
    "alpha": "0.1"
  },
  "test_results": {
    "accuracy": 0.25566750629722923,
    "f1": 0.10411334759947348,
    "precision": 0.06536587377624375,
    "recall": 0.25566750629722923
  },
  "train_results": {
    "accuracy": 0.9939168218497827,
    "f1": 0.9939162346144469,
    "precision": 0.9939171669696326,
    "recall": 0.9939168218497827
  },
  "detailed_results": {
    "metadata": {
      "model_name": "MLP (Neural Network)",
      "hyperparams": {
        "hidden_layer_sizes": [
          150,
          50
        ],
        "activation": "tanh",
        "alpha": 0.1
      }
    },
    "test_accuracy": 0.25566750629722923,
    "test_f1": 0.10411334759947348,
    "test_precision": 0.06536587377624375,
    "test_recall": 0.25566750629722923,
    "train_accuracy": 0.9939168218497827,
    "train_f1": 0.9939162346144469,
    "train_precision": 0.9939171669696326,
    "train_recall": 0.9939168218497827
  },
  "test_accuracy": 0.25566750629722923,
  "train_accuracy": 0.9939168218497827,
  "worker_id": "worker_4e14dc46a08906fa60bdb891bcda8546f326d498cdbe43f8d26d67e5"
}