{
  "task_id": "MLP_(Neural_Network)_0_6858",
  "model_name": "MLP (Neural Network)",
  "fold_id": "0",
  "hyperparams": {
    "hidden_layer_sizes": [
      150,
      50
    ],
    "activation": "tanh",
    "alpha": "0.1"
  },
  "test_results": {
    "accuracy": 0.6486325802615933,
    "f1": 0.6468981142851293,
    "precision": 0.6549453408483048,
    "recall": 0.6486325802615933
  },
  "train_results": {
    "accuracy": 0.8450927487352445,
    "f1": 0.8454957263342305,
    "precision": 0.8500003184704257,
    "recall": 0.8450927487352445
  },
  "detailed_results": {
    "metadata": {
      "model_name": "MLP (Neural Network)",
      "hyperparams": {
        "hidden_layer_sizes": [
          150,
          50
        ],
        "activation": "tanh",
        "alpha": 0.1
      }
    },
    "test_accuracy": 0.6486325802615933,
    "test_f1": 0.6468981142851293,
    "test_precision": 0.6549453408483048,
    "test_recall": 0.6486325802615933,
    "train_accuracy": 0.8450927487352445,
    "train_f1": 0.8454957263342305,
    "train_precision": 0.8500003184704257,
    "train_recall": 0.8450927487352445
  },
  "test_accuracy": 0.6486325802615933,
  "train_accuracy": 0.8450927487352445,
  "worker_id": "worker_b5d886f812834cd0f24fbe30e22975088babb87c558a963d80d90935"
}