{
  "task_id": "MLP_(Neural_Network)_38_6123",
  "model_name": "MLP (Neural Network)",
  "fold_id": "38",
  "hyperparams": {
    "hidden_layer_sizes": [
      100
    ],
    "activation": "tanh",
    "alpha": "0.1"
  },
  "test_results": {
    "accuracy": 0.7269180754226268,
    "f1": 0.7223465110836581,
    "precision": 0.7508964953275601,
    "recall": 0.7269180754226268
  },
  "train_results": {
    "accuracy": 0.7897321130336028,
    "f1": 0.7830782943687805,
    "precision": 0.8046890215491684,
    "recall": 0.7897321130336028
  },
  "detailed_results": {
    "metadata": {
      "model_name": "MLP (Neural Network)",
      "hyperparams": {
        "hidden_layer_sizes": [
          100
        ],
        "activation": "tanh",
        "alpha": 0.1
      }
    },
    "test_accuracy": 0.7269180754226268,
    "test_f1": 0.7223465110836581,
    "test_precision": 0.7508964953275601,
    "test_recall": 0.7269180754226268,
    "train_accuracy": 0.7897321130336028,
    "train_f1": 0.7830782943687805,
    "train_precision": 0.8046890215491684,
    "train_recall": 0.7897321130336028
  },
  "test_accuracy": 0.7269180754226268,
  "train_accuracy": 0.7897321130336028,
  "worker_id": "worker_d843c3c8b96c011cad52e00c2a6013b8c27328d4e7c3484ccba65137"
}