{
  "task_id": "MLP_(Neural_Network)_9_0811",
  "model_name": "MLP (Neural Network)",
  "fold_id": "9",
  "hyperparams": {
    "hidden_layer_sizes": [
      100
    ],
    "activation": "tanh",
    "alpha": "0.1"
  },
  "test_results": {
    "accuracy": 0.8543859649122807,
    "f1": 0.8535697805526257,
    "precision": 0.869017427474398,
    "recall": 0.8543859649122807
  },
  "train_results": {
    "accuracy": 0.8004957018259397,
    "f1": 0.7980201385110047,
    "precision": 0.8041211442765225,
    "recall": 0.8004957018259397
  },
  "detailed_results": {
    "metadata": {
      "model_name": "MLP (Neural Network)",
      "hyperparams": {
        "hidden_layer_sizes": [
          100
        ],
        "activation": "tanh",
        "alpha": 0.1
      }
    },
    "test_accuracy": 0.8543859649122807,
    "test_f1": 0.8535697805526257,
    "test_precision": 0.869017427474398,
    "test_recall": 0.8543859649122807,
    "train_accuracy": 0.8004957018259397,
    "train_f1": 0.7980201385110047,
    "train_precision": 0.8041211442765225,
    "train_recall": 0.8004957018259397
  },
  "test_accuracy": 0.8543859649122807,
  "train_accuracy": 0.8004957018259397,
  "worker_id": "worker_e03947b95d4438fdb65dfe3c02ad08cd5d411b7b0e9e2be2f0973c46"
}