{
  "task_id": "XGBoost_42_8809",
  "model_name": "XGBoost",
  "fold_id": "42",
  "hyperparams": {
    "n_estimators": "100",
    "max_depth": "6",
    "learning_rate": "0.2",
    "subsample": "0.7"
  },
  "test_results": {
    "accuracy": 0.7574626865671642,
    "f1": 0.7561758122793486,
    "precision": 0.8092928566340325,
    "recall": 0.7574626865671642
  },
  "train_results": {
    "accuracy": 0.9850977957156163,
    "f1": 0.9850872373801709,
    "precision": 0.9851747650398538,
    "recall": 0.9850977957156163
  },
  "detailed_results": {
    "metadata": {
      "model_name": "XGBoost",
      "hyperparams": {
        "n_estimators": 100,
        "max_depth": 6,
        "learning_rate": 0.2,
        "subsample": 0.7
      }
    },
    "test_accuracy": 0.7574626865671642,
    "test_f1": 0.7561758122793486,
    "test_precision": 0.8092928566340325,
    "test_recall": 0.7574626865671642,
    "train_accuracy": 0.9850977957156163,
    "train_f1": 0.9850872373801709,
    "train_precision": 0.9851747650398538,
    "train_recall": 0.9850977957156163
  },
  "test_accuracy": 0.7574626865671642,
  "train_accuracy": 0.9850977957156163,
  "worker_id": "worker_dc1c0ddc0b03209e4e1496c40e64cf90770a030b2c9d206cd3e58cf3"
}