{
  "task_id": "XGBoost_27_6531",
  "model_name": "XGBoost",
  "fold_id": "27",
  "hyperparams": {
    "n_estimators": "100",
    "max_depth": "3",
    "learning_rate": "0.2",
    "subsample": "0.7"
  },
  "test_results": {
    "accuracy": 0.6377874041986005,
    "f1": 0.6343998108071559,
    "precision": 0.654750920950764,
    "recall": 0.6377874041986005
  },
  "train_results": {
    "accuracy": 0.8807516742744811,
    "f1": 0.8803188213643256,
    "precision": 0.8811105132689012,
    "recall": 0.8807516742744811
  },
  "detailed_results": {
    "metadata": {
      "model_name": "XGBoost",
      "hyperparams": {
        "n_estimators": 100,
        "max_depth": 3,
        "learning_rate": 0.2,
        "subsample": 0.7
      }
    },
    "test_accuracy": 0.6377874041986005,
    "test_f1": 0.6343998108071559,
    "test_precision": 0.654750920950764,
    "test_recall": 0.6377874041986005,
    "train_accuracy": 0.8807516742744811,
    "train_f1": 0.8803188213643256,
    "train_precision": 0.8811105132689012,
    "train_recall": 0.8807516742744811
  },
  "test_accuracy": 0.6377874041986005,
  "train_accuracy": 0.8807516742744811,
  "worker_id": "worker_a8b29e8c0af28ab8ce69ba3db134c980ca1210d700776eeb63ce40b9"
}