{
  "task_id": "XGBoost_35_6323",
  "model_name": "XGBoost",
  "fold_id": "35",
  "hyperparams": {
    "n_estimators": "100",
    "max_depth": "9",
    "learning_rate": "0.2",
    "subsample": "0.7"
  },
  "test_results": {
    "accuracy": 0.6597353497164461,
    "f1": 0.6569955041013743,
    "precision": 0.6753760663468213,
    "recall": 0.6597353497164461
  },
  "train_results": {
    "accuracy": 0.9999374139441732,
    "f1": 0.9999374135497275,
    "precision": 0.9999374210675577,
    "recall": 0.9999374139441732
  },
  "detailed_results": {
    "metadata": {
      "model_name": "XGBoost",
      "hyperparams": {
        "n_estimators": 100,
        "max_depth": 9,
        "learning_rate": 0.2,
        "subsample": 0.7
      }
    },
    "test_accuracy": 0.6597353497164461,
    "test_f1": 0.6569955041013743,
    "test_precision": 0.6753760663468213,
    "test_recall": 0.6597353497164461,
    "train_accuracy": 0.9999374139441732,
    "train_f1": 0.9999374135497275,
    "train_precision": 0.9999374210675577,
    "train_recall": 0.9999374139441732
  },
  "test_accuracy": 0.6597353497164461,
  "train_accuracy": 0.9999374139441732,
  "worker_id": "worker_30822af05ca1ea041160d037adea3203e602d7d8dbdf45717af10b38"
}