{
  "task_id": "MLP_(Neural_Network)_26_9455",
  "model_name": "MLP (Neural Network)",
  "fold_id": "26",
  "hyperparams": {
    "hidden_layer_sizes": [
      200,
      100,
      50
    ],
    "activation": "tanh",
    "alpha": "0.1"
  },
  "test_results": {
    "accuracy": 0.5203488372093024,
    "f1": 0.38686043540018655,
    "precision": 0.7577761627906977,
    "recall": 0.5203488372093024
  },
  "train_results": {
    "accuracy": 0.9956225376774436,
    "f1": 0.9956226730149117,
    "precision": 0.995623004885098,
    "recall": 0.9956225376774436
  },
  "detailed_results": {
    "metadata": {
      "model_name": "MLP (Neural Network)",
      "hyperparams": {
        "hidden_layer_sizes": [
          200,
          100,
          50
        ],
        "activation": "tanh",
        "alpha": 0.1
      }
    },
    "test_accuracy": 0.5203488372093024,
    "test_f1": 0.38686043540018655,
    "test_precision": 0.7577761627906977,
    "test_recall": 0.5203488372093024,
    "train_accuracy": 0.9956225376774436,
    "train_f1": 0.9956226730149117,
    "train_precision": 0.995623004885098,
    "train_recall": 0.9956225376774436
  },
  "test_accuracy": 0.5203488372093024,
  "train_accuracy": 0.9956225376774436,
  "worker_id": "worker_39de6c54999b50e73a87bd39702f04b3c05569ee65510fdaf9a2d5e2"
}