{
  "task_id": "MLP_(Neural_Network)_1_6879",
  "model_name": "MLP (Neural Network)",
  "fold_id": "1",
  "hyperparams": {
    "hidden_layer_sizes": [
      150,
      50
    ],
    "activation": "tanh",
    "alpha": "0.1"
  },
  "test_results": {
    "accuracy": 0.722824302134647,
    "f1": 0.716591380902746,
    "precision": 0.7296979723962662,
    "recall": 0.722824302134647
  },
  "train_results": {
    "accuracy": 0.8571190229904234,
    "f1": 0.85729877257525,
    "precision": 0.8578939316467195,
    "recall": 0.8571190229904234
  },
  "detailed_results": {
    "metadata": {
      "model_name": "MLP (Neural Network)",
      "hyperparams": {
        "hidden_layer_sizes": [
          150,
          50
        ],
        "activation": "tanh",
        "alpha": 0.1
      }
    },
    "test_accuracy": 0.722824302134647,
    "test_f1": 0.716591380902746,
    "test_precision": 0.7296979723962662,
    "test_recall": 0.722824302134647,
    "train_accuracy": 0.8571190229904234,
    "train_f1": 0.85729877257525,
    "train_precision": 0.8578939316467195,
    "train_recall": 0.8571190229904234
  },
  "test_accuracy": 0.722824302134647,
  "train_accuracy": 0.8571190229904234,
  "worker_id": "worker_3f7899d9b66214a04de4b7102bd441429c2717e05127c566b3eb9ea5"
}