{
  "task_id": "MLP_(Neural_Network)_48_0881",
  "model_name": "MLP (Neural Network)",
  "fold_id": "48",
  "hyperparams": {
    "hidden_layer_sizes": [
      150,
      50
    ],
    "activation": "tanh",
    "alpha": "0.1"
  },
  "test_results": {
    "accuracy": 0.8675847457627118,
    "f1": 0.8665549960288627,
    "precision": 0.8930737363801453,
    "recall": 0.8675847457627118
  },
  "train_results": {
    "accuracy": 0.8613345806049267,
    "f1": 0.8610724020259828,
    "precision": 0.8612671955971222,
    "recall": 0.8613345806049267
  },
  "detailed_results": {
    "metadata": {
      "model_name": "MLP (Neural Network)",
      "hyperparams": {
        "hidden_layer_sizes": [
          150,
          50
        ],
        "activation": "tanh",
        "alpha": 0.1
      }
    },
    "test_accuracy": 0.8675847457627118,
    "test_f1": 0.8665549960288627,
    "test_precision": 0.8930737363801453,
    "test_recall": 0.8675847457627118,
    "train_accuracy": 0.8613345806049267,
    "train_f1": 0.8610724020259828,
    "train_precision": 0.8612671955971222,
    "train_recall": 0.8613345806049267
  },
  "test_accuracy": 0.8675847457627118,
  "train_accuracy": 0.8613345806049267,
  "worker_id": "worker_3c10fe8eb5d81f034c90caef0a289ec47dd9b6186ae43e3f10d19d0e"
}