{
  "task_id": "KNN_32_7516",
  "model_name": "KNN",
  "fold_id": "32",
  "hyperparams": {
    "n_neighbors": 7,
    "weights": "uniform",
    "metric": "euclidean"
  },
  "test_results": {
    "accuracy": 0.7086247086247086,
    "f1": 0.6908237643122541,
    "precision": 0.7047247624170702,
    "recall": 0.7086247086247086
  },
  "train_results": {
    "accuracy": 0.9197972384624953,
    "f1": 0.9198299846941098,
    "precision": 0.9198934885621785,
    "recall": 0.9197972384624953
  },
  "detailed_results": {
    "metadata": {
      "model_name": "KNN",
      "hyperparams": {
        "n_neighbors": 7,
        "weights": "uniform",
        "metric": "euclidean"
      }
    },
    "test_accuracy": 0.7086247086247086,
    "test_f1": 0.6908237643122541,
    "test_precision": 0.7047247624170702,
    "test_recall": 0.7086247086247086,
    "train_accuracy": 0.9197972384624953,
    "train_f1": 0.9198299846941098,
    "train_precision": 0.9198934885621785,
    "train_recall": 0.9197972384624953
  },
  "test_accuracy": 0.7086247086247086,
  "train_accuracy": 0.9197972384624953,
  "worker_id": "worker_a614f3ee07b933183ba43483c2c3c5c26e2402af965e046815e82d5d"
}