{
  "task_id": "MLP_(Neural_Network)_1_1854",
  "model_name": "MLP (Neural Network)",
  "fold_id": "1",
  "hyperparams": {
    "hidden_layer_sizes": [
      200,
      100,
      50
    ],
    "activation": "tanh",
    "alpha": "0.1"
  },
  "test_results": {
    "accuracy": 0.4723962996120561,
    "f1": 0.3153771559696602,
    "precision": 0.6253309602610888,
    "recall": 0.4723962996120561
  },
  "train_results": {
    "accuracy": 0.9932238816033442,
    "f1": 0.9932246586048077,
    "precision": 0.9932282260531092,
    "recall": 0.9932238816033442
  },
  "detailed_results": {
    "metadata": {
      "model_name": "MLP (Neural Network)",
      "hyperparams": {
        "hidden_layer_sizes": [
          200,
          100,
          50
        ],
        "activation": "tanh",
        "alpha": 0.1
      }
    },
    "test_accuracy": 0.4723962996120561,
    "test_f1": 0.3153771559696602,
    "test_precision": 0.6253309602610888,
    "test_recall": 0.4723962996120561,
    "train_accuracy": 0.9932238816033442,
    "train_f1": 0.9932246586048077,
    "train_precision": 0.9932282260531092,
    "train_recall": 0.9932238816033442
  },
  "test_accuracy": 0.4723962996120561,
  "train_accuracy": 0.9932238816033442,
  "worker_id": "worker_11d59c9cc0a81563a29a9f378f2299b5cfb4e39493e01f6a781057b5"
}