{
  "task_id": "MLP_(Neural_Network)_39_9455",
  "model_name": "MLP (Neural Network)",
  "fold_id": "39",
  "hyperparams": {
    "hidden_layer_sizes": [
      200,
      100,
      50
    ],
    "activation": "tanh",
    "alpha": "0.1"
  },
  "test_results": {
    "accuracy": 0.4445515911282546,
    "f1": 0.2822748374694779,
    "precision": 0.7554731494471324,
    "recall": 0.4445515911282546
  },
  "train_results": {
    "accuracy": 0.9937455045814179,
    "f1": 0.9937425677148672,
    "precision": 0.9937781920325626,
    "recall": 0.9937455045814179
  },
  "detailed_results": {
    "metadata": {
      "model_name": "MLP (Neural Network)",
      "hyperparams": {
        "hidden_layer_sizes": [
          200,
          100,
          50
        ],
        "activation": "tanh",
        "alpha": 0.1
      }
    },
    "test_accuracy": 0.4445515911282546,
    "test_f1": 0.2822748374694779,
    "test_precision": 0.7554731494471324,
    "test_recall": 0.4445515911282546,
    "train_accuracy": 0.9937455045814179,
    "train_f1": 0.9937425677148672,
    "train_precision": 0.9937781920325626,
    "train_recall": 0.9937455045814179
  },
  "test_accuracy": 0.4445515911282546,
  "train_accuracy": 0.9937455045814179,
  "worker_id": "worker_7d0911c764ca0954156026b30a2ea3f91254a5417fd4be105d5d5c26"
}