{
  "task_id": "KNN_44_3889",
  "model_name": "KNN",
  "fold_id": "44",
  "hyperparams": {
    "n_neighbors": 15,
    "weights": "uniform",
    "metric": "euclidean"
  },
  "test_results": {
    "accuracy": 0.5907660020986358,
    "f1": 0.5475050128307689,
    "precision": 0.5905783446423014,
    "recall": 0.5907660020986358
  },
  "train_results": {
    "accuracy": 0.8727737749914226,
    "f1": 0.8729275842776602,
    "precision": 0.8734157581733021,
    "recall": 0.8727737749914226
  },
  "detailed_results": {
    "metadata": {
      "model_name": "KNN",
      "hyperparams": {
        "n_neighbors": 15,
        "weights": "uniform",
        "metric": "euclidean"
      }
    },
    "test_accuracy": 0.5907660020986358,
    "test_f1": 0.5475050128307689,
    "test_precision": 0.5905783446423014,
    "test_recall": 0.5907660020986358,
    "train_accuracy": 0.8727737749914226,
    "train_f1": 0.8729275842776602,
    "train_precision": 0.8734157581733021,
    "train_recall": 0.8727737749914226
  },
  "test_accuracy": 0.5907660020986358,
  "train_accuracy": 0.8727737749914226,
  "worker_id": "worker_ca394e59bea5aa39904656f9c9ef3e36618bf0a9c975f3315283bb3e"
}