{
  "task_id": "KNN_11_3824",
  "model_name": "KNN",
  "fold_id": "11",
  "hyperparams": {
    "n_neighbors": 7,
    "weights": "uniform",
    "metric": "euclidean"
  },
  "test_results": {
    "accuracy": 0.899736147757256,
    "f1": 0.8997459200625427,
    "precision": 0.9022140107394662,
    "recall": 0.899736147757256
  },
  "train_results": {
    "accuracy": 0.8908931204316591,
    "f1": 0.8909346123732745,
    "precision": 0.8910041152241023,
    "recall": 0.8908931204316591
  },
  "detailed_results": {
    "metadata": {
      "model_name": "KNN",
      "hyperparams": {
        "n_neighbors": 7,
        "weights": "uniform",
        "metric": "euclidean"
      }
    },
    "test_accuracy": 0.899736147757256,
    "test_f1": 0.8997459200625427,
    "test_precision": 0.9022140107394662,
    "test_recall": 0.899736147757256,
    "train_accuracy": 0.8908931204316591,
    "train_f1": 0.8909346123732745,
    "train_precision": 0.8910041152241023,
    "train_recall": 0.8908931204316591
  },
  "test_accuracy": 0.899736147757256,
  "train_accuracy": 0.8908931204316591,
  "worker_id": "worker_2fa0c7efa1687a00c91a813cf607851f55f612fa98508602a1257014"
}