{
  "task_id": "KNN_6_6398",
  "model_name": "KNN",
  "fold_id": "6",
  "hyperparams": {
    "n_neighbors": 1,
    "weights": "uniform",
    "metric": "euclidean"
  },
  "test_results": {
    "accuracy": 0.4948630136986301,
    "f1": 0.33103543383222434,
    "precision": 0.6237466459539612,
    "recall": 0.4948630136986301
  },
  "train_results": {
    "accuracy": 1.0,
    "f1": 1.0,
    "precision": 1.0,
    "recall": 1.0
  },
  "detailed_results": {
    "metadata": {
      "model_name": "KNN",
      "hyperparams": {
        "n_neighbors": 1,
        "weights": "uniform",
        "metric": "euclidean"
      }
    },
    "test_accuracy": 0.4948630136986301,
    "test_f1": 0.33103543383222434,
    "test_precision": 0.6237466459539612,
    "test_recall": 0.4948630136986301,
    "train_accuracy": 1.0,
    "train_f1": 1.0,
    "train_precision": 1.0,
    "train_recall": 1.0
  },
  "test_accuracy": 0.4948630136986301,
  "train_accuracy": 1.0,
  "worker_id": "worker_d7bc19f8c08ce5b857a0af8509c673942e3585d417806f8ebe941792"
}