{
  "task_id": "XGBoost_16_1915",
  "model_name": "XGBoost",
  "fold_id": "16",
  "hyperparams": {
    "n_estimators": "100",
    "max_depth": "3",
    "learning_rate": "0.2",
    "subsample": "0.7"
  },
  "test_results": {
    "accuracy": 0.46487985212569316,
    "f1": 0.35199993693065124,
    "precision": 0.35188079866413063,
    "recall": 0.46487985212569316
  },
  "train_results": {
    "accuracy": 0.909620443442315,
    "f1": 0.9093165614279917,
    "precision": 0.9103456690100291,
    "recall": 0.909620443442315
  },
  "detailed_results": {
    "metadata": {
      "model_name": "XGBoost",
      "hyperparams": {
        "n_estimators": 100,
        "max_depth": 3,
        "learning_rate": 0.2,
        "subsample": 0.7
      }
    },
    "test_accuracy": 0.46487985212569316,
    "test_f1": 0.35199993693065124,
    "test_precision": 0.35188079866413063,
    "test_recall": 0.46487985212569316,
    "train_accuracy": 0.909620443442315,
    "train_f1": 0.9093165614279917,
    "train_precision": 0.9103456690100291,
    "train_recall": 0.909620443442315
  },
  "test_accuracy": 0.46487985212569316,
  "train_accuracy": 0.909620443442315,
  "worker_id": "worker_87c4383dab53810372467602a083eb819ce4ec7c267619a1c3affab7"
}