{
  "task_id": "XGBoost_35_7969",
  "model_name": "XGBoost",
  "fold_id": "35",
  "hyperparams": {
    "n_estimators": "100",
    "max_depth": "6",
    "learning_rate": "0.2",
    "subsample": "0.7"
  },
  "test_results": {
    "accuracy": 0.5092213114754098,
    "f1": 0.34362931677295133,
    "precision": 0.2593063440607363,
    "recall": 0.5092213114754098
  },
  "train_results": {
    "accuracy": 0.977433048255197,
    "f1": 0.9774249796761469,
    "precision": 0.9774414834720359,
    "recall": 0.977433048255197
  },
  "detailed_results": {
    "metadata": {
      "model_name": "XGBoost",
      "hyperparams": {
        "n_estimators": 100,
        "max_depth": 6,
        "learning_rate": 0.2,
        "subsample": 0.7
      }
    },
    "test_accuracy": 0.5092213114754098,
    "test_f1": 0.34362931677295133,
    "test_precision": 0.2593063440607363,
    "test_recall": 0.5092213114754098,
    "train_accuracy": 0.977433048255197,
    "train_f1": 0.9774249796761469,
    "train_precision": 0.9774414834720359,
    "train_recall": 0.977433048255197
  },
  "test_accuracy": 0.5092213114754098,
  "train_accuracy": 0.977433048255197,
  "worker_id": "worker_737fbcc58e7c764e53f817a647e440d5fe5dced16a37bfcb9ace52d2"
}