{
  "task_id": "KNN_9_9928",
  "model_name": "KNN",
  "fold_id": "9",
  "hyperparams": {
    "n_neighbors": 7,
    "weights": "uniform",
    "metric": "euclidean"
  },
  "test_results": {
    "accuracy": 0.614103819784525,
    "f1": 0.5713239473328119,
    "precision": 0.6797012916609146,
    "recall": 0.614103819784525
  },
  "train_results": {
    "accuracy": 0.8930920503489032,
    "f1": 0.8928760694595845,
    "precision": 0.8931653790208687,
    "recall": 0.8930920503489032
  },
  "detailed_results": {
    "metadata": {
      "model_name": "KNN",
      "hyperparams": {
        "n_neighbors": 7,
        "weights": "uniform",
        "metric": "euclidean"
      }
    },
    "test_accuracy": 0.614103819784525,
    "test_f1": 0.5713239473328119,
    "test_precision": 0.6797012916609146,
    "test_recall": 0.614103819784525,
    "train_accuracy": 0.8930920503489032,
    "train_f1": 0.8928760694595845,
    "train_precision": 0.8931653790208687,
    "train_recall": 0.8930920503489032
  },
  "test_accuracy": 0.614103819784525,
  "train_accuracy": 0.8930920503489032,
  "worker_id": "worker_58508966d2305b6a9465d3b1f35acb726223c6a163a4923764e239dd"
}