{
  "task_id": "XGBoost_22_5417",
  "model_name": "XGBoost",
  "fold_id": "22",
  "hyperparams": {
    "n_estimators": "100",
    "max_depth": "6",
    "learning_rate": "0.2",
    "subsample": "0.7"
  },
  "test_results": {
    "accuracy": 0.5274102079395085,
    "f1": 0.5264793000200724,
    "precision": 0.5273766538463885,
    "recall": 0.5274102079395085
  },
  "train_results": {
    "accuracy": 0.9858243967828418,
    "f1": 0.9858139222802333,
    "precision": 0.9858905456633208,
    "recall": 0.9858243967828418
  },
  "detailed_results": {
    "metadata": {
      "model_name": "XGBoost",
      "hyperparams": {
        "n_estimators": 100,
        "max_depth": 6,
        "learning_rate": 0.2,
        "subsample": 0.7
      }
    },
    "test_accuracy": 0.5274102079395085,
    "test_f1": 0.5264793000200724,
    "test_precision": 0.5273766538463885,
    "test_recall": 0.5274102079395085,
    "train_accuracy": 0.9858243967828418,
    "train_f1": 0.9858139222802333,
    "train_precision": 0.9858905456633208,
    "train_recall": 0.9858243967828418
  },
  "test_accuracy": 0.5274102079395085,
  "train_accuracy": 0.9858243967828418,
  "worker_id": "worker_ebea981974a2f1b92e2ad91148e909e737ad2fd911d48b943d0aaafc"
}