{
  "task_id": "KNN_6_3824",
  "model_name": "KNN",
  "fold_id": "6",
  "hyperparams": {
    "n_neighbors": 7,
    "weights": "uniform",
    "metric": "euclidean"
  },
  "test_results": {
    "accuracy": 0.6977739726027398,
    "f1": 0.6949364138415508,
    "precision": 0.707485485782967,
    "recall": 0.6977739726027398
  },
  "train_results": {
    "accuracy": 0.8851975130314639,
    "f1": 0.8851668924600324,
    "precision": 0.8851486875842005,
    "recall": 0.8851975130314639
  },
  "detailed_results": {
    "metadata": {
      "model_name": "KNN",
      "hyperparams": {
        "n_neighbors": 7,
        "weights": "uniform",
        "metric": "euclidean"
      }
    },
    "test_accuracy": 0.6977739726027398,
    "test_f1": 0.6949364138415508,
    "test_precision": 0.707485485782967,
    "test_recall": 0.6977739726027398,
    "train_accuracy": 0.8851975130314639,
    "train_f1": 0.8851668924600324,
    "train_precision": 0.8851486875842005,
    "train_recall": 0.8851975130314639
  },
  "test_accuracy": 0.6977739726027398,
  "train_accuracy": 0.8851975130314639,
  "worker_id": "worker_e03947b95d4438fdb65dfe3c02ad08cd5d411b7b0e9e2be2f0973c46"
}