{
  "task_id": "MLP_(Neural_Network)_16_9244",
  "model_name": "MLP (Neural Network)",
  "fold_id": "16",
  "hyperparams": {
    "hidden_layer_sizes": [
      150,
      50
    ],
    "activation": "tanh",
    "alpha": "0.1"
  },
  "test_results": {
    "accuracy": 0.5303867403314917,
    "f1": 0.379241508796416,
    "precision": 0.7533874502299454,
    "recall": 0.5303867403314917
  },
  "train_results": {
    "accuracy": 0.9942211978488158,
    "f1": 0.9942208636339648,
    "precision": 0.9942211772013178,
    "recall": 0.9942211978488158
  },
  "detailed_results": {
    "metadata": {
      "model_name": "MLP (Neural Network)",
      "hyperparams": {
        "hidden_layer_sizes": [
          150,
          50
        ],
        "activation": "tanh",
        "alpha": 0.1
      }
    },
    "test_accuracy": 0.5303867403314917,
    "test_f1": 0.379241508796416,
    "test_precision": 0.7533874502299454,
    "test_recall": 0.5303867403314917,
    "train_accuracy": 0.9942211978488158,
    "train_f1": 0.9942208636339648,
    "train_precision": 0.9942211772013178,
    "train_recall": 0.9942211978488158
  },
  "test_accuracy": 0.5303867403314917,
  "train_accuracy": 0.9942211978488158,
  "worker_id": "worker_a8b29e8c0af28ab8ce69ba3db134c980ca1210d700776eeb63ce40b9"
}