{
  "task_id": "MLP_(Neural_Network)_44_0811",
  "model_name": "MLP (Neural Network)",
  "fold_id": "44",
  "hyperparams": {
    "hidden_layer_sizes": [
      100
    ],
    "activation": "tanh",
    "alpha": "0.1"
  },
  "test_results": {
    "accuracy": 0.6190975865687304,
    "f1": 0.6058342224205576,
    "precision": 0.6156671879802873,
    "recall": 0.6190975865687304
  },
  "train_results": {
    "accuracy": 0.8061507750849942,
    "f1": 0.8038282313731168,
    "precision": 0.8094376223325979,
    "recall": 0.8061507750849942
  },
  "detailed_results": {
    "metadata": {
      "model_name": "MLP (Neural Network)",
      "hyperparams": {
        "hidden_layer_sizes": [
          100
        ],
        "activation": "tanh",
        "alpha": 0.1
      }
    },
    "test_accuracy": 0.6190975865687304,
    "test_f1": 0.6058342224205576,
    "test_precision": 0.6156671879802873,
    "test_recall": 0.6190975865687304,
    "train_accuracy": 0.8061507750849942,
    "train_f1": 0.8038282313731168,
    "train_precision": 0.8094376223325979,
    "train_recall": 0.8061507750849942
  },
  "test_accuracy": 0.6190975865687304,
  "train_accuracy": 0.8061507750849942,
  "worker_id": "worker_7c1a9ac101439b0bd5e960aa8e089f97d8a9785aa104d24c6dda16d3"
}