{
  "task_id": "XGBoost_43_0310",
  "model_name": "XGBoost",
  "fold_id": "43",
  "hyperparams": {
    "n_estimators": "100",
    "max_depth": "6",
    "learning_rate": "0.2",
    "subsample": "0.7"
  },
  "test_results": {
    "accuracy": 0.5655844155844156,
    "f1": 0.5649467531504747,
    "precision": 0.5648283625328168,
    "recall": 0.5655844155844156
  },
  "train_results": {
    "accuracy": 0.9771497294046904,
    "f1": 0.9771367918914766,
    "precision": 0.9771803439011125,
    "recall": 0.9771497294046904
  },
  "detailed_results": {
    "metadata": {
      "model_name": "XGBoost",
      "hyperparams": {
        "n_estimators": 100,
        "max_depth": 6,
        "learning_rate": 0.2,
        "subsample": 0.7
      }
    },
    "test_accuracy": 0.5655844155844156,
    "test_f1": 0.5649467531504747,
    "test_precision": 0.5648283625328168,
    "test_recall": 0.5655844155844156,
    "train_accuracy": 0.9771497294046904,
    "train_f1": 0.9771367918914766,
    "train_precision": 0.9771803439011125,
    "train_recall": 0.9771497294046904
  },
  "test_accuracy": 0.5655844155844156,
  "train_accuracy": 0.9771497294046904,
  "worker_id": "worker_2bc50782aae89a6a6d9df52b6f675ea9c533033204509a004c9fbcdb"
}