{
  "task_id": "XGBoost_25_3312",
  "model_name": "XGBoost",
  "fold_id": "25",
  "hyperparams": {
    "n_estimators": "100",
    "max_depth": "9",
    "learning_rate": "0.2",
    "subsample": "0.7"
  },
  "test_results": {
    "accuracy": 0.6508704061895552,
    "f1": 0.630389533949375,
    "precision": 0.684883124738529,
    "recall": 0.6508704061895552
  },
  "train_results": {
    "accuracy": 0.9999687304565353,
    "f1": 0.9999687305535694,
    "precision": 0.9999687326251699,
    "recall": 0.9999687304565353
  },
  "detailed_results": {
    "metadata": {
      "model_name": "XGBoost",
      "hyperparams": {
        "n_estimators": 100,
        "max_depth": 9,
        "learning_rate": 0.2,
        "subsample": 0.7
      }
    },
    "test_accuracy": 0.6508704061895552,
    "test_f1": 0.630389533949375,
    "test_precision": 0.684883124738529,
    "test_recall": 0.6508704061895552,
    "train_accuracy": 0.9999687304565353,
    "train_f1": 0.9999687305535694,
    "train_precision": 0.9999687326251699,
    "train_recall": 0.9999687304565353
  },
  "test_accuracy": 0.6508704061895552,
  "train_accuracy": 0.9999687304565353,
  "worker_id": "worker_d7bc19f8c08ce5b857a0af8509c673942e3585d417806f8ebe941792"
}