{
  "task_id": "XGBoost_1_1433",
  "model_name": "XGBoost",
  "fold_id": "1",
  "hyperparams": {
    "n_estimators": "100",
    "max_depth": "3",
    "learning_rate": "0.2",
    "subsample": "0.7"
  },
  "test_results": {
    "accuracy": 0.5681444991789819,
    "f1": 0.4497188760764946,
    "precision": 0.6775295749320251,
    "recall": 0.5681444991789819
  },
  "train_results": {
    "accuracy": 0.8930895258433715,
    "f1": 0.8928379548479155,
    "precision": 0.893313235289063,
    "recall": 0.8930895258433715
  },
  "detailed_results": {
    "metadata": {
      "model_name": "XGBoost",
      "hyperparams": {
        "n_estimators": 100,
        "max_depth": 3,
        "learning_rate": 0.2,
        "subsample": 0.7
      }
    },
    "test_accuracy": 0.5681444991789819,
    "test_f1": 0.4497188760764946,
    "test_precision": 0.6775295749320251,
    "test_recall": 0.5681444991789819,
    "train_accuracy": 0.8930895258433715,
    "train_f1": 0.8928379548479155,
    "train_precision": 0.893313235289063,
    "train_recall": 0.8930895258433715
  },
  "test_accuracy": 0.5681444991789819,
  "train_accuracy": 0.8930895258433715,
  "worker_id": "worker_1af7a5dca78496bf15701a9c8d51a0c2e729ef0fb53a24e0cc2d75d5"
}