{
  "task_id": "KNN_40_3850",
  "model_name": "KNN",
  "fold_id": "40",
  "hyperparams": {
    "n_neighbors": 15,
    "weights": "uniform",
    "metric": "euclidean"
  },
  "test_results": {
    "accuracy": 0.526829268292683,
    "f1": 0.48429371422824696,
    "precision": 0.5915254006226148,
    "recall": 0.526829268292683
  },
  "train_results": {
    "accuracy": 0.9081871893463378,
    "f1": 0.908086891925315,
    "precision": 0.9081625768255834,
    "recall": 0.9081871893463378
  },
  "detailed_results": {
    "metadata": {
      "model_name": "KNN",
      "hyperparams": {
        "n_neighbors": 15,
        "weights": "uniform",
        "metric": "euclidean"
      }
    },
    "test_accuracy": 0.526829268292683,
    "test_f1": 0.48429371422824696,
    "test_precision": 0.5915254006226148,
    "test_recall": 0.526829268292683,
    "train_accuracy": 0.9081871893463378,
    "train_f1": 0.908086891925315,
    "train_precision": 0.9081625768255834,
    "train_recall": 0.9081871893463378
  },
  "test_accuracy": 0.526829268292683,
  "train_accuracy": 0.9081871893463378,
  "worker_id": "worker_a4d907717a10b9bc8e4270b3e866353296fb45d86598e565a9f8f74a"
}