{
  "task_id": "XGBoost_4_4735",
  "model_name": "XGBoost",
  "fold_id": "4",
  "hyperparams": {
    "n_estimators": "100",
    "max_depth": "3",
    "learning_rate": "0.2",
    "subsample": "0.7"
  },
  "test_results": {
    "accuracy": 0.519193857965451,
    "f1": 0.41755029281815037,
    "precision": 0.5257366927888965,
    "recall": 0.519193857965451
  },
  "train_results": {
    "accuracy": 0.8849931189791067,
    "f1": 0.8846783115367067,
    "precision": 0.8852834388409199,
    "recall": 0.8849931189791067
  },
  "detailed_results": {
    "metadata": {
      "model_name": "XGBoost",
      "hyperparams": {
        "n_estimators": 100,
        "max_depth": 3,
        "learning_rate": 0.2,
        "subsample": 0.7
      }
    },
    "test_accuracy": 0.519193857965451,
    "test_f1": 0.41755029281815037,
    "test_precision": 0.5257366927888965,
    "test_recall": 0.519193857965451,
    "train_accuracy": 0.8849931189791067,
    "train_f1": 0.8846783115367067,
    "train_precision": 0.8852834388409199,
    "train_recall": 0.8849931189791067
  },
  "test_accuracy": 0.519193857965451,
  "train_accuracy": 0.8849931189791067,
  "worker_id": "worker_8351408ab5ac6d7ec0ddef4ab6d6d7258c4be6f3ba76699a89134a3e"
}