{
  "task_id": "MLP_(Neural_Network)_25_9244",
  "model_name": "MLP (Neural Network)",
  "fold_id": "25",
  "hyperparams": {
    "hidden_layer_sizes": [
      150,
      50
    ],
    "activation": "tanh",
    "alpha": "0.1"
  },
  "test_results": {
    "accuracy": 0.5608365019011406,
    "f1": 0.5004491634265504,
    "precision": 0.6474205205613307,
    "recall": 0.5608365019011406
  },
  "train_results": {
    "accuracy": 0.9948087614709625,
    "f1": 0.9948085897022441,
    "precision": 0.9948086008483809,
    "recall": 0.9948087614709625
  },
  "detailed_results": {
    "metadata": {
      "model_name": "MLP (Neural Network)",
      "hyperparams": {
        "hidden_layer_sizes": [
          150,
          50
        ],
        "activation": "tanh",
        "alpha": 0.1
      }
    },
    "test_accuracy": 0.5608365019011406,
    "test_f1": 0.5004491634265504,
    "test_precision": 0.6474205205613307,
    "test_recall": 0.5608365019011406,
    "train_accuracy": 0.9948087614709625,
    "train_f1": 0.9948085897022441,
    "train_precision": 0.9948086008483809,
    "train_recall": 0.9948087614709625
  },
  "test_accuracy": 0.5608365019011406,
  "train_accuracy": 0.9948087614709625,
  "worker_id": "worker_d39782c0b09c22e40e244262bb1bd3ad13987be1a99c6a2738374dd6"
}