{
  "task_id": "XGBoost_24_1915",
  "model_name": "XGBoost",
  "fold_id": "24",
  "hyperparams": {
    "n_estimators": "100",
    "max_depth": "3",
    "learning_rate": "0.2",
    "subsample": "0.7"
  },
  "test_results": {
    "accuracy": 0.6929411764705883,
    "f1": 0.6892210404782206,
    "precision": 0.7803490876946051,
    "recall": 0.6929411764705883
  },
  "train_results": {
    "accuracy": 0.9054533018281308,
    "f1": 0.9051264277472806,
    "precision": 0.9062864710358617,
    "recall": 0.9054533018281308
  },
  "detailed_results": {
    "metadata": {
      "model_name": "XGBoost",
      "hyperparams": {
        "n_estimators": 100,
        "max_depth": 3,
        "learning_rate": 0.2,
        "subsample": 0.7
      }
    },
    "test_accuracy": 0.6929411764705883,
    "test_f1": 0.6892210404782206,
    "test_precision": 0.7803490876946051,
    "test_recall": 0.6929411764705883,
    "train_accuracy": 0.9054533018281308,
    "train_f1": 0.9051264277472806,
    "train_precision": 0.9062864710358617,
    "train_recall": 0.9054533018281308
  },
  "test_accuracy": 0.6929411764705883,
  "train_accuracy": 0.9054533018281308,
  "worker_id": "worker_87c4383dab53810372467602a083eb819ce4ec7c267619a1c3affab7"
}