{
  "task_id": "MLP_(Neural_Network)_2_2099",
  "model_name": "MLP (Neural Network)",
  "fold_id": "2",
  "hyperparams": {
    "hidden_layer_sizes": [
      100
    ],
    "activation": "tanh",
    "alpha": "0.1"
  },
  "test_results": {
    "accuracy": 0.40240788033564395,
    "f1": 0.2513596437662396,
    "precision": 0.23403593338150946,
    "recall": 0.40240788033564395
  },
  "train_results": {
    "accuracy": 0.9805767515607967,
    "f1": 0.9805664101646576,
    "precision": 0.9805939215049045,
    "recall": 0.9805767515607967
  },
  "detailed_results": {
    "metadata": {
      "model_name": "MLP (Neural Network)",
      "hyperparams": {
        "hidden_layer_sizes": [
          100
        ],
        "activation": "tanh",
        "alpha": 0.1
      }
    },
    "test_accuracy": 0.40240788033564395,
    "test_f1": 0.2513596437662396,
    "test_precision": 0.23403593338150946,
    "test_recall": 0.40240788033564395,
    "train_accuracy": 0.9805767515607967,
    "train_f1": 0.9805664101646576,
    "train_precision": 0.9805939215049045,
    "train_recall": 0.9805767515607967
  },
  "test_accuracy": 0.40240788033564395,
  "train_accuracy": 0.9805767515607967,
  "worker_id": "worker_4ecdab64b9602cd0f085a14b6fc2ba0819cf4e46d7236796e640f716"
}