{
  "task_id": "MLP_(Neural_Network)_36_1854",
  "model_name": "MLP (Neural Network)",
  "fold_id": "36",
  "hyperparams": {
    "hidden_layer_sizes": [
      200,
      100,
      50
    ],
    "activation": "tanh",
    "alpha": "0.1"
  },
  "test_results": {
    "accuracy": 0.5179808644011877,
    "f1": 0.3997939219963178,
    "precision": 0.7587095184004936,
    "recall": 0.5179808644011877
  },
  "train_results": {
    "accuracy": 0.9915952373011373,
    "f1": 0.9915994864681194,
    "precision": 0.9916486667532788,
    "recall": 0.9915952373011373
  },
  "detailed_results": {
    "metadata": {
      "model_name": "MLP (Neural Network)",
      "hyperparams": {
        "hidden_layer_sizes": [
          200,
          100,
          50
        ],
        "activation": "tanh",
        "alpha": 0.1
      }
    },
    "test_accuracy": 0.5179808644011877,
    "test_f1": 0.3997939219963178,
    "test_precision": 0.7587095184004936,
    "test_recall": 0.5179808644011877,
    "train_accuracy": 0.9915952373011373,
    "train_f1": 0.9915994864681194,
    "train_precision": 0.9916486667532788,
    "train_recall": 0.9915952373011373
  },
  "test_accuracy": 0.5179808644011877,
  "train_accuracy": 0.9915952373011373,
  "worker_id": "worker_9e3fd0ef908bd08cdef52fcf6ca6de294f848f4eeecb3bcd34871c29"
}