{
  "task_id": "MLP_(Neural_Network)_9_9244",
  "model_name": "MLP (Neural Network)",
  "fold_id": "9",
  "hyperparams": {
    "hidden_layer_sizes": [
      150,
      50
    ],
    "activation": "tanh",
    "alpha": "0.1"
  },
  "test_results": {
    "accuracy": 0.5079986940907607,
    "f1": 0.34261929561623816,
    "precision": 0.750143033739756,
    "recall": 0.5079986940907607
  },
  "train_results": {
    "accuracy": 0.9913859303529098,
    "f1": 0.991382401626573,
    "precision": 0.9914079452061005,
    "recall": 0.9913859303529098
  },
  "detailed_results": {
    "metadata": {
      "model_name": "MLP (Neural Network)",
      "hyperparams": {
        "hidden_layer_sizes": [
          150,
          50
        ],
        "activation": "tanh",
        "alpha": 0.1
      }
    },
    "test_accuracy": 0.5079986940907607,
    "test_f1": 0.34261929561623816,
    "test_precision": 0.750143033739756,
    "test_recall": 0.5079986940907607,
    "train_accuracy": 0.9913859303529098,
    "train_f1": 0.991382401626573,
    "train_precision": 0.9914079452061005,
    "train_recall": 0.9913859303529098
  },
  "test_accuracy": 0.5079986940907607,
  "train_accuracy": 0.9913859303529098,
  "worker_id": "worker_d39782c0b09c22e40e244262bb1bd3ad13987be1a99c6a2738374dd6"
}