{
  "task_id": "XGBoost_6_4738",
  "model_name": "XGBoost",
  "fold_id": "6",
  "hyperparams": {
    "n_estimators": "100",
    "max_depth": "9",
    "learning_rate": "0.2",
    "subsample": "0.7"
  },
  "test_results": {
    "accuracy": 0.5968431437027294,
    "f1": 0.5299019656179755,
    "precision": 0.7559110995182718,
    "recall": 0.5968431437027294
  },
  "train_results": {
    "accuracy": 0.9999666366396424,
    "f1": 0.99996663651951,
    "precision": 0.9999666386511797,
    "recall": 0.9999666366396424
  },
  "detailed_results": {
    "metadata": {
      "model_name": "XGBoost",
      "hyperparams": {
        "n_estimators": 100,
        "max_depth": 9,
        "learning_rate": 0.2,
        "subsample": 0.7
      }
    },
    "test_accuracy": 0.5968431437027294,
    "test_f1": 0.5299019656179755,
    "test_precision": 0.7559110995182718,
    "test_recall": 0.5968431437027294,
    "train_accuracy": 0.9999666366396424,
    "train_f1": 0.99996663651951,
    "train_precision": 0.9999666386511797,
    "train_recall": 0.9999666366396424
  },
  "test_accuracy": 0.5968431437027294,
  "train_accuracy": 0.9999666366396424,
  "worker_id": "worker_7179033e0614f5f70ca0fae0ced4eb1e87d860bb0e1d7d727607557d"
}