{
  "task_id": "KNN_15_2825",
  "model_name": "KNN",
  "fold_id": "15",
  "hyperparams": {
    "n_neighbors": 1,
    "weights": "uniform",
    "metric": "euclidean"
  },
  "test_results": {
    "accuracy": 0.6878063725490197,
    "f1": 0.687935532773685,
    "precision": 0.6897143791242509,
    "recall": 0.6878063725490197
  },
  "train_results": {
    "accuracy": 1.0,
    "f1": 1.0,
    "precision": 1.0,
    "recall": 1.0
  },
  "detailed_results": {
    "metadata": {
      "model_name": "KNN",
      "hyperparams": {
        "n_neighbors": 1,
        "weights": "uniform",
        "metric": "euclidean"
      }
    },
    "test_accuracy": 0.6878063725490197,
    "test_f1": 0.687935532773685,
    "test_precision": 0.6897143791242509,
    "test_recall": 0.6878063725490197,
    "train_accuracy": 1.0,
    "train_f1": 1.0,
    "train_precision": 1.0,
    "train_recall": 1.0
  },
  "test_accuracy": 0.6878063725490197,
  "train_accuracy": 1.0,
  "worker_id": "worker_2198952cf17c0c52953e22c552484797fb65732d81b66218d90e3609"
}