{
  "task_id": "MLP_(Neural_Network)_37_8410",
  "model_name": "MLP (Neural Network)",
  "fold_id": "37",
  "hyperparams": {
    "hidden_layer_sizes": [
      100
    ],
    "activation": "tanh",
    "alpha": "0.1"
  },
  "test_results": {
    "accuracy": 0.30029585798816566,
    "f1": 0.13870320630625174,
    "precision": 0.09017760232484856,
    "recall": 0.30029585798816566
  },
  "train_results": {
    "accuracy": 0.9842600037108046,
    "f1": 0.9842563697896856,
    "precision": 0.9842618025721401,
    "recall": 0.9842600037108046
  },
  "detailed_results": {
    "metadata": {
      "model_name": "MLP (Neural Network)",
      "hyperparams": {
        "hidden_layer_sizes": [
          100
        ],
        "activation": "tanh",
        "alpha": 0.1
      }
    },
    "test_accuracy": 0.30029585798816566,
    "test_f1": 0.13870320630625174,
    "test_precision": 0.09017760232484856,
    "test_recall": 0.30029585798816566,
    "train_accuracy": 0.9842600037108046,
    "train_f1": 0.9842563697896856,
    "train_precision": 0.9842618025721401,
    "train_recall": 0.9842600037108046
  },
  "test_accuracy": 0.30029585798816566,
  "train_accuracy": 0.9842600037108046,
  "worker_id": "worker_6899fb3747df32845309131254a28f98b2ed42f6e5f22d1c2017d7b4"
}