{
  "task_id": "XGBoost_20_8809",
  "model_name": "XGBoost",
  "fold_id": "20",
  "hyperparams": {
    "n_estimators": "100",
    "max_depth": "6",
    "learning_rate": "0.2",
    "subsample": "0.7"
  },
  "test_results": {
    "accuracy": 0.5543113101903695,
    "f1": 0.5218192963500748,
    "precision": 0.6536720266523486,
    "recall": 0.5543113101903695
  },
  "train_results": {
    "accuracy": 0.9816008218922201,
    "f1": 0.981584024427443,
    "precision": 0.9817026588092639,
    "recall": 0.9816008218922201
  },
  "detailed_results": {
    "metadata": {
      "model_name": "XGBoost",
      "hyperparams": {
        "n_estimators": 100,
        "max_depth": 6,
        "learning_rate": 0.2,
        "subsample": 0.7
      }
    },
    "test_accuracy": 0.5543113101903695,
    "test_f1": 0.5218192963500748,
    "test_precision": 0.6536720266523486,
    "test_recall": 0.5543113101903695,
    "train_accuracy": 0.9816008218922201,
    "train_f1": 0.981584024427443,
    "train_precision": 0.9817026588092639,
    "train_recall": 0.9816008218922201
  },
  "test_accuracy": 0.5543113101903695,
  "train_accuracy": 0.9816008218922201,
  "worker_id": "worker_3c10fe8eb5d81f034c90caef0a289ec47dd9b6186ae43e3f10d19d0e"
}