{
  "task_id": "MLP_(Neural_Network)_31_2099",
  "model_name": "MLP (Neural Network)",
  "fold_id": "31",
  "hyperparams": {
    "hidden_layer_sizes": [
      100
    ],
    "activation": "tanh",
    "alpha": "0.1"
  },
  "test_results": {
    "accuracy": 0.4911894273127753,
    "f1": 0.3410974093489416,
    "precision": 0.7443917878813066,
    "recall": 0.4911894273127753
  },
  "train_results": {
    "accuracy": 0.9845153505831881,
    "f1": 0.9845107388249806,
    "precision": 0.984519759548855,
    "recall": 0.9845153505831881
  },
  "detailed_results": {
    "metadata": {
      "model_name": "MLP (Neural Network)",
      "hyperparams": {
        "hidden_layer_sizes": [
          100
        ],
        "activation": "tanh",
        "alpha": 0.1
      }
    },
    "test_accuracy": 0.4911894273127753,
    "test_f1": 0.3410974093489416,
    "test_precision": 0.7443917878813066,
    "test_recall": 0.4911894273127753,
    "train_accuracy": 0.9845153505831881,
    "train_f1": 0.9845107388249806,
    "train_precision": 0.984519759548855,
    "train_recall": 0.9845153505831881
  },
  "test_accuracy": 0.4911894273127753,
  "train_accuracy": 0.9845153505831881,
  "worker_id": "worker_7cd9df79b45cf25881c37a45f41bcfaf4c2b1498224638fd2b2bbd84"
}