{
  "task_id": "KNN_28_3889",
  "model_name": "KNN",
  "fold_id": "28",
  "hyperparams": {
    "n_neighbors": 15,
    "weights": "uniform",
    "metric": "euclidean"
  },
  "test_results": {
    "accuracy": 0.7737765466297323,
    "f1": 0.771961311746638,
    "precision": 0.7887221864845374,
    "recall": 0.7737765466297323
  },
  "train_results": {
    "accuracy": 0.8773918762331276,
    "f1": 0.8773930252732473,
    "precision": 0.8773941899122677,
    "recall": 0.8773918762331276
  },
  "detailed_results": {
    "metadata": {
      "model_name": "KNN",
      "hyperparams": {
        "n_neighbors": 15,
        "weights": "uniform",
        "metric": "euclidean"
      }
    },
    "test_accuracy": 0.7737765466297323,
    "test_f1": 0.771961311746638,
    "test_precision": 0.7887221864845374,
    "test_recall": 0.7737765466297323,
    "train_accuracy": 0.8773918762331276,
    "train_f1": 0.8773930252732473,
    "train_precision": 0.8773941899122677,
    "train_recall": 0.8773918762331276
  },
  "test_accuracy": 0.7737765466297323,
  "train_accuracy": 0.8773918762331276,
  "worker_id": "worker_bc9ee1358e0239b7f40e573f574a3b1fa59f864bd25831c59cd39fda"
}