{
  "task_id": "MLP_(Neural_Network)_26_6123",
  "model_name": "MLP (Neural Network)",
  "fold_id": "26",
  "hyperparams": {
    "hidden_layer_sizes": [
      100
    ],
    "activation": "tanh",
    "alpha": "0.1"
  },
  "test_results": {
    "accuracy": 0.748816768086545,
    "f1": 0.7493083799187119,
    "precision": 0.7515442547675544,
    "recall": 0.748816768086545
  },
  "train_results": {
    "accuracy": 0.8278546712802768,
    "f1": 0.8282754138222034,
    "precision": 0.8300842278408963,
    "recall": 0.8278546712802768
  },
  "detailed_results": {
    "metadata": {
      "model_name": "MLP (Neural Network)",
      "hyperparams": {
        "hidden_layer_sizes": [
          100
        ],
        "activation": "tanh",
        "alpha": 0.1
      }
    },
    "test_accuracy": 0.748816768086545,
    "test_f1": 0.7493083799187119,
    "test_precision": 0.7515442547675544,
    "test_recall": 0.748816768086545,
    "train_accuracy": 0.8278546712802768,
    "train_f1": 0.8282754138222034,
    "train_precision": 0.8300842278408963,
    "train_recall": 0.8278546712802768
  },
  "test_accuracy": 0.748816768086545,
  "train_accuracy": 0.8278546712802768,
  "worker_id": "worker_d843c3c8b96c011cad52e00c2a6013b8c27328d4e7c3484ccba65137"
}