{
  "task_id": "KNN_47_5927",
  "model_name": "KNN",
  "fold_id": "47",
  "hyperparams": {
    "n_neighbors": 1,
    "weights": "uniform",
    "metric": "euclidean"
  },
  "test_results": {
    "accuracy": 0.7064039408866996,
    "f1": 0.7063594763282466,
    "precision": 0.7065125678918782,
    "recall": 0.7064039408866996
  },
  "train_results": {
    "accuracy": 1.0,
    "f1": 1.0,
    "precision": 1.0,
    "recall": 1.0
  },
  "detailed_results": {
    "metadata": {
      "model_name": "KNN",
      "hyperparams": {
        "n_neighbors": 1,
        "weights": "uniform",
        "metric": "euclidean"
      }
    },
    "test_accuracy": 0.7064039408866996,
    "test_f1": 0.7063594763282466,
    "test_precision": 0.7065125678918782,
    "test_recall": 0.7064039408866996,
    "train_accuracy": 1.0,
    "train_f1": 1.0,
    "train_precision": 1.0,
    "train_recall": 1.0
  },
  "test_accuracy": 0.7064039408866996,
  "train_accuracy": 1.0,
  "worker_id": "worker_36d6cd2f049e0587cd2fd62b9ebdb86c63d526f87f6d5dc18ec12c8e"
}