{
  "task_id": "MLP_(Neural_Network)_0_0881",
  "model_name": "MLP (Neural Network)",
  "fold_id": "0",
  "hyperparams": {
    "hidden_layer_sizes": [
      150,
      50
    ],
    "activation": "tanh",
    "alpha": "0.1"
  },
  "test_results": {
    "accuracy": 0.9246284501061571,
    "f1": 0.9248919998548562,
    "precision": 0.9283282609312401,
    "recall": 0.9246284501061571
  },
  "train_results": {
    "accuracy": 0.8727238712895984,
    "f1": 0.8724007662147045,
    "precision": 0.8728284868665829,
    "recall": 0.8727238712895984
  },
  "detailed_results": {
    "metadata": {
      "model_name": "MLP (Neural Network)",
      "hyperparams": {
        "hidden_layer_sizes": [
          150,
          50
        ],
        "activation": "tanh",
        "alpha": 0.1
      }
    },
    "test_accuracy": 0.9246284501061571,
    "test_f1": 0.9248919998548562,
    "test_precision": 0.9283282609312401,
    "test_recall": 0.9246284501061571,
    "train_accuracy": 0.8727238712895984,
    "train_f1": 0.8724007662147045,
    "train_precision": 0.8728284868665829,
    "train_recall": 0.8727238712895984
  },
  "test_accuracy": 0.9246284501061571,
  "train_accuracy": 0.8727238712895984,
  "worker_id": "worker_406cc91b3236390c22f9af8c452f667fe3255ff9f32bc788a000275b"
}