{
  "task_id": "XGBoost_29_7132",
  "model_name": "XGBoost",
  "fold_id": "29",
  "hyperparams": {
    "n_estimators": "100",
    "max_depth": "3",
    "learning_rate": "0.2",
    "subsample": "0.7"
  },
  "test_results": {
    "accuracy": 0.7933000712758375,
    "f1": 0.7927594329295053,
    "precision": 0.8148553147779751,
    "recall": 0.7933000712758375
  },
  "train_results": {
    "accuracy": 0.8990664724576272,
    "f1": 0.8985400518484734,
    "precision": 0.9002435634611086,
    "recall": 0.8990664724576272
  },
  "detailed_results": {
    "metadata": {
      "model_name": "XGBoost",
      "hyperparams": {
        "n_estimators": 100,
        "max_depth": 3,
        "learning_rate": 0.2,
        "subsample": 0.7
      }
    },
    "test_accuracy": 0.7933000712758375,
    "test_f1": 0.7927594329295053,
    "test_precision": 0.8148553147779751,
    "test_recall": 0.7933000712758375,
    "train_accuracy": 0.8990664724576272,
    "train_f1": 0.8985400518484734,
    "train_precision": 0.9002435634611086,
    "train_recall": 0.8990664724576272
  },
  "test_accuracy": 0.7933000712758375,
  "train_accuracy": 0.8990664724576272,
  "worker_id": "worker_296c9067751c10261d0a02ea71b317973f480dc36337f2a820a58435"
}