{
  "task_id": "MLP_(Neural_Network)_14_6123",
  "model_name": "MLP (Neural Network)",
  "fold_id": "14",
  "hyperparams": {
    "hidden_layer_sizes": [
      100
    ],
    "activation": "tanh",
    "alpha": "0.1"
  },
  "test_results": {
    "accuracy": 0.611887072808321,
    "f1": 0.6019553302844882,
    "precision": 0.6110844335223443,
    "recall": 0.611887072808321
  },
  "train_results": {
    "accuracy": 0.8216803264865594,
    "f1": 0.8184202620416162,
    "precision": 0.8303133286491855,
    "recall": 0.8216803264865594
  },
  "detailed_results": {
    "metadata": {
      "model_name": "MLP (Neural Network)",
      "hyperparams": {
        "hidden_layer_sizes": [
          100
        ],
        "activation": "tanh",
        "alpha": 0.1
      }
    },
    "test_accuracy": 0.611887072808321,
    "test_f1": 0.6019553302844882,
    "test_precision": 0.6110844335223443,
    "test_recall": 0.611887072808321,
    "train_accuracy": 0.8216803264865594,
    "train_f1": 0.8184202620416162,
    "train_precision": 0.8303133286491855,
    "train_recall": 0.8216803264865594
  },
  "test_accuracy": 0.611887072808321,
  "train_accuracy": 0.8216803264865594,
  "worker_id": "worker_d843c3c8b96c011cad52e00c2a6013b8c27328d4e7c3484ccba65137"
}