{
  "task_id": "KNN_6_7246",
  "model_name": "KNN",
  "fold_id": "6",
  "hyperparams": {
    "n_neighbors": 7,
    "weights": "uniform",
    "metric": "euclidean"
  },
  "test_results": {
    "accuracy": 0.568090787716956,
    "f1": 0.542506921771824,
    "precision": 0.5608564754907865,
    "recall": 0.568090787716956
  },
  "train_results": {
    "accuracy": 0.9190152575121594,
    "f1": 0.9190211087349388,
    "precision": 0.9190277040077948,
    "recall": 0.9190152575121594
  },
  "detailed_results": {
    "metadata": {
      "model_name": "KNN",
      "hyperparams": {
        "n_neighbors": 7,
        "weights": "uniform",
        "metric": "euclidean"
      }
    },
    "test_accuracy": 0.568090787716956,
    "test_f1": 0.542506921771824,
    "test_precision": 0.5608564754907865,
    "test_recall": 0.568090787716956,
    "train_accuracy": 0.9190152575121594,
    "train_f1": 0.9190211087349388,
    "train_precision": 0.9190277040077948,
    "train_recall": 0.9190152575121594
  },
  "test_accuracy": 0.568090787716956,
  "train_accuracy": 0.9190152575121594,
  "worker_id": "worker_9f50cb83a680810c1a1398b2d83a7b1776d9b35866b6979332374f48"
}