{
  "task_id": "KNN_32_9928",
  "model_name": "KNN",
  "fold_id": "32",
  "hyperparams": {
    "n_neighbors": 7,
    "weights": "uniform",
    "metric": "euclidean"
  },
  "test_results": {
    "accuracy": 0.7479865771812081,
    "f1": 0.7471381348179389,
    "precision": 0.7471493972171119,
    "recall": 0.7479865771812081
  },
  "train_results": {
    "accuracy": 0.8943197709262836,
    "f1": 0.8943749330576981,
    "precision": 0.8944692882038197,
    "recall": 0.8943197709262836
  },
  "detailed_results": {
    "metadata": {
      "model_name": "KNN",
      "hyperparams": {
        "n_neighbors": 7,
        "weights": "uniform",
        "metric": "euclidean"
      }
    },
    "test_accuracy": 0.7479865771812081,
    "test_f1": 0.7471381348179389,
    "test_precision": 0.7471493972171119,
    "test_recall": 0.7479865771812081,
    "train_accuracy": 0.8943197709262836,
    "train_f1": 0.8943749330576981,
    "train_precision": 0.8944692882038197,
    "train_recall": 0.8943197709262836
  },
  "test_accuracy": 0.7479865771812081,
  "train_accuracy": 0.8943197709262836,
  "worker_id": "worker_1c30d618a35468f978c660a1d22b91a5cb0f45605bf7bb8ceb4bce16"
}