{
  "task_id": "XGBoost_22_3312",
  "model_name": "XGBoost",
  "fold_id": "22",
  "hyperparams": {
    "n_estimators": "100",
    "max_depth": "9",
    "learning_rate": "0.2",
    "subsample": "0.7"
  },
  "test_results": {
    "accuracy": 0.5246231155778894,
    "f1": 0.39527226918087377,
    "precision": 0.7588452680067003,
    "recall": 0.5246231155778894
  },
  "train_results": {
    "accuracy": 0.9999375370873543,
    "f1": 0.9999375367006439,
    "precision": 0.9999375441926794,
    "recall": 0.9999375370873543
  },
  "detailed_results": {
    "metadata": {
      "model_name": "XGBoost",
      "hyperparams": {
        "n_estimators": 100,
        "max_depth": 9,
        "learning_rate": 0.2,
        "subsample": 0.7
      }
    },
    "test_accuracy": 0.5246231155778894,
    "test_f1": 0.39527226918087377,
    "test_precision": 0.7588452680067003,
    "test_recall": 0.5246231155778894,
    "train_accuracy": 0.9999375370873543,
    "train_f1": 0.9999375367006439,
    "train_precision": 0.9999375441926794,
    "train_recall": 0.9999375370873543
  },
  "test_accuracy": 0.5246231155778894,
  "train_accuracy": 0.9999375370873543,
  "worker_id": "worker_8217a94ca570b2d1b3a6d14e8bf975b5e1bcee7910192d8575a86d01"
}