{
  "task_id": "KNN_6_1206",
  "model_name": "KNN",
  "fold_id": "6",
  "hyperparams": {
    "n_neighbors": 15,
    "weights": "uniform",
    "metric": "euclidean"
  },
  "test_results": {
    "accuracy": 0.6565420560747663,
    "f1": 0.6572645559532933,
    "precision": 0.6623660566554357,
    "recall": 0.6565420560747663
  },
  "train_results": {
    "accuracy": 0.8767406222932906,
    "f1": 0.8765327100640269,
    "precision": 0.876631405194381,
    "recall": 0.8767406222932906
  },
  "detailed_results": {
    "metadata": {
      "model_name": "KNN",
      "hyperparams": {
        "n_neighbors": 15,
        "weights": "uniform",
        "metric": "euclidean"
      }
    },
    "test_accuracy": 0.6565420560747663,
    "test_f1": 0.6572645559532933,
    "test_precision": 0.6623660566554357,
    "test_recall": 0.6565420560747663,
    "train_accuracy": 0.8767406222932906,
    "train_f1": 0.8765327100640269,
    "train_precision": 0.876631405194381,
    "train_recall": 0.8767406222932906
  },
  "test_accuracy": 0.6565420560747663,
  "train_accuracy": 0.8767406222932906,
  "worker_id": "worker_3f7899d9b66214a04de4b7102bd441429c2717e05127c566b3eb9ea5"
}