{
  "task_id": "MLP_(Neural_Network)_39_6858",
  "model_name": "MLP (Neural Network)",
  "fold_id": "39",
  "hyperparams": {
    "hidden_layer_sizes": [
      150,
      50
    ],
    "activation": "tanh",
    "alpha": "0.1"
  },
  "test_results": {
    "accuracy": 0.6172796668979875,
    "f1": 0.6074763124982056,
    "precision": 0.6121238376652068,
    "recall": 0.6172796668979875
  },
  "train_results": {
    "accuracy": 0.8213859020310633,
    "f1": 0.8217221068615718,
    "precision": 0.8371140305872986,
    "recall": 0.8213859020310633
  },
  "detailed_results": {
    "metadata": {
      "model_name": "MLP (Neural Network)",
      "hyperparams": {
        "hidden_layer_sizes": [
          150,
          50
        ],
        "activation": "tanh",
        "alpha": 0.1
      }
    },
    "test_accuracy": 0.6172796668979875,
    "test_f1": 0.6074763124982056,
    "test_precision": 0.6121238376652068,
    "test_recall": 0.6172796668979875,
    "train_accuracy": 0.8213859020310633,
    "train_f1": 0.8217221068615718,
    "train_precision": 0.8371140305872986,
    "train_recall": 0.8213859020310633
  },
  "test_accuracy": 0.6172796668979875,
  "train_accuracy": 0.8213859020310633,
  "worker_id": "worker_296c9067751c10261d0a02ea71b317973f480dc36337f2a820a58435"
}