{
  "task_id": "KNN_1_3824",
  "model_name": "KNN",
  "fold_id": "1",
  "hyperparams": {
    "n_neighbors": 7,
    "weights": "uniform",
    "metric": "euclidean"
  },
  "test_results": {
    "accuracy": 0.464247598719317,
    "f1": 0.45090330346841967,
    "precision": 0.4891105334698104,
    "recall": 0.464247598719317
  },
  "train_results": {
    "accuracy": 0.8936309505252985,
    "f1": 0.8935734495826672,
    "precision": 0.8935619746428345,
    "recall": 0.8936309505252985
  },
  "detailed_results": {
    "metadata": {
      "model_name": "KNN",
      "hyperparams": {
        "n_neighbors": 7,
        "weights": "uniform",
        "metric": "euclidean"
      }
    },
    "test_accuracy": 0.464247598719317,
    "test_f1": 0.45090330346841967,
    "test_precision": 0.4891105334698104,
    "test_recall": 0.464247598719317,
    "train_accuracy": 0.8936309505252985,
    "train_f1": 0.8935734495826672,
    "train_precision": 0.8935619746428345,
    "train_recall": 0.8936309505252985
  },
  "test_accuracy": 0.464247598719317,
  "train_accuracy": 0.8936309505252985,
  "worker_id": "worker_7c1a9ac101439b0bd5e960aa8e089f97d8a9785aa104d24c6dda16d3"
}