{
  "task_id": "KNN_29_7516",
  "model_name": "KNN",
  "fold_id": "29",
  "hyperparams": {
    "n_neighbors": 7,
    "weights": "uniform",
    "metric": "euclidean"
  },
  "test_results": {
    "accuracy": 0.5129151291512916,
    "f1": 0.37374368574380995,
    "precision": 0.4736780215412123,
    "recall": 0.5129151291512916
  },
  "train_results": {
    "accuracy": 0.9240839336047604,
    "f1": 0.9241345046804548,
    "precision": 0.9242815317891461,
    "recall": 0.9240839336047604
  },
  "detailed_results": {
    "metadata": {
      "model_name": "KNN",
      "hyperparams": {
        "n_neighbors": 7,
        "weights": "uniform",
        "metric": "euclidean"
      }
    },
    "test_accuracy": 0.5129151291512916,
    "test_f1": 0.37374368574380995,
    "test_precision": 0.4736780215412123,
    "test_recall": 0.5129151291512916,
    "train_accuracy": 0.9240839336047604,
    "train_f1": 0.9241345046804548,
    "train_precision": 0.9242815317891461,
    "train_recall": 0.9240839336047604
  },
  "test_accuracy": 0.5129151291512916,
  "train_accuracy": 0.9240839336047604,
  "worker_id": "worker_ecf8fd858b66b032af1ca7e3af6682df65fb77b7e8bc47c0e0e2ab29"
}