{
  "task_id": "XGBoost_39_3537",
  "model_name": "XGBoost",
  "fold_id": "39",
  "hyperparams": {
    "n_estimators": "100",
    "max_depth": "9",
    "learning_rate": "0.2",
    "subsample": "0.7"
  },
  "test_results": {
    "accuracy": 0.573560027758501,
    "f1": 0.5738180266169371,
    "precision": 0.5897751652959083,
    "recall": 0.573560027758501
  },
  "train_results": {
    "accuracy": 0.999966812690827,
    "f1": 0.9999668125622474,
    "precision": 0.999966814666027,
    "recall": 0.999966812690827
  },
  "detailed_results": {
    "metadata": {
      "model_name": "XGBoost",
      "hyperparams": {
        "n_estimators": 100,
        "max_depth": 9,
        "learning_rate": 0.2,
        "subsample": 0.7
      }
    },
    "test_accuracy": 0.573560027758501,
    "test_f1": 0.5738180266169371,
    "test_precision": 0.5897751652959083,
    "test_recall": 0.573560027758501,
    "train_accuracy": 0.999966812690827,
    "train_f1": 0.9999668125622474,
    "train_precision": 0.999966814666027,
    "train_recall": 0.999966812690827
  },
  "test_accuracy": 0.573560027758501,
  "train_accuracy": 0.999966812690827,
  "worker_id": "worker_4b31da931604c440b4a855a9d6337ba8fd0192dc71a1ce94219e86c0"
}