{
  "task_id": "KNN_6_9928",
  "model_name": "KNN",
  "fold_id": "6",
  "hyperparams": {
    "n_neighbors": 7,
    "weights": "uniform",
    "metric": "euclidean"
  },
  "test_results": {
    "accuracy": 0.7905294311081881,
    "f1": 0.7904470997242635,
    "precision": 0.7905512162730999,
    "recall": 0.7905294311081881
  },
  "train_results": {
    "accuracy": 0.8843959563607247,
    "f1": 0.8843913628646268,
    "precision": 0.8843870096498568,
    "recall": 0.8843959563607247
  },
  "detailed_results": {
    "metadata": {
      "model_name": "KNN",
      "hyperparams": {
        "n_neighbors": 7,
        "weights": "uniform",
        "metric": "euclidean"
      }
    },
    "test_accuracy": 0.7905294311081881,
    "test_f1": 0.7904470997242635,
    "test_precision": 0.7905512162730999,
    "test_recall": 0.7905294311081881,
    "train_accuracy": 0.8843959563607247,
    "train_f1": 0.8843913628646268,
    "train_precision": 0.8843870096498568,
    "train_recall": 0.8843959563607247
  },
  "test_accuracy": 0.7905294311081881,
  "train_accuracy": 0.8843959563607247,
  "worker_id": "worker_9de6a5cf23cb1d33ae35bba561da27c8500fe90b801d5a3736360113"
}