{
  "task_id": "XGBoost_20_4735",
  "model_name": "XGBoost",
  "fold_id": "20",
  "hyperparams": {
    "n_estimators": "100",
    "max_depth": "3",
    "learning_rate": "0.2",
    "subsample": "0.7"
  },
  "test_results": {
    "accuracy": 0.49944008958566627,
    "f1": 0.4123020170727534,
    "precision": 0.6850636471254207,
    "recall": 0.49944008958566627
  },
  "train_results": {
    "accuracy": 0.8877369944895862,
    "f1": 0.8874841598174578,
    "precision": 0.8878520240387024,
    "recall": 0.8877369944895862
  },
  "detailed_results": {
    "metadata": {
      "model_name": "XGBoost",
      "hyperparams": {
        "n_estimators": 100,
        "max_depth": 3,
        "learning_rate": 0.2,
        "subsample": 0.7
      }
    },
    "test_accuracy": 0.49944008958566627,
    "test_f1": 0.4123020170727534,
    "test_precision": 0.6850636471254207,
    "test_recall": 0.49944008958566627,
    "train_accuracy": 0.8877369944895862,
    "train_f1": 0.8874841598174578,
    "train_precision": 0.8878520240387024,
    "train_recall": 0.8877369944895862
  },
  "test_accuracy": 0.49944008958566627,
  "train_accuracy": 0.8877369944895862,
  "worker_id": "worker_8351408ab5ac6d7ec0ddef4ab6d6d7258c4be6f3ba76699a89134a3e"
}