{
  "task_id": "KNN_46_1641",
  "model_name": "KNN",
  "fold_id": "46",
  "hyperparams": {
    "n_neighbors": 7,
    "weights": "uniform",
    "metric": "euclidean"
  },
  "test_results": {
    "accuracy": 0.4681623226657869,
    "f1": 0.4451317006936592,
    "precision": 0.47008386153549414,
    "recall": 0.4681623226657869
  },
  "train_results": {
    "accuracy": 0.9261248040556316,
    "f1": 0.9261407374562305,
    "precision": 0.9261654439914989,
    "recall": 0.9261248040556316
  },
  "detailed_results": {
    "metadata": {
      "model_name": "KNN",
      "hyperparams": {
        "n_neighbors": 7,
        "weights": "uniform",
        "metric": "euclidean"
      }
    },
    "test_accuracy": 0.4681623226657869,
    "test_f1": 0.4451317006936592,
    "test_precision": 0.47008386153549414,
    "test_recall": 0.4681623226657869,
    "train_accuracy": 0.9261248040556316,
    "train_f1": 0.9261407374562305,
    "train_precision": 0.9261654439914989,
    "train_recall": 0.9261248040556316
  },
  "test_accuracy": 0.4681623226657869,
  "train_accuracy": 0.9261248040556316,
  "worker_id": "worker_b7a70e0aa9c3aeecb65fd22601d3448ea2af533f2f93d0bbbf2d755d"
}