{
  "task_id": "XGBoost_19_4735",
  "model_name": "XGBoost",
  "fold_id": "19",
  "hyperparams": {
    "n_estimators": "100",
    "max_depth": "3",
    "learning_rate": "0.2",
    "subsample": "0.7"
  },
  "test_results": {
    "accuracy": 0.5272407732864675,
    "f1": 0.36403275485832043,
    "precision": 0.2779828330157122,
    "recall": 0.5272407732864675
  },
  "train_results": {
    "accuracy": 0.8810703977914418,
    "f1": 0.8807350707661284,
    "precision": 0.881372819078156,
    "recall": 0.8810703977914418
  },
  "detailed_results": {
    "metadata": {
      "model_name": "XGBoost",
      "hyperparams": {
        "n_estimators": 100,
        "max_depth": 3,
        "learning_rate": 0.2,
        "subsample": 0.7
      }
    },
    "test_accuracy": 0.5272407732864675,
    "test_f1": 0.36403275485832043,
    "test_precision": 0.2779828330157122,
    "test_recall": 0.5272407732864675,
    "train_accuracy": 0.8810703977914418,
    "train_f1": 0.8807350707661284,
    "train_precision": 0.881372819078156,
    "train_recall": 0.8810703977914418
  },
  "test_accuracy": 0.5272407732864675,
  "train_accuracy": 0.8810703977914418,
  "worker_id": "worker_088f5273be9e00bf697658f0448b5f1022c17ea79eced88d40cde48f"
}