{
  "task_id": "MLP_(Neural_Network)_23_1854",
  "model_name": "MLP (Neural Network)",
  "fold_id": "23",
  "hyperparams": {
    "hidden_layer_sizes": [
      200,
      100,
      50
    ],
    "activation": "tanh",
    "alpha": "0.1"
  },
  "test_results": {
    "accuracy": 0.6258379037172456,
    "f1": 0.6178141120641718,
    "precision": 0.6411336862736521,
    "recall": 0.6258379037172456
  },
  "train_results": {
    "accuracy": 0.9943495224001077,
    "f1": 0.9943519103171655,
    "precision": 0.9943903321144102,
    "recall": 0.9943495224001077
  },
  "detailed_results": {
    "metadata": {
      "model_name": "MLP (Neural Network)",
      "hyperparams": {
        "hidden_layer_sizes": [
          200,
          100,
          50
        ],
        "activation": "tanh",
        "alpha": 0.1
      }
    },
    "test_accuracy": 0.6258379037172456,
    "test_f1": 0.6178141120641718,
    "test_precision": 0.6411336862736521,
    "test_recall": 0.6258379037172456,
    "train_accuracy": 0.9943495224001077,
    "train_f1": 0.9943519103171655,
    "train_precision": 0.9943903321144102,
    "train_recall": 0.9943495224001077
  },
  "test_accuracy": 0.6258379037172456,
  "train_accuracy": 0.9943495224001077,
  "worker_id": "worker_c032beb2f325b4293511dc0a64c18da6e19d53e14705d676800291bb"
}