{
  "task_id": "XGBoost_16_4735",
  "model_name": "XGBoost",
  "fold_id": "16",
  "hyperparams": {
    "n_estimators": "100",
    "max_depth": "3",
    "learning_rate": "0.2",
    "subsample": "0.7"
  },
  "test_results": {
    "accuracy": 0.5147874306839186,
    "f1": 0.3498921279938288,
    "precision": 0.26500609879015036,
    "recall": 0.5147874306839186
  },
  "train_results": {
    "accuracy": 0.8769886007766504,
    "f1": 0.8766169136199758,
    "precision": 0.8773205271586443,
    "recall": 0.8769886007766504
  },
  "detailed_results": {
    "metadata": {
      "model_name": "XGBoost",
      "hyperparams": {
        "n_estimators": 100,
        "max_depth": 3,
        "learning_rate": 0.2,
        "subsample": 0.7
      }
    },
    "test_accuracy": 0.5147874306839186,
    "test_f1": 0.3498921279938288,
    "test_precision": 0.26500609879015036,
    "test_recall": 0.5147874306839186,
    "train_accuracy": 0.8769886007766504,
    "train_f1": 0.8766169136199758,
    "train_precision": 0.8773205271586443,
    "train_recall": 0.8769886007766504
  },
  "test_accuracy": 0.5147874306839186,
  "train_accuracy": 0.8769886007766504,
  "worker_id": "worker_8351408ab5ac6d7ec0ddef4ab6d6d7258c4be6f3ba76699a89134a3e"
}