{
  "task_id": "XGBoost_38_4735",
  "model_name": "XGBoost",
  "fold_id": "38",
  "hyperparams": {
    "n_estimators": "100",
    "max_depth": "3",
    "learning_rate": "0.2",
    "subsample": "0.7"
  },
  "test_results": {
    "accuracy": 0.5340050377833753,
    "f1": 0.5389303946221002,
    "precision": 0.8349092891274436,
    "recall": 0.5340050377833753
  },
  "train_results": {
    "accuracy": 0.8808193668528864,
    "f1": 0.8804520960110952,
    "precision": 0.8810319307151785,
    "recall": 0.8808193668528864
  },
  "detailed_results": {
    "metadata": {
      "model_name": "XGBoost",
      "hyperparams": {
        "n_estimators": 100,
        "max_depth": 3,
        "learning_rate": 0.2,
        "subsample": 0.7
      }
    },
    "test_accuracy": 0.5340050377833753,
    "test_f1": 0.5389303946221002,
    "test_precision": 0.8349092891274436,
    "test_recall": 0.5340050377833753,
    "train_accuracy": 0.8808193668528864,
    "train_f1": 0.8804520960110952,
    "train_precision": 0.8810319307151785,
    "train_recall": 0.8808193668528864
  },
  "test_accuracy": 0.5340050377833753,
  "train_accuracy": 0.8808193668528864,
  "worker_id": "worker_a4d907717a10b9bc8e4270b3e866353296fb45d86598e565a9f8f74a"
}