{
  "task_id": "MLP_(Neural_Network)_5_9244",
  "model_name": "MLP (Neural Network)",
  "fold_id": "5",
  "hyperparams": {
    "hidden_layer_sizes": [
      150,
      50
    ],
    "activation": "tanh",
    "alpha": "0.1"
  },
  "test_results": {
    "accuracy": 0.5090371344068354,
    "f1": 0.3584579940863678,
    "precision": 0.7083306398713296,
    "recall": 0.5090371344068354
  },
  "train_results": {
    "accuracy": 0.9940275599746422,
    "f1": 0.9940256720094969,
    "precision": 0.9940407407643154,
    "recall": 0.9940275599746422
  },
  "detailed_results": {
    "metadata": {
      "model_name": "MLP (Neural Network)",
      "hyperparams": {
        "hidden_layer_sizes": [
          150,
          50
        ],
        "activation": "tanh",
        "alpha": 0.1
      }
    },
    "test_accuracy": 0.5090371344068354,
    "test_f1": 0.3584579940863678,
    "test_precision": 0.7083306398713296,
    "test_recall": 0.5090371344068354,
    "train_accuracy": 0.9940275599746422,
    "train_f1": 0.9940256720094969,
    "train_precision": 0.9940407407643154,
    "train_recall": 0.9940275599746422
  },
  "test_accuracy": 0.5090371344068354,
  "train_accuracy": 0.9940275599746422,
  "worker_id": "worker_d39782c0b09c22e40e244262bb1bd3ad13987be1a99c6a2738374dd6"
}