{
  "task_id": "MLP_(Neural_Network)_16_6858",
  "model_name": "MLP (Neural Network)",
  "fold_id": "16",
  "hyperparams": {
    "hidden_layer_sizes": [
      150,
      50
    ],
    "activation": "tanh",
    "alpha": "0.1"
  },
  "test_results": {
    "accuracy": 0.7497562560935976,
    "f1": 0.7458400494178326,
    "precision": 0.7595332988853616,
    "recall": 0.7497562560935976
  },
  "train_results": {
    "accuracy": 0.878411330460634,
    "f1": 0.8775192535576071,
    "precision": 0.8808601509044007,
    "recall": 0.878411330460634
  },
  "detailed_results": {
    "metadata": {
      "model_name": "MLP (Neural Network)",
      "hyperparams": {
        "hidden_layer_sizes": [
          150,
          50
        ],
        "activation": "tanh",
        "alpha": 0.1
      }
    },
    "test_accuracy": 0.7497562560935976,
    "test_f1": 0.7458400494178326,
    "test_precision": 0.7595332988853616,
    "test_recall": 0.7497562560935976,
    "train_accuracy": 0.878411330460634,
    "train_f1": 0.8775192535576071,
    "train_precision": 0.8808601509044007,
    "train_recall": 0.878411330460634
  },
  "test_accuracy": 0.7497562560935976,
  "train_accuracy": 0.878411330460634,
  "worker_id": "worker_53b4da09906b747c63fe103348d36410dd68e6c524eb7c5540143987"
}