{
  "task_id": "XGBoost_44_6323",
  "model_name": "XGBoost",
  "fold_id": "44",
  "hyperparams": {
    "n_estimators": "100",
    "max_depth": "9",
    "learning_rate": "0.2",
    "subsample": "0.7"
  },
  "test_results": {
    "accuracy": 0.5760755508919203,
    "f1": 0.5535053299249455,
    "precision": 0.5667658299541236,
    "recall": 0.5760755508919203
  },
  "train_results": {
    "accuracy": 0.9998128567418358,
    "f1": 0.9998128531739106,
    "precision": 0.9998129203599406,
    "recall": 0.9998128567418358
  },
  "detailed_results": {
    "metadata": {
      "model_name": "XGBoost",
      "hyperparams": {
        "n_estimators": 100,
        "max_depth": 9,
        "learning_rate": 0.2,
        "subsample": 0.7
      }
    },
    "test_accuracy": 0.5760755508919203,
    "test_f1": 0.5535053299249455,
    "test_precision": 0.5667658299541236,
    "test_recall": 0.5760755508919203,
    "train_accuracy": 0.9998128567418358,
    "train_f1": 0.9998128531739106,
    "train_precision": 0.9998129203599406,
    "train_recall": 0.9998128567418358
  },
  "test_accuracy": 0.5760755508919203,
  "train_accuracy": 0.9998128567418358,
  "worker_id": "worker_65e19a6429e7aa385039e52f7b4f91f0633523cced4fb6eef449b5b6"
}