{
  "task_id": "MLP_(Neural_Network)_22_9244",
  "model_name": "MLP (Neural Network)",
  "fold_id": "22",
  "hyperparams": {
    "hidden_layer_sizes": [
      150,
      50
    ],
    "activation": "tanh",
    "alpha": "0.1"
  },
  "test_results": {
    "accuracy": 0.5431632010081916,
    "f1": 0.42989352398787734,
    "precision": 0.6951007539708408,
    "recall": 0.5431632010081916
  },
  "train_results": {
    "accuracy": 0.993666219839142,
    "f1": 0.9936668167517643,
    "precision": 0.9936690576434561,
    "recall": 0.993666219839142
  },
  "detailed_results": {
    "metadata": {
      "model_name": "MLP (Neural Network)",
      "hyperparams": {
        "hidden_layer_sizes": [
          150,
          50
        ],
        "activation": "tanh",
        "alpha": 0.1
      }
    },
    "test_accuracy": 0.5431632010081916,
    "test_f1": 0.42989352398787734,
    "test_precision": 0.6951007539708408,
    "test_recall": 0.5431632010081916,
    "train_accuracy": 0.993666219839142,
    "train_f1": 0.9936668167517643,
    "train_precision": 0.9936690576434561,
    "train_recall": 0.993666219839142
  },
  "test_accuracy": 0.5431632010081916,
  "train_accuracy": 0.993666219839142,
  "worker_id": "worker_4e8f1c6d945b2a1d2aea8e53efc3f78769976538607c3bd85e25ed7e"
}