{
  "task_id": "XGBoost_45_8809",
  "model_name": "XGBoost",
  "fold_id": "45",
  "hyperparams": {
    "n_estimators": "100",
    "max_depth": "6",
    "learning_rate": "0.2",
    "subsample": "0.7"
  },
  "test_results": {
    "accuracy": 0.8273866923818708,
    "f1": 0.8254978928871954,
    "precision": 0.8462601637269851,
    "recall": 0.8273866923818708
  },
  "train_results": {
    "accuracy": 0.9840510366826156,
    "f1": 0.9840374330866967,
    "precision": 0.9841495961561487,
    "recall": 0.9840510366826156
  },
  "detailed_results": {
    "metadata": {
      "model_name": "XGBoost",
      "hyperparams": {
        "n_estimators": 100,
        "max_depth": 6,
        "learning_rate": 0.2,
        "subsample": 0.7
      }
    },
    "test_accuracy": 0.8273866923818708,
    "test_f1": 0.8254978928871954,
    "test_precision": 0.8462601637269851,
    "test_recall": 0.8273866923818708,
    "train_accuracy": 0.9840510366826156,
    "train_f1": 0.9840374330866967,
    "train_precision": 0.9841495961561487,
    "train_recall": 0.9840510366826156
  },
  "test_accuracy": 0.8273866923818708,
  "train_accuracy": 0.9840510366826156,
  "worker_id": "worker_295d1e9e3dd915a26b67e1be770e2e3be83765094542e54fa9249df4"
}