{
  "task_id": "XGBoost_13_4735",
  "model_name": "XGBoost",
  "fold_id": "13",
  "hyperparams": {
    "n_estimators": "100",
    "max_depth": "3",
    "learning_rate": "0.2",
    "subsample": "0.7"
  },
  "test_results": {
    "accuracy": 0.5460122699386503,
    "f1": 0.4371639184224893,
    "precision": 0.7647710087030961,
    "recall": 0.5460122699386503
  },
  "train_results": {
    "accuracy": 0.8798983465629215,
    "f1": 0.8795752765531619,
    "precision": 0.8801148398280514,
    "recall": 0.8798983465629215
  },
  "detailed_results": {
    "metadata": {
      "model_name": "XGBoost",
      "hyperparams": {
        "n_estimators": 100,
        "max_depth": 3,
        "learning_rate": 0.2,
        "subsample": 0.7
      }
    },
    "test_accuracy": 0.5460122699386503,
    "test_f1": 0.4371639184224893,
    "test_precision": 0.7647710087030961,
    "test_recall": 0.5460122699386503,
    "train_accuracy": 0.8798983465629215,
    "train_f1": 0.8795752765531619,
    "train_precision": 0.8801148398280514,
    "train_recall": 0.8798983465629215
  },
  "test_accuracy": 0.5460122699386503,
  "train_accuracy": 0.8798983465629215,
  "worker_id": "worker_4e14dc46a08906fa60bdb891bcda8546f326d498cdbe43f8d26d67e5"
}