{
  "task_id": "XGBoost_28_3312",
  "model_name": "XGBoost",
  "fold_id": "28",
  "hyperparams": {
    "n_estimators": "100",
    "max_depth": "9",
    "learning_rate": "0.2",
    "subsample": "0.7"
  },
  "test_results": {
    "accuracy": 0.5914811229428848,
    "f1": 0.5408039138814924,
    "precision": 0.6546101799074598,
    "recall": 0.5914811229428848
  },
  "train_results": {
    "accuracy": 0.9999374628685782,
    "f1": 0.9999374628685782,
    "precision": 0.9999374628685782,
    "recall": 0.9999374628685782
  },
  "detailed_results": {
    "metadata": {
      "model_name": "XGBoost",
      "hyperparams": {
        "n_estimators": 100,
        "max_depth": 9,
        "learning_rate": 0.2,
        "subsample": 0.7
      }
    },
    "test_accuracy": 0.5914811229428848,
    "test_f1": 0.5408039138814924,
    "test_precision": 0.6546101799074598,
    "test_recall": 0.5914811229428848,
    "train_accuracy": 0.9999374628685782,
    "train_f1": 0.9999374628685782,
    "train_precision": 0.9999374628685782,
    "train_recall": 0.9999374628685782
  },
  "test_accuracy": 0.5914811229428848,
  "train_accuracy": 0.9999374628685782,
  "worker_id": "worker_bd64aa478045278c35d191d280e27e7663f6a2d271322ae514fa6765"
}