{
  "task_id": "XGBoost_34_6531",
  "model_name": "XGBoost",
  "fold_id": "34",
  "hyperparams": {
    "n_estimators": "100",
    "max_depth": "3",
    "learning_rate": "0.2",
    "subsample": "0.7"
  },
  "test_results": {
    "accuracy": 0.5028136378682555,
    "f1": 0.36640241092407533,
    "precision": 0.7398348380151527,
    "recall": 0.5028136378682555
  },
  "train_results": {
    "accuracy": 0.8827393058380288,
    "f1": 0.8823845765967173,
    "precision": 0.8829465828861284,
    "recall": 0.8827393058380288
  },
  "detailed_results": {
    "metadata": {
      "model_name": "XGBoost",
      "hyperparams": {
        "n_estimators": 100,
        "max_depth": 3,
        "learning_rate": 0.2,
        "subsample": 0.7
      }
    },
    "test_accuracy": 0.5028136378682555,
    "test_f1": 0.36640241092407533,
    "test_precision": 0.7398348380151527,
    "test_recall": 0.5028136378682555,
    "train_accuracy": 0.8827393058380288,
    "train_f1": 0.8823845765967173,
    "train_precision": 0.8829465828861284,
    "train_recall": 0.8827393058380288
  },
  "test_accuracy": 0.5028136378682555,
  "train_accuracy": 0.8827393058380288,
  "worker_id": "worker_bde904f64e4c0d756e7f802df2b82cd1178841ef8cc503c9c17841d6"
}