{
  "task_id": "MLP_(Neural_Network)_41_0881",
  "model_name": "MLP (Neural Network)",
  "fold_id": "41",
  "hyperparams": {
    "hidden_layer_sizes": [
      150,
      50
    ],
    "activation": "tanh",
    "alpha": "0.1"
  },
  "test_results": {
    "accuracy": 0.5902439024390244,
    "f1": 0.5859948038772125,
    "precision": 0.5866747442126706,
    "recall": 0.5902439024390244
  },
  "train_results": {
    "accuracy": 0.8798336928319109,
    "f1": 0.8800459363565237,
    "precision": 0.8811510981298721,
    "recall": 0.8798336928319109
  },
  "detailed_results": {
    "metadata": {
      "model_name": "MLP (Neural Network)",
      "hyperparams": {
        "hidden_layer_sizes": [
          150,
          50
        ],
        "activation": "tanh",
        "alpha": 0.1
      }
    },
    "test_accuracy": 0.5902439024390244,
    "test_f1": 0.5859948038772125,
    "test_precision": 0.5866747442126706,
    "test_recall": 0.5902439024390244,
    "train_accuracy": 0.8798336928319109,
    "train_f1": 0.8800459363565237,
    "train_precision": 0.8811510981298721,
    "train_recall": 0.8798336928319109
  },
  "test_accuracy": 0.5902439024390244,
  "train_accuracy": 0.8798336928319109,
  "worker_id": "worker_c2d95da0a2c3bec96323a150f23186f1eafcdb6f4cd2346299c36665"
}