{
  "task_id": "XGBoost_39_3312",
  "model_name": "XGBoost",
  "fold_id": "39",
  "hyperparams": {
    "n_estimators": "100",
    "max_depth": "9",
    "learning_rate": "0.2",
    "subsample": "0.7"
  },
  "test_results": {
    "accuracy": 0.4956605593056895,
    "f1": 0.4732917864054352,
    "precision": 0.5380726374182762,
    "recall": 0.4956605593056895
  },
  "train_results": {
    "accuracy": 0.9999061825687212,
    "f1": 0.9999061816636817,
    "precision": 0.9999061985448974,
    "recall": 0.9999061825687212
  },
  "detailed_results": {
    "metadata": {
      "model_name": "XGBoost",
      "hyperparams": {
        "n_estimators": 100,
        "max_depth": 9,
        "learning_rate": 0.2,
        "subsample": 0.7
      }
    },
    "test_accuracy": 0.4956605593056895,
    "test_f1": 0.4732917864054352,
    "test_precision": 0.5380726374182762,
    "test_recall": 0.4956605593056895,
    "train_accuracy": 0.9999061825687212,
    "train_f1": 0.9999061816636817,
    "train_precision": 0.9999061985448974,
    "train_recall": 0.9999061825687212
  },
  "test_accuracy": 0.4956605593056895,
  "train_accuracy": 0.9999061825687212,
  "worker_id": "worker_8ce9bfe5e25b70100942b7bacb8b3ed55e9830177b54363f812e0d4d"
}