{
  "task_id": "MLP_(Neural_Network)_11_7568",
  "model_name": "MLP (Neural Network)",
  "fold_id": "11",
  "hyperparams": {
    "hidden_layer_sizes": [
      200,
      100,
      50
    ],
    "activation": "tanh",
    "alpha": "0.1"
  },
  "test_results": {
    "accuracy": 0.6577460600654178,
    "f1": 0.6326589389312282,
    "precision": 0.6973325385267608,
    "recall": 0.6577460600654178
  },
  "train_results": {
    "accuracy": 0.8938990253279822,
    "f1": 0.8927761277714613,
    "precision": 0.8990900967301201,
    "recall": 0.8938990253279822
  },
  "detailed_results": {
    "metadata": {
      "model_name": "MLP (Neural Network)",
      "hyperparams": {
        "hidden_layer_sizes": [
          200,
          100,
          50
        ],
        "activation": "tanh",
        "alpha": 0.1
      }
    },
    "test_accuracy": 0.6577460600654178,
    "test_f1": 0.6326589389312282,
    "test_precision": 0.6973325385267608,
    "test_recall": 0.6577460600654178,
    "train_accuracy": 0.8938990253279822,
    "train_f1": 0.8927761277714613,
    "train_precision": 0.8990900967301201,
    "train_recall": 0.8938990253279822
  },
  "test_accuracy": 0.6577460600654178,
  "train_accuracy": 0.8938990253279822,
  "worker_id": "worker_ebea981974a2f1b92e2ad91148e909e737ad2fd911d48b943d0aaafc"
}