{
  "task_id": "KNN_41_3889",
  "model_name": "KNN",
  "fold_id": "41",
  "hyperparams": {
    "n_neighbors": 15,
    "weights": "uniform",
    "metric": "euclidean"
  },
  "test_results": {
    "accuracy": 0.735609756097561,
    "f1": 0.7356565632576748,
    "precision": 0.7479117703382601,
    "recall": 0.735609756097561
  },
  "train_results": {
    "accuracy": 0.8783019162837226,
    "f1": 0.8783084471701295,
    "precision": 0.8783154777144144,
    "recall": 0.8783019162837226
  },
  "detailed_results": {
    "metadata": {
      "model_name": "KNN",
      "hyperparams": {
        "n_neighbors": 15,
        "weights": "uniform",
        "metric": "euclidean"
      }
    },
    "test_accuracy": 0.735609756097561,
    "test_f1": 0.7356565632576748,
    "test_precision": 0.7479117703382601,
    "test_recall": 0.735609756097561,
    "train_accuracy": 0.8783019162837226,
    "train_f1": 0.8783084471701295,
    "train_precision": 0.8783154777144144,
    "train_recall": 0.8783019162837226
  },
  "test_accuracy": 0.735609756097561,
  "train_accuracy": 0.8783019162837226,
  "worker_id": "worker_cff27a72e13536b632607d20ca54635e448248a7eb37caf3492ef698"
}