{
  "task_id": "MLP_(Neural_Network)_23_9244",
  "model_name": "MLP (Neural Network)",
  "fold_id": "23",
  "hyperparams": {
    "hidden_layer_sizes": [
      150,
      50
    ],
    "activation": "tanh",
    "alpha": "0.1"
  },
  "test_results": {
    "accuracy": 0.6099939061547837,
    "f1": 0.5676133274974977,
    "precision": 0.6695770520184119,
    "recall": 0.6099939061547837
  },
  "train_results": {
    "accuracy": 0.9937777478810709,
    "f1": 0.9937784162004367,
    "precision": 0.9937812671584054,
    "recall": 0.9937777478810709
  },
  "detailed_results": {
    "metadata": {
      "model_name": "MLP (Neural Network)",
      "hyperparams": {
        "hidden_layer_sizes": [
          150,
          50
        ],
        "activation": "tanh",
        "alpha": 0.1
      }
    },
    "test_accuracy": 0.6099939061547837,
    "test_f1": 0.5676133274974977,
    "test_precision": 0.6695770520184119,
    "test_recall": 0.6099939061547837,
    "train_accuracy": 0.9937777478810709,
    "train_f1": 0.9937784162004367,
    "train_precision": 0.9937812671584054,
    "train_recall": 0.9937777478810709
  },
  "test_accuracy": 0.6099939061547837,
  "train_accuracy": 0.9937777478810709,
  "worker_id": "worker_bde904f64e4c0d756e7f802df2b82cd1178841ef8cc503c9c17841d6"
}