{
  "task_id": "KNN_36_6398",
  "model_name": "KNN",
  "fold_id": "36",
  "hyperparams": {
    "n_neighbors": 1,
    "weights": "uniform",
    "metric": "euclidean"
  },
  "test_results": {
    "accuracy": 0.5100965759438104,
    "f1": 0.39247450397976696,
    "precision": 0.4959466743806265,
    "recall": 0.5100965759438104
  },
  "train_results": {
    "accuracy": 1.0,
    "f1": 1.0,
    "precision": 1.0,
    "recall": 1.0
  },
  "detailed_results": {
    "metadata": {
      "model_name": "KNN",
      "hyperparams": {
        "n_neighbors": 1,
        "weights": "uniform",
        "metric": "euclidean"
      }
    },
    "test_accuracy": 0.5100965759438104,
    "test_f1": 0.39247450397976696,
    "test_precision": 0.4959466743806265,
    "test_recall": 0.5100965759438104,
    "train_accuracy": 1.0,
    "train_f1": 1.0,
    "train_precision": 1.0,
    "train_recall": 1.0
  },
  "test_accuracy": 0.5100965759438104,
  "train_accuracy": 1.0,
  "worker_id": "worker_8ce9bfe5e25b70100942b7bacb8b3ed55e9830177b54363f812e0d4d"
}