{
  "task_id": "KNN_7_1206",
  "model_name": "KNN",
  "fold_id": "7",
  "hyperparams": {
    "n_neighbors": 15,
    "weights": "uniform",
    "metric": "euclidean"
  },
  "test_results": {
    "accuracy": 0.7767857142857143,
    "f1": 0.7770591171680227,
    "precision": 0.7875833838690115,
    "recall": 0.7767857142857143
  },
  "train_results": {
    "accuracy": 0.8701747392199853,
    "f1": 0.8698737468151003,
    "precision": 0.8701130394512879,
    "recall": 0.8701747392199853
  },
  "detailed_results": {
    "metadata": {
      "model_name": "KNN",
      "hyperparams": {
        "n_neighbors": 15,
        "weights": "uniform",
        "metric": "euclidean"
      }
    },
    "test_accuracy": 0.7767857142857143,
    "test_f1": 0.7770591171680227,
    "test_precision": 0.7875833838690115,
    "test_recall": 0.7767857142857143,
    "train_accuracy": 0.8701747392199853,
    "train_f1": 0.8698737468151003,
    "train_precision": 0.8701130394512879,
    "train_recall": 0.8701747392199853
  },
  "test_accuracy": 0.7767857142857143,
  "train_accuracy": 0.8701747392199853,
  "worker_id": "worker_9ba0c3fb01b3324faa49f1b3953240e4cef19585626ffdf6184111e5"
}