{
  "task_id": "XGBoost_8_0310",
  "model_name": "XGBoost",
  "fold_id": "8",
  "hyperparams": {
    "n_estimators": "100",
    "max_depth": "6",
    "learning_rate": "0.2",
    "subsample": "0.7"
  },
  "test_results": {
    "accuracy": 0.5135048231511254,
    "f1": 0.3885754206124152,
    "precision": 0.6373875296918928,
    "recall": 0.5135048231511254
  },
  "train_results": {
    "accuracy": 0.9823769395398609,
    "f1": 0.9823657571926688,
    "precision": 0.9824166825317981,
    "recall": 0.9823769395398609
  },
  "detailed_results": {
    "metadata": {
      "model_name": "XGBoost",
      "hyperparams": {
        "n_estimators": 100,
        "max_depth": 6,
        "learning_rate": 0.2,
        "subsample": 0.7
      }
    },
    "test_accuracy": 0.5135048231511254,
    "test_f1": 0.3885754206124152,
    "test_precision": 0.6373875296918928,
    "test_recall": 0.5135048231511254,
    "train_accuracy": 0.9823769395398609,
    "train_f1": 0.9823657571926688,
    "train_precision": 0.9824166825317981,
    "train_recall": 0.9823769395398609
  },
  "test_accuracy": 0.5135048231511254,
  "train_accuracy": 0.9823769395398609,
  "worker_id": "worker_11d59c9cc0a81563a29a9f378f2299b5cfb4e39493e01f6a781057b5"
}