{
  "task_id": "MLP_(Neural_Network)_2_8410",
  "model_name": "MLP (Neural Network)",
  "fold_id": "2",
  "hyperparams": {
    "hidden_layer_sizes": [
      100
    ],
    "activation": "tanh",
    "alpha": "0.1"
  },
  "test_results": {
    "accuracy": 0.4966442953020134,
    "f1": 0.32961146055918383,
    "precision": 0.2466555560560335,
    "recall": 0.4966442953020134
  },
  "train_results": {
    "accuracy": 0.9840793218854587,
    "f1": 0.9840740865509852,
    "precision": 0.9840894964932237,
    "recall": 0.9840793218854587
  },
  "detailed_results": {
    "metadata": {
      "model_name": "MLP (Neural Network)",
      "hyperparams": {
        "hidden_layer_sizes": [
          100
        ],
        "activation": "tanh",
        "alpha": 0.1
      }
    },
    "test_accuracy": 0.4966442953020134,
    "test_f1": 0.32961146055918383,
    "test_precision": 0.2466555560560335,
    "test_recall": 0.4966442953020134,
    "train_accuracy": 0.9840793218854587,
    "train_f1": 0.9840740865509852,
    "train_precision": 0.9840894964932237,
    "train_recall": 0.9840793218854587
  },
  "test_accuracy": 0.4966442953020134,
  "train_accuracy": 0.9840793218854587,
  "worker_id": "worker_24f57816b278433423375d01ee6e50e2e6dad011215e7a7fb6fa82d5"
}