{
  "learning_rate": 0.14138323861174285,
  "max_depth": 5,
  "n_estimators": 183,
  "subsample": 0.6130926046520472
}