{
  "task_id": "MLP_(Neural_Network)_7_6879",
  "model_name": "MLP (Neural Network)",
  "fold_id": "7",
  "hyperparams": {
    "hidden_layer_sizes": [
      150,
      50
    ],
    "activation": "tanh",
    "alpha": "0.1"
  },
  "test_results": {
    "accuracy": 0.6617445054945055,
    "f1": 0.6590902914892547,
    "precision": 0.6600431045967968,
    "recall": 0.6617445054945055
  },
  "train_results": {
    "accuracy": 0.8744269483755233,
    "f1": 0.873939220410973,
    "precision": 0.8747717205575912,
    "recall": 0.8744269483755233
  },
  "detailed_results": {
    "metadata": {
      "model_name": "MLP (Neural Network)",
      "hyperparams": {
        "hidden_layer_sizes": [
          150,
          50
        ],
        "activation": "tanh",
        "alpha": 0.1
      }
    },
    "test_accuracy": 0.6617445054945055,
    "test_f1": 0.6590902914892547,
    "test_precision": 0.6600431045967968,
    "test_recall": 0.6617445054945055,
    "train_accuracy": 0.8744269483755233,
    "train_f1": 0.873939220410973,
    "train_precision": 0.8747717205575912,
    "train_recall": 0.8744269483755233
  },
  "test_accuracy": 0.6617445054945055,
  "train_accuracy": 0.8744269483755233,
  "worker_id": "worker_3d70c1af841e8f04ebed76c6c22d1e79d9957c9b94d63906546cf3ab"
}