{
  "task_id": "MLP_(Neural_Network)_36_0881",
  "model_name": "MLP (Neural Network)",
  "fold_id": "36",
  "hyperparams": {
    "hidden_layer_sizes": [
      150,
      50
    ],
    "activation": "tanh",
    "alpha": "0.1"
  },
  "test_results": {
    "accuracy": 0.4569672131147541,
    "f1": 0.3978655487382321,
    "precision": 0.42101740640439916,
    "recall": 0.4569672131147541
  },
  "train_results": {
    "accuracy": 0.8602284786815656,
    "f1": 0.859631922116899,
    "precision": 0.8608854186573126,
    "recall": 0.8602284786815656
  },
  "detailed_results": {
    "metadata": {
      "model_name": "MLP (Neural Network)",
      "hyperparams": {
        "hidden_layer_sizes": [
          150,
          50
        ],
        "activation": "tanh",
        "alpha": 0.1
      }
    },
    "test_accuracy": 0.4569672131147541,
    "test_f1": 0.3978655487382321,
    "test_precision": 0.42101740640439916,
    "test_recall": 0.4569672131147541,
    "train_accuracy": 0.8602284786815656,
    "train_f1": 0.859631922116899,
    "train_precision": 0.8608854186573126,
    "train_recall": 0.8602284786815656
  },
  "test_accuracy": 0.4569672131147541,
  "train_accuracy": 0.8602284786815656,
  "worker_id": "worker_cff27a72e13536b632607d20ca54635e448248a7eb37caf3492ef698"
}