{
  "task_id": "MLP_(Neural_Network)_33_1854",
  "model_name": "MLP (Neural Network)",
  "fold_id": "33",
  "hyperparams": {
    "hidden_layer_sizes": [
      200,
      100,
      50
    ],
    "activation": "tanh",
    "alpha": "0.1"
  },
  "test_results": {
    "accuracy": 0.4649421375085092,
    "f1": 0.29589581368347656,
    "precision": 0.7514240720577678,
    "recall": 0.4649421375085092
  },
  "train_results": {
    "accuracy": 0.993582923261072,
    "f1": 0.9935799214507157,
    "precision": 0.9936095376919024,
    "recall": 0.993582923261072
  },
  "detailed_results": {
    "metadata": {
      "model_name": "MLP (Neural Network)",
      "hyperparams": {
        "hidden_layer_sizes": [
          200,
          100,
          50
        ],
        "activation": "tanh",
        "alpha": 0.1
      }
    },
    "test_accuracy": 0.4649421375085092,
    "test_f1": 0.29589581368347656,
    "test_precision": 0.7514240720577678,
    "test_recall": 0.4649421375085092,
    "train_accuracy": 0.993582923261072,
    "train_f1": 0.9935799214507157,
    "train_precision": 0.9936095376919024,
    "train_recall": 0.993582923261072
  },
  "test_accuracy": 0.4649421375085092,
  "train_accuracy": 0.993582923261072,
  "worker_id": "worker_11d59c9cc0a81563a29a9f378f2299b5cfb4e39493e01f6a781057b5"
}