{
  "task_id": "XGBoost_7_8809",
  "model_name": "XGBoost",
  "fold_id": "7",
  "hyperparams": {
    "n_estimators": "100",
    "max_depth": "6",
    "learning_rate": "0.2",
    "subsample": "0.7"
  },
  "test_results": {
    "accuracy": 0.6670020120724346,
    "f1": 0.6529429563135815,
    "precision": 0.6601005161503627,
    "recall": 0.6670020120724346
  },
  "train_results": {
    "accuracy": 0.9823860087445346,
    "f1": 0.9823719761646608,
    "precision": 0.982482972650268,
    "recall": 0.9823860087445346
  },
  "detailed_results": {
    "metadata": {
      "model_name": "XGBoost",
      "hyperparams": {
        "n_estimators": 100,
        "max_depth": 6,
        "learning_rate": 0.2,
        "subsample": 0.7
      }
    },
    "test_accuracy": 0.6670020120724346,
    "test_f1": 0.6529429563135815,
    "test_precision": 0.6601005161503627,
    "test_recall": 0.6670020120724346,
    "train_accuracy": 0.9823860087445346,
    "train_f1": 0.9823719761646608,
    "train_precision": 0.982482972650268,
    "train_recall": 0.9823860087445346
  },
  "test_accuracy": 0.6670020120724346,
  "train_accuracy": 0.9823860087445346,
  "worker_id": "worker_362fbd31862bec92c79509a88fd8e756bd97c113b38d587ac16c0f15"
}