{
  "task_id": "XGBoost_47_8809",
  "model_name": "XGBoost",
  "fold_id": "47",
  "hyperparams": {
    "n_estimators": "100",
    "max_depth": "6",
    "learning_rate": "0.2",
    "subsample": "0.7"
  },
  "test_results": {
    "accuracy": 0.9536945812807882,
    "f1": 0.9536920640980874,
    "precision": 0.9537802860012434,
    "recall": 0.9536945812807882
  },
  "train_results": {
    "accuracy": 0.984812025375793,
    "f1": 0.9848004734770417,
    "precision": 0.9848919317070794,
    "recall": 0.984812025375793
  },
  "detailed_results": {
    "metadata": {
      "model_name": "XGBoost",
      "hyperparams": {
        "n_estimators": 100,
        "max_depth": 6,
        "learning_rate": 0.2,
        "subsample": 0.7
      }
    },
    "test_accuracy": 0.9536945812807882,
    "test_f1": 0.9536920640980874,
    "test_precision": 0.9537802860012434,
    "test_recall": 0.9536945812807882,
    "train_accuracy": 0.984812025375793,
    "train_f1": 0.9848004734770417,
    "train_precision": 0.9848919317070794,
    "train_recall": 0.984812025375793
  },
  "test_accuracy": 0.9536945812807882,
  "train_accuracy": 0.984812025375793,
  "worker_id": "worker_7dad57ea01033620cbb3294136bbd875beaaec3f7ac20b5a249b93de"
}