{
  "task_id": "MLP_(Neural_Network)_47_6858",
  "model_name": "MLP (Neural Network)",
  "fold_id": "47",
  "hyperparams": {
    "hidden_layer_sizes": [
      150,
      50
    ],
    "activation": "tanh",
    "alpha": "0.1"
  },
  "test_results": {
    "accuracy": 0.6375394321766562,
    "f1": 0.6327623910229736,
    "precision": 0.6533829238324907,
    "recall": 0.6375394321766562
  },
  "train_results": {
    "accuracy": 0.861178126256534,
    "f1": 0.8614266133113045,
    "precision": 0.8623568388296743,
    "recall": 0.861178126256534
  },
  "detailed_results": {
    "metadata": {
      "model_name": "MLP (Neural Network)",
      "hyperparams": {
        "hidden_layer_sizes": [
          150,
          50
        ],
        "activation": "tanh",
        "alpha": 0.1
      }
    },
    "test_accuracy": 0.6375394321766562,
    "test_f1": 0.6327623910229736,
    "test_precision": 0.6533829238324907,
    "test_recall": 0.6375394321766562,
    "train_accuracy": 0.861178126256534,
    "train_f1": 0.8614266133113045,
    "train_precision": 0.8623568388296743,
    "train_recall": 0.861178126256534
  },
  "test_accuracy": 0.6375394321766562,
  "train_accuracy": 0.861178126256534,
  "worker_id": "worker_61908f5ba8c832c1827709bbdcfe77ca1725b5d1adf4cc648dcd4604"
}