{
  "task_id": "XGBoost_1_3016",
  "model_name": "XGBoost",
  "fold_id": "1",
  "hyperparams": {
    "n_estimators": "100",
    "max_depth": "9",
    "learning_rate": "0.2",
    "subsample": "0.7"
  },
  "test_results": {
    "accuracy": 0.6807881773399015,
    "f1": 0.6779278089939759,
    "precision": 0.6803553034348527,
    "recall": 0.6807881773399015
  },
  "train_results": {
    "accuracy": 1.0,
    "f1": 1.0,
    "precision": 1.0,
    "recall": 1.0
  },
  "detailed_results": {
    "metadata": {
      "model_name": "XGBoost",
      "hyperparams": {
        "n_estimators": 100,
        "max_depth": 9,
        "learning_rate": 0.2,
        "subsample": 0.7
      }
    },
    "test_accuracy": 0.6807881773399015,
    "test_f1": 0.6779278089939759,
    "test_precision": 0.6803553034348527,
    "test_recall": 0.6807881773399015,
    "train_accuracy": 1.0,
    "train_f1": 1.0,
    "train_precision": 1.0,
    "train_recall": 1.0
  },
  "test_accuracy": 0.6807881773399015,
  "train_accuracy": 1.0,
  "worker_id": "worker_d6d78556e981d51909ad2059f6a471ed26d02a1269a267f7e1864fdc"
}