{
  "task_id": "MLP_(Neural_Network)_32_6858",
  "model_name": "MLP (Neural Network)",
  "fold_id": "32",
  "hyperparams": {
    "hidden_layer_sizes": [
      150,
      50
    ],
    "activation": "tanh",
    "alpha": "0.1"
  },
  "test_results": {
    "accuracy": 0.7345637583892617,
    "f1": 0.7352789311888174,
    "precision": 0.7375483739909539,
    "recall": 0.7345637583892617
  },
  "train_results": {
    "accuracy": 0.8471066125058268,
    "f1": 0.8444151277951177,
    "precision": 0.8546676163123972,
    "recall": 0.8471066125058268
  },
  "detailed_results": {
    "metadata": {
      "model_name": "MLP (Neural Network)",
      "hyperparams": {
        "hidden_layer_sizes": [
          150,
          50
        ],
        "activation": "tanh",
        "alpha": 0.1
      }
    },
    "test_accuracy": 0.7345637583892617,
    "test_f1": 0.7352789311888174,
    "test_precision": 0.7375483739909539,
    "test_recall": 0.7345637583892617,
    "train_accuracy": 0.8471066125058268,
    "train_f1": 0.8444151277951177,
    "train_precision": 0.8546676163123972,
    "train_recall": 0.8471066125058268
  },
  "test_accuracy": 0.7345637583892617,
  "train_accuracy": 0.8471066125058268,
  "worker_id": "worker_9ebe48c53bd3b809d737c7ea697caf71bc6dab185423a4ecac81b33c"
}