{
  "task_id": "MLP_(Neural_Network)_33_5240",
  "model_name": "MLP (Neural Network)",
  "fold_id": "33",
  "hyperparams": {
    "hidden_layer_sizes": [
      200,
      100,
      50
    ],
    "activation": "tanh",
    "alpha": "0.1"
  },
  "test_results": {
    "accuracy": 0.8578088578088578,
    "f1": 0.8592422990845081,
    "precision": 0.8656410029769291,
    "recall": 0.8578088578088578
  },
  "train_results": {
    "accuracy": 0.8988369200149272,
    "f1": 0.8983050733576246,
    "precision": 0.9002720895137603,
    "recall": 0.8988369200149272
  },
  "detailed_results": {
    "metadata": {
      "model_name": "MLP (Neural Network)",
      "hyperparams": {
        "hidden_layer_sizes": [
          200,
          100,
          50
        ],
        "activation": "tanh",
        "alpha": 0.1
      }
    },
    "test_accuracy": 0.8578088578088578,
    "test_f1": 0.8592422990845081,
    "test_precision": 0.8656410029769291,
    "test_recall": 0.8578088578088578,
    "train_accuracy": 0.8988369200149272,
    "train_f1": 0.8983050733576246,
    "train_precision": 0.9002720895137603,
    "train_recall": 0.8988369200149272
  },
  "test_accuracy": 0.8578088578088578,
  "train_accuracy": 0.8988369200149272,
  "worker_id": "worker_5a8c315079ed1f5dd65d57b2c4a58de780003cf53bdeeadcf24edc68"
}