{
  "task_id": "KNN_32_0124",
  "model_name": "KNN",
  "fold_id": "32",
  "hyperparams": {
    "n_neighbors": 15,
    "weights": "uniform",
    "metric": "euclidean"
  },
  "test_results": {
    "accuracy": 0.7741610738255034,
    "f1": 0.7730541154545405,
    "precision": 0.7736181227685478,
    "recall": 0.7741610738255034
  },
  "train_results": {
    "accuracy": 0.8780382233468735,
    "f1": 0.8781169403208569,
    "precision": 0.8782557269373894,
    "recall": 0.8780382233468735
  },
  "detailed_results": {
    "metadata": {
      "model_name": "KNN",
      "hyperparams": {
        "n_neighbors": 15,
        "weights": "uniform",
        "metric": "euclidean"
      }
    },
    "test_accuracy": 0.7741610738255034,
    "test_f1": 0.7730541154545405,
    "test_precision": 0.7736181227685478,
    "test_recall": 0.7741610738255034,
    "train_accuracy": 0.8780382233468735,
    "train_f1": 0.8781169403208569,
    "train_precision": 0.8782557269373894,
    "train_recall": 0.8780382233468735
  },
  "test_accuracy": 0.7741610738255034,
  "train_accuracy": 0.8780382233468735,
  "worker_id": "worker_fb8bafe384dfa26c38d7901ecffac07da6f8890578641bf4d3dd6011"
}