{
  "task_id": "KNN_36_9172",
  "model_name": "KNN",
  "fold_id": "36",
  "hyperparams": {
    "n_neighbors": 15,
    "weights": "uniform",
    "metric": "euclidean"
  },
  "test_results": {
    "accuracy": 0.5608709996700759,
    "f1": 0.5525142279113405,
    "precision": 0.5576043497775898,
    "recall": 0.5608709996700759
  },
  "train_results": {
    "accuracy": 0.9045459093486309,
    "f1": 0.9045627179483214,
    "precision": 0.9045842051221492,
    "recall": 0.9045459093486309
  },
  "detailed_results": {
    "metadata": {
      "model_name": "KNN",
      "hyperparams": {
        "n_neighbors": 15,
        "weights": "uniform",
        "metric": "euclidean"
      }
    },
    "test_accuracy": 0.5608709996700759,
    "test_f1": 0.5525142279113405,
    "test_precision": 0.5576043497775898,
    "test_recall": 0.5608709996700759,
    "train_accuracy": 0.9045459093486309,
    "train_f1": 0.9045627179483214,
    "train_precision": 0.9045842051221492,
    "train_recall": 0.9045459093486309
  },
  "test_accuracy": 0.5608709996700759,
  "train_accuracy": 0.9045459093486309,
  "worker_id": "worker_bde904f64e4c0d756e7f802df2b82cd1178841ef8cc503c9c17841d6"
}