{
  "task_id": "KNN_38_9928",
  "model_name": "KNN",
  "fold_id": "38",
  "hyperparams": {
    "n_neighbors": 7,
    "weights": "uniform",
    "metric": "euclidean"
  },
  "test_results": {
    "accuracy": 0.6976592977893368,
    "f1": 0.6971990484704915,
    "precision": 0.6976391480479348,
    "recall": 0.6976592977893368
  },
  "train_results": {
    "accuracy": 0.8932460418197609,
    "f1": 0.8932994688108137,
    "precision": 0.8933945248076778,
    "recall": 0.8932460418197609
  },
  "detailed_results": {
    "metadata": {
      "model_name": "KNN",
      "hyperparams": {
        "n_neighbors": 7,
        "weights": "uniform",
        "metric": "euclidean"
      }
    },
    "test_accuracy": 0.6976592977893368,
    "test_f1": 0.6971990484704915,
    "test_precision": 0.6976391480479348,
    "test_recall": 0.6976592977893368,
    "train_accuracy": 0.8932460418197609,
    "train_f1": 0.8932994688108137,
    "train_precision": 0.8933945248076778,
    "train_recall": 0.8932460418197609
  },
  "test_accuracy": 0.6976592977893368,
  "train_accuracy": 0.8932460418197609,
  "worker_id": "worker_9de6a5cf23cb1d33ae35bba561da27c8500fe90b801d5a3736360113"
}