{
  "task_id": "MLP_(Neural_Network)_0_2099",
  "model_name": "MLP (Neural Network)",
  "fold_id": "0",
  "hyperparams": {
    "hidden_layer_sizes": [
      100
    ],
    "activation": "tanh",
    "alpha": "0.1"
  },
  "test_results": {
    "accuracy": 0.5425089179548157,
    "f1": 0.40905825370284143,
    "precision": 0.7578235281283748,
    "recall": 0.5425089179548157
  },
  "train_results": {
    "accuracy": 0.9812478920741989,
    "f1": 0.9812323444295201,
    "precision": 0.9813282859790586,
    "recall": 0.9812478920741989
  },
  "detailed_results": {
    "metadata": {
      "model_name": "MLP (Neural Network)",
      "hyperparams": {
        "hidden_layer_sizes": [
          100
        ],
        "activation": "tanh",
        "alpha": 0.1
      }
    },
    "test_accuracy": 0.5425089179548157,
    "test_f1": 0.40905825370284143,
    "test_precision": 0.7578235281283748,
    "test_recall": 0.5425089179548157,
    "train_accuracy": 0.9812478920741989,
    "train_f1": 0.9812323444295201,
    "train_precision": 0.9813282859790586,
    "train_recall": 0.9812478920741989
  },
  "test_accuracy": 0.5425089179548157,
  "train_accuracy": 0.9812478920741989,
  "worker_id": "worker_d066ba3d41dde4c5503cf80842c58422881e6e0d480ff0ea5c0b50b6"
}