{
  "task_id": "MLP_(Neural_Network)_12_6858",
  "model_name": "MLP (Neural Network)",
  "fold_id": "12",
  "hyperparams": {
    "hidden_layer_sizes": [
      150,
      50
    ],
    "activation": "tanh",
    "alpha": "0.1"
  },
  "test_results": {
    "accuracy": 0.7751227495908347,
    "f1": 0.7748412060026266,
    "precision": 0.7777835459004788,
    "recall": 0.7751227495908347
  },
  "train_results": {
    "accuracy": 0.8695884375312928,
    "f1": 0.8699524615721039,
    "precision": 0.8743047026155505,
    "recall": 0.8695884375312928
  },
  "detailed_results": {
    "metadata": {
      "model_name": "MLP (Neural Network)",
      "hyperparams": {
        "hidden_layer_sizes": [
          150,
          50
        ],
        "activation": "tanh",
        "alpha": 0.1
      }
    },
    "test_accuracy": 0.7751227495908347,
    "test_f1": 0.7748412060026266,
    "test_precision": 0.7777835459004788,
    "test_recall": 0.7751227495908347,
    "train_accuracy": 0.8695884375312928,
    "train_f1": 0.8699524615721039,
    "train_precision": 0.8743047026155505,
    "train_recall": 0.8695884375312928
  },
  "test_accuracy": 0.7751227495908347,
  "train_accuracy": 0.8695884375312928,
  "worker_id": "worker_fb8bafe384dfa26c38d7901ecffac07da6f8890578641bf4d3dd6011"
}