{
  "task_id": "MLP_(Neural_Network)_44_9244",
  "model_name": "MLP (Neural Network)",
  "fold_id": "44",
  "hyperparams": {
    "hidden_layer_sizes": [
      150,
      50
    ],
    "activation": "tanh",
    "alpha": "0.1"
  },
  "test_results": {
    "accuracy": 0.490699166132136,
    "f1": 0.3230506558443064,
    "precision": 0.2407856716427736,
    "recall": 0.490699166132136
  },
  "train_results": {
    "accuracy": 0.996019534385871,
    "f1": 0.9960194051759276,
    "precision": 0.9960194585692894,
    "recall": 0.996019534385871
  },
  "detailed_results": {
    "metadata": {
      "model_name": "MLP (Neural Network)",
      "hyperparams": {
        "hidden_layer_sizes": [
          150,
          50
        ],
        "activation": "tanh",
        "alpha": 0.1
      }
    },
    "test_accuracy": 0.490699166132136,
    "test_f1": 0.3230506558443064,
    "test_precision": 0.2407856716427736,
    "test_recall": 0.490699166132136,
    "train_accuracy": 0.996019534385871,
    "train_f1": 0.9960194051759276,
    "train_precision": 0.9960194585692894,
    "train_recall": 0.996019534385871
  },
  "test_accuracy": 0.490699166132136,
  "train_accuracy": 0.996019534385871,
  "worker_id": "worker_a8b29e8c0af28ab8ce69ba3db134c980ca1210d700776eeb63ce40b9"
}