{
  "task_id": "XGBoost_0_8809",
  "model_name": "XGBoost",
  "fold_id": "0",
  "hyperparams": {
    "n_estimators": "100",
    "max_depth": "6",
    "learning_rate": "0.2",
    "subsample": "0.7"
  },
  "test_results": {
    "accuracy": 0.8110403397027601,
    "f1": 0.8115210554923631,
    "precision": 0.8282481701303904,
    "recall": 0.8110403397027601
  },
  "train_results": {
    "accuracy": 0.982009229234223,
    "f1": 0.9819914535070803,
    "precision": 0.9821309119612474,
    "recall": 0.982009229234223
  },
  "detailed_results": {
    "metadata": {
      "model_name": "XGBoost",
      "hyperparams": {
        "n_estimators": 100,
        "max_depth": 6,
        "learning_rate": 0.2,
        "subsample": 0.7
      }
    },
    "test_accuracy": 0.8110403397027601,
    "test_f1": 0.8115210554923631,
    "test_precision": 0.8282481701303904,
    "test_recall": 0.8110403397027601,
    "train_accuracy": 0.982009229234223,
    "train_f1": 0.9819914535070803,
    "train_precision": 0.9821309119612474,
    "train_recall": 0.982009229234223
  },
  "test_accuracy": 0.8110403397027601,
  "train_accuracy": 0.982009229234223,
  "worker_id": "worker_df7652a11184d5eb9e230c37f63d9255fc8711fac8185d270a25f597"
}