{
  "task_id": "XGBoost_5_7132",
  "model_name": "XGBoost",
  "fold_id": "5",
  "hyperparams": {
    "n_estimators": "100",
    "max_depth": "3",
    "learning_rate": "0.2",
    "subsample": "0.7"
  },
  "test_results": {
    "accuracy": 0.7558330594807755,
    "f1": 0.7558335341276855,
    "precision": 0.7558341720256456,
    "recall": 0.7558330594807755
  },
  "train_results": {
    "accuracy": 0.9008708418137533,
    "f1": 0.9004231389341388,
    "precision": 0.9019053213755223,
    "recall": 0.9008708418137533
  },
  "detailed_results": {
    "metadata": {
      "model_name": "XGBoost",
      "hyperparams": {
        "n_estimators": 100,
        "max_depth": 3,
        "learning_rate": 0.2,
        "subsample": 0.7
      }
    },
    "test_accuracy": 0.7558330594807755,
    "test_f1": 0.7558335341276855,
    "test_precision": 0.7558341720256456,
    "test_recall": 0.7558330594807755,
    "train_accuracy": 0.9008708418137533,
    "train_f1": 0.9004231389341388,
    "train_precision": 0.9019053213755223,
    "train_recall": 0.9008708418137533
  },
  "test_accuracy": 0.7558330594807755,
  "train_accuracy": 0.9008708418137533,
  "worker_id": "worker_e82115d1e0299297bae17ff48f790caa2c948c6036de3d1d08705093"
}