{
  "task_id": "XGBoost_0_3312",
  "model_name": "XGBoost",
  "fold_id": "0",
  "hyperparams": {
    "n_estimators": "100",
    "max_depth": "9",
    "learning_rate": "0.2",
    "subsample": "0.7"
  },
  "test_results": {
    "accuracy": 0.43418259023354566,
    "f1": 0.3760342663651081,
    "precision": 0.4607124206159655,
    "recall": 0.43418259023354566
  },
  "train_results": {
    "accuracy": 0.9999064604639561,
    "f1": 0.9999064601663744,
    "precision": 0.9999064618330186,
    "recall": 0.9999064604639561
  },
  "detailed_results": {
    "metadata": {
      "model_name": "XGBoost",
      "hyperparams": {
        "n_estimators": 100,
        "max_depth": 9,
        "learning_rate": 0.2,
        "subsample": 0.7
      }
    },
    "test_accuracy": 0.43418259023354566,
    "test_f1": 0.3760342663651081,
    "test_precision": 0.4607124206159655,
    "test_recall": 0.43418259023354566,
    "train_accuracy": 0.9999064604639561,
    "train_f1": 0.9999064601663744,
    "train_precision": 0.9999064618330186,
    "train_recall": 0.9999064604639561
  },
  "test_accuracy": 0.43418259023354566,
  "train_accuracy": 0.9999064604639561,
  "worker_id": "worker_bd64aa478045278c35d191d280e27e7663f6a2d271322ae514fa6765"
}