{
  "task_id": "XGBoost_40_7969",
  "model_name": "XGBoost",
  "fold_id": "40",
  "hyperparams": {
    "n_estimators": "100",
    "max_depth": "6",
    "learning_rate": "0.2",
    "subsample": "0.7"
  },
  "test_results": {
    "accuracy": 0.5336585365853659,
    "f1": 0.45945269439594294,
    "precision": 0.6773723749553561,
    "recall": 0.5336585365853659
  },
  "train_results": {
    "accuracy": 0.9766169620807152,
    "f1": 0.9765983031473766,
    "precision": 0.9766855030323853,
    "recall": 0.9766169620807152
  },
  "detailed_results": {
    "metadata": {
      "model_name": "XGBoost",
      "hyperparams": {
        "n_estimators": 100,
        "max_depth": 6,
        "learning_rate": 0.2,
        "subsample": 0.7
      }
    },
    "test_accuracy": 0.5336585365853659,
    "test_f1": 0.45945269439594294,
    "test_precision": 0.6773723749553561,
    "test_recall": 0.5336585365853659,
    "train_accuracy": 0.9766169620807152,
    "train_f1": 0.9765983031473766,
    "train_precision": 0.9766855030323853,
    "train_recall": 0.9766169620807152
  },
  "test_accuracy": 0.5336585365853659,
  "train_accuracy": 0.9766169620807152,
  "worker_id": "worker_f812cb893bddd27270feb9cbcfcf80f8b850674f9ed4f017c6699ca9"
}