{
  "task_id": "XGBoost_0_4403",
  "model_name": "XGBoost",
  "fold_id": "0",
  "hyperparams": {
    "n_estimators": "100",
    "max_depth": "6",
    "learning_rate": "0.2",
    "subsample": "0.7"
  },
  "test_results": {
    "accuracy": 0.9376646180860404,
    "f1": 0.9375649547494078,
    "precision": 0.9378722771630515,
    "recall": 0.9376646180860404
  },
  "train_results": {
    "accuracy": 0.9855200294009555,
    "f1": 0.9855093503586285,
    "precision": 0.9856042296315107,
    "recall": 0.9855200294009555
  },
  "detailed_results": {
    "metadata": {
      "model_name": "XGBoost",
      "hyperparams": {
        "n_estimators": 100,
        "max_depth": 6,
        "learning_rate": 0.2,
        "subsample": 0.7
      }
    },
    "test_accuracy": 0.9376646180860404,
    "test_f1": 0.9375649547494078,
    "test_precision": 0.9378722771630515,
    "test_recall": 0.9376646180860404,
    "train_accuracy": 0.9855200294009555,
    "train_f1": 0.9855093503586285,
    "train_precision": 0.9856042296315107,
    "train_recall": 0.9855200294009555
  },
  "test_accuracy": 0.9376646180860404,
  "train_accuracy": 0.9855200294009555,
  "worker_id": "worker_4a7d35ef2f52d9205960873f743a26b3255f6a37d2776c55a7147640"
}