{
  "task_id": "XGBoost_21_1915",
  "model_name": "XGBoost",
  "fold_id": "21",
  "hyperparams": {
    "n_estimators": "100",
    "max_depth": "3",
    "learning_rate": "0.2",
    "subsample": "0.7"
  },
  "test_results": {
    "accuracy": 0.5838709677419355,
    "f1": 0.5486405968839149,
    "precision": 0.7491759273476682,
    "recall": 0.5838709677419355
  },
  "train_results": {
    "accuracy": 0.8953060715621494,
    "f1": 0.8947329796447834,
    "precision": 0.8968419187081441,
    "recall": 0.8953060715621494
  },
  "detailed_results": {
    "metadata": {
      "model_name": "XGBoost",
      "hyperparams": {
        "n_estimators": 100,
        "max_depth": 3,
        "learning_rate": 0.2,
        "subsample": 0.7
      }
    },
    "test_accuracy": 0.5838709677419355,
    "test_f1": 0.5486405968839149,
    "test_precision": 0.7491759273476682,
    "test_recall": 0.5838709677419355,
    "train_accuracy": 0.8953060715621494,
    "train_f1": 0.8947329796447834,
    "train_precision": 0.8968419187081441,
    "train_recall": 0.8953060715621494
  },
  "test_accuracy": 0.5838709677419355,
  "train_accuracy": 0.8953060715621494,
  "worker_id": "worker_d488735ccd3a858a145e18257826a76165033a52f6f050a93268636e"
}