{
  "task_id": "XGBoost_38_1915",
  "model_name": "XGBoost",
  "fold_id": "38",
  "hyperparams": {
    "n_estimators": "100",
    "max_depth": "3",
    "learning_rate": "0.2",
    "subsample": "0.7"
  },
  "test_results": {
    "accuracy": 0.5724852071005917,
    "f1": 0.5819996103618362,
    "precision": 0.7293977546189346,
    "recall": 0.5724852071005917
  },
  "train_results": {
    "accuracy": 0.8993444245160492,
    "f1": 0.8988908669581377,
    "precision": 0.9003544230772479,
    "recall": 0.8993444245160492
  },
  "detailed_results": {
    "metadata": {
      "model_name": "XGBoost",
      "hyperparams": {
        "n_estimators": 100,
        "max_depth": 3,
        "learning_rate": 0.2,
        "subsample": 0.7
      }
    },
    "test_accuracy": 0.5724852071005917,
    "test_f1": 0.5819996103618362,
    "test_precision": 0.7293977546189346,
    "test_recall": 0.5724852071005917,
    "train_accuracy": 0.8993444245160492,
    "train_f1": 0.8988908669581377,
    "train_precision": 0.9003544230772479,
    "train_recall": 0.8993444245160492
  },
  "test_accuracy": 0.5724852071005917,
  "train_accuracy": 0.8993444245160492,
  "worker_id": "worker_0322270a903b90e2dfeb077509df901ddd4bb384d3bc3e4996763705"
}