{
  "task_id": "XGBoost_2_9435",
  "model_name": "XGBoost",
  "fold_id": "2",
  "hyperparams": {
    "n_estimators": "100",
    "max_depth": "9",
    "learning_rate": "0.2",
    "subsample": "0.7"
  },
  "test_results": {
    "accuracy": 0.542526579111945,
    "f1": 0.4177144111174223,
    "precision": 0.5992899809052383,
    "recall": 0.542526579111945
  },
  "train_results": {
    "accuracy": 1.0,
    "f1": 1.0,
    "precision": 1.0,
    "recall": 1.0
  },
  "detailed_results": {
    "metadata": {
      "model_name": "XGBoost",
      "hyperparams": {
        "n_estimators": 100,
        "max_depth": 9,
        "learning_rate": 0.2,
        "subsample": 0.7
      }
    },
    "test_accuracy": 0.542526579111945,
    "test_f1": 0.4177144111174223,
    "test_precision": 0.5992899809052383,
    "test_recall": 0.542526579111945,
    "train_accuracy": 1.0,
    "train_f1": 1.0,
    "train_precision": 1.0,
    "train_recall": 1.0
  },
  "test_accuracy": 0.542526579111945,
  "train_accuracy": 1.0,
  "worker_id": "worker_b53db7cc2b0359a86bd5e08db860a3a25cadf2168525198326e82b65"
}