{
  "task_id": "KNN_14_1641",
  "model_name": "KNN",
  "fold_id": "14",
  "hyperparams": {
    "n_neighbors": 7,
    "weights": "uniform",
    "metric": "euclidean"
  },
  "test_results": {
    "accuracy": 0.5515601783060922,
    "f1": 0.5354730597642297,
    "precision": 0.5832850557320006,
    "recall": 0.5515601783060922
  },
  "train_results": {
    "accuracy": 0.9301156868697089,
    "f1": 0.9301082669320361,
    "precision": 0.9301030320032653,
    "recall": 0.9301156868697089
  },
  "detailed_results": {
    "metadata": {
      "model_name": "KNN",
      "hyperparams": {
        "n_neighbors": 7,
        "weights": "uniform",
        "metric": "euclidean"
      }
    },
    "test_accuracy": 0.5515601783060922,
    "test_f1": 0.5354730597642297,
    "test_precision": 0.5832850557320006,
    "test_recall": 0.5515601783060922,
    "train_accuracy": 0.9301156868697089,
    "train_f1": 0.9301082669320361,
    "train_precision": 0.9301030320032653,
    "train_recall": 0.9301156868697089
  },
  "test_accuracy": 0.5515601783060922,
  "train_accuracy": 0.9301156868697089,
  "worker_id": "worker_b7a70e0aa9c3aeecb65fd22601d3448ea2af533f2f93d0bbbf2d755d"
}