{
  "task_id": "XGBoost_11_1433",
  "model_name": "XGBoost",
  "fold_id": "11",
  "hyperparams": {
    "n_estimators": "100",
    "max_depth": "3",
    "learning_rate": "0.2",
    "subsample": "0.7"
  },
  "test_results": {
    "accuracy": 0.5512520868113523,
    "f1": 0.4827261753353294,
    "precision": 0.7115878012762887,
    "recall": 0.5512520868113523
  },
  "train_results": {
    "accuracy": 0.894466837669476,
    "f1": 0.894182819944255,
    "precision": 0.8946175722074001,
    "recall": 0.894466837669476
  },
  "detailed_results": {
    "metadata": {
      "model_name": "XGBoost",
      "hyperparams": {
        "n_estimators": 100,
        "max_depth": 3,
        "learning_rate": 0.2,
        "subsample": 0.7
      }
    },
    "test_accuracy": 0.5512520868113523,
    "test_f1": 0.4827261753353294,
    "test_precision": 0.7115878012762887,
    "test_recall": 0.5512520868113523,
    "train_accuracy": 0.894466837669476,
    "train_f1": 0.894182819944255,
    "train_precision": 0.8946175722074001,
    "train_recall": 0.894466837669476
  },
  "test_accuracy": 0.5512520868113523,
  "train_accuracy": 0.894466837669476,
  "worker_id": "worker_1af7a5dca78496bf15701a9c8d51a0c2e729ef0fb53a24e0cc2d75d5"
}