{
  "task_id": "MLP_(Neural_Network)_33_2262",
  "model_name": "MLP (Neural Network)",
  "fold_id": "33",
  "hyperparams": {
    "hidden_layer_sizes": [
      150,
      50
    ],
    "activation": "tanh",
    "alpha": "0.1"
  },
  "test_results": {
    "accuracy": 0.6452410383189122,
    "f1": 0.5565315174634929,
    "precision": 0.779740142681491,
    "recall": 0.6452410383189122
  },
  "train_results": {
    "accuracy": 0.9923924856388759,
    "f1": 0.9923948067838417,
    "precision": 0.9924200310339663,
    "recall": 0.9923924856388759
  },
  "detailed_results": {
    "metadata": {
      "model_name": "MLP (Neural Network)",
      "hyperparams": {
        "hidden_layer_sizes": [
          150,
          50
        ],
        "activation": "tanh",
        "alpha": 0.1
      }
    },
    "test_accuracy": 0.6452410383189122,
    "test_f1": 0.5565315174634929,
    "test_precision": 0.779740142681491,
    "test_recall": 0.6452410383189122,
    "train_accuracy": 0.9923924856388759,
    "train_f1": 0.9923948067838417,
    "train_precision": 0.9924200310339663,
    "train_recall": 0.9923924856388759
  },
  "test_accuracy": 0.6452410383189122,
  "train_accuracy": 0.9923924856388759,
  "worker_id": "worker_8351408ab5ac6d7ec0ddef4ab6d6d7258c4be6f3ba76699a89134a3e"
}