{
  "task_id": "MLP_(Neural_Network)_17_2099",
  "model_name": "MLP (Neural Network)",
  "fold_id": "17",
  "hyperparams": {
    "hidden_layer_sizes": [
      100
    ],
    "activation": "tanh",
    "alpha": "0.1"
  },
  "test_results": {
    "accuracy": 0.4633742127941664,
    "f1": 0.29643640296527285,
    "precision": 0.7521070640690898,
    "recall": 0.4633742127941664
  },
  "train_results": {
    "accuracy": 0.9836316965029837,
    "f1": 0.983623270768049,
    "precision": 0.9836529003489984,
    "recall": 0.9836316965029837
  },
  "detailed_results": {
    "metadata": {
      "model_name": "MLP (Neural Network)",
      "hyperparams": {
        "hidden_layer_sizes": [
          100
        ],
        "activation": "tanh",
        "alpha": 0.1
      }
    },
    "test_accuracy": 0.4633742127941664,
    "test_f1": 0.29643640296527285,
    "test_precision": 0.7521070640690898,
    "test_recall": 0.4633742127941664,
    "train_accuracy": 0.9836316965029837,
    "train_f1": 0.983623270768049,
    "train_precision": 0.9836529003489984,
    "train_recall": 0.9836316965029837
  },
  "test_accuracy": 0.4633742127941664,
  "train_accuracy": 0.9836316965029837,
  "worker_id": "worker_b7a70e0aa9c3aeecb65fd22601d3448ea2af533f2f93d0bbbf2d755d"
}