{
  "task_id": "XGBoost_33_3537",
  "model_name": "XGBoost",
  "fold_id": "33",
  "hyperparams": {
    "n_estimators": "100",
    "max_depth": "9",
    "learning_rate": "0.2",
    "subsample": "0.7"
  },
  "test_results": {
    "accuracy": 0.8471749489448605,
    "f1": 0.846982297184294,
    "precision": 0.8594789833354649,
    "recall": 0.8471749489448605
  },
  "train_results": {
    "accuracy": 0.9999667508977258,
    "f1": 0.9999667507737678,
    "precision": 0.9999667528882132,
    "recall": 0.9999667508977258
  },
  "detailed_results": {
    "metadata": {
      "model_name": "XGBoost",
      "hyperparams": {
        "n_estimators": 100,
        "max_depth": 9,
        "learning_rate": 0.2,
        "subsample": 0.7
      }
    },
    "test_accuracy": 0.8471749489448605,
    "test_f1": 0.846982297184294,
    "test_precision": 0.8594789833354649,
    "test_recall": 0.8471749489448605,
    "train_accuracy": 0.9999667508977258,
    "train_f1": 0.9999667507737678,
    "train_precision": 0.9999667528882132,
    "train_recall": 0.9999667508977258
  },
  "test_accuracy": 0.8471749489448605,
  "train_accuracy": 0.9999667508977258,
  "worker_id": "worker_bae6badfd14ba782d03ebf68e1412519298cc537db7192a4cbdf28c3"
}