{
  "task_id": "MLP_(Neural_Network)_13_1854",
  "model_name": "MLP (Neural Network)",
  "fold_id": "13",
  "hyperparams": {
    "hidden_layer_sizes": [
      200,
      100,
      50
    ],
    "activation": "tanh",
    "alpha": "0.1"
  },
  "test_results": {
    "accuracy": 0.4931506849315068,
    "f1": 0.32904818896503724,
    "precision": 0.6997518674116349,
    "recall": 0.4931506849315068
  },
  "train_results": {
    "accuracy": 0.9893631299912757,
    "f1": 0.98936231553563,
    "precision": 0.9893624949516098,
    "recall": 0.9893631299912757
  },
  "detailed_results": {
    "metadata": {
      "model_name": "MLP (Neural Network)",
      "hyperparams": {
        "hidden_layer_sizes": [
          200,
          100,
          50
        ],
        "activation": "tanh",
        "alpha": 0.1
      }
    },
    "test_accuracy": 0.4931506849315068,
    "test_f1": 0.32904818896503724,
    "test_precision": 0.6997518674116349,
    "test_recall": 0.4931506849315068,
    "train_accuracy": 0.9893631299912757,
    "train_f1": 0.98936231553563,
    "train_precision": 0.9893624949516098,
    "train_recall": 0.9893631299912757
  },
  "test_accuracy": 0.4931506849315068,
  "train_accuracy": 0.9893631299912757,
  "worker_id": "worker_11d59c9cc0a81563a29a9f378f2299b5cfb4e39493e01f6a781057b5"
}