{
  "task_id": "MLP_(Neural_Network)_26_0881",
  "model_name": "MLP (Neural Network)",
  "fold_id": "26",
  "hyperparams": {
    "hidden_layer_sizes": [
      150,
      50
    ],
    "activation": "tanh",
    "alpha": "0.1"
  },
  "test_results": {
    "accuracy": 0.844294003868472,
    "f1": 0.8431550885362664,
    "precision": 0.8585627602330723,
    "recall": 0.844294003868472
  },
  "train_results": {
    "accuracy": 0.8453721075672295,
    "f1": 0.8450614278048362,
    "precision": 0.8452552490129618,
    "recall": 0.8453721075672295
  },
  "detailed_results": {
    "metadata": {
      "model_name": "MLP (Neural Network)",
      "hyperparams": {
        "hidden_layer_sizes": [
          150,
          50
        ],
        "activation": "tanh",
        "alpha": 0.1
      }
    },
    "test_accuracy": 0.844294003868472,
    "test_f1": 0.8431550885362664,
    "test_precision": 0.8585627602330723,
    "test_recall": 0.844294003868472,
    "train_accuracy": 0.8453721075672295,
    "train_f1": 0.8450614278048362,
    "train_precision": 0.8452552490129618,
    "train_recall": 0.8453721075672295
  },
  "test_accuracy": 0.844294003868472,
  "train_accuracy": 0.8453721075672295,
  "worker_id": "worker_d488735ccd3a858a145e18257826a76165033a52f6f050a93268636e"
}