{
  "task_id": "XGBoost_11_7132",
  "model_name": "XGBoost",
  "fold_id": "11",
  "hyperparams": {
    "n_estimators": "100",
    "max_depth": "3",
    "learning_rate": "0.2",
    "subsample": "0.7"
  },
  "test_results": {
    "accuracy": 0.607790663098424,
    "f1": 0.5916968624738727,
    "precision": 0.6166156382837265,
    "recall": 0.607790663098424
  },
  "train_results": {
    "accuracy": 0.9053320292738862,
    "f1": 0.9049653493792614,
    "precision": 0.9061952339943437,
    "recall": 0.9053320292738862
  },
  "detailed_results": {
    "metadata": {
      "model_name": "XGBoost",
      "hyperparams": {
        "n_estimators": 100,
        "max_depth": 3,
        "learning_rate": 0.2,
        "subsample": 0.7
      }
    },
    "test_accuracy": 0.607790663098424,
    "test_f1": 0.5916968624738727,
    "test_precision": 0.6166156382837265,
    "test_recall": 0.607790663098424,
    "train_accuracy": 0.9053320292738862,
    "train_f1": 0.9049653493792614,
    "train_precision": 0.9061952339943437,
    "train_recall": 0.9053320292738862
  },
  "test_accuracy": 0.607790663098424,
  "train_accuracy": 0.9053320292738862,
  "worker_id": "worker_99b7b4b5545a2b5e8e89ea7ac9314cfa4171d0e4a2ba7031f327a732"
}