{
  "task_id": "MLP_(Neural_Network)_2_1854",
  "model_name": "MLP (Neural Network)",
  "fold_id": "2",
  "hyperparams": {
    "hidden_layer_sizes": [
      200,
      100,
      50
    ],
    "activation": "tanh",
    "alpha": "0.1"
  },
  "test_results": {
    "accuracy": 0.4290404961692813,
    "f1": 0.4232732307629073,
    "precision": 0.4513352280129664,
    "recall": 0.4290404961692813
  },
  "train_results": {
    "accuracy": 0.9931622237637499,
    "f1": 0.9931658622531286,
    "precision": 0.9932143231175556,
    "recall": 0.9931622237637499
  },
  "detailed_results": {
    "metadata": {
      "model_name": "MLP (Neural Network)",
      "hyperparams": {
        "hidden_layer_sizes": [
          200,
          100,
          50
        ],
        "activation": "tanh",
        "alpha": 0.1
      }
    },
    "test_accuracy": 0.4290404961692813,
    "test_f1": 0.4232732307629073,
    "test_precision": 0.4513352280129664,
    "test_recall": 0.4290404961692813,
    "train_accuracy": 0.9931622237637499,
    "train_f1": 0.9931658622531286,
    "train_precision": 0.9932143231175556,
    "train_recall": 0.9931622237637499
  },
  "test_accuracy": 0.4290404961692813,
  "train_accuracy": 0.9931622237637499,
  "worker_id": "worker_822f1375dcad0e6f7657734a1ea26ba83e4ea4ac0371dfc1095e9854"
}