{
  "task_id": "XGBoost_5_1433",
  "model_name": "XGBoost",
  "fold_id": "5",
  "hyperparams": {
    "n_estimators": "100",
    "max_depth": "3",
    "learning_rate": "0.2",
    "subsample": "0.7"
  },
  "test_results": {
    "accuracy": 0.5,
    "f1": 0.3348779993121754,
    "precision": 0.54995004995005,
    "recall": 0.5
  },
  "train_results": {
    "accuracy": 0.8889888688928881,
    "f1": 0.8887162649758217,
    "precision": 0.8891354300318114,
    "recall": 0.8889888688928881
  },
  "detailed_results": {
    "metadata": {
      "model_name": "XGBoost",
      "hyperparams": {
        "n_estimators": 100,
        "max_depth": 3,
        "learning_rate": 0.2,
        "subsample": 0.7
      }
    },
    "test_accuracy": 0.5,
    "test_f1": 0.3348779993121754,
    "test_precision": 0.54995004995005,
    "test_recall": 0.5,
    "train_accuracy": 0.8889888688928881,
    "train_f1": 0.8887162649758217,
    "train_precision": 0.8891354300318114,
    "train_recall": 0.8889888688928881
  },
  "test_accuracy": 0.5,
  "train_accuracy": 0.8889888688928881,
  "worker_id": "worker_14b96648cfbcb3995486756922e9bab2d59589a08dd66423e3d52d93"
}