{
  "task_id": "XGBoost_35_4738",
  "model_name": "XGBoost",
  "fold_id": "35",
  "hyperparams": {
    "n_estimators": "100",
    "max_depth": "9",
    "learning_rate": "0.2",
    "subsample": "0.7"
  },
  "test_results": {
    "accuracy": 0.5259636827014973,
    "f1": 0.41215758002249747,
    "precision": 0.7506785973109475,
    "recall": 0.5259636827014973
  },
  "train_results": {
    "accuracy": 1.0,
    "f1": 1.0,
    "precision": 1.0,
    "recall": 1.0
  },
  "detailed_results": {
    "metadata": {
      "model_name": "XGBoost",
      "hyperparams": {
        "n_estimators": 100,
        "max_depth": 9,
        "learning_rate": 0.2,
        "subsample": 0.7
      }
    },
    "test_accuracy": 0.5259636827014973,
    "test_f1": 0.41215758002249747,
    "test_precision": 0.7506785973109475,
    "test_recall": 0.5259636827014973,
    "train_accuracy": 1.0,
    "train_f1": 1.0,
    "train_precision": 1.0,
    "train_recall": 1.0
  },
  "test_accuracy": 0.5259636827014973,
  "train_accuracy": 1.0,
  "worker_id": "worker_47d24151a546b100c7fa650e85c7d1874654d7bff72ccf24063f9d74"
}