{
  "task_id": "XGBoost_23_7132",
  "model_name": "XGBoost",
  "fold_id": "23",
  "hyperparams": {
    "n_estimators": "100",
    "max_depth": "3",
    "learning_rate": "0.2",
    "subsample": "0.7"
  },
  "test_results": {
    "accuracy": 0.6788543570993297,
    "f1": 0.6783828531415417,
    "precision": 0.681072547361189,
    "recall": 0.6788543570993297
  },
  "train_results": {
    "accuracy": 0.9012511771828333,
    "f1": 0.9009011866806202,
    "precision": 0.9018768247268473,
    "recall": 0.9012511771828333
  },
  "detailed_results": {
    "metadata": {
      "model_name": "XGBoost",
      "hyperparams": {
        "n_estimators": 100,
        "max_depth": 3,
        "learning_rate": 0.2,
        "subsample": 0.7
      }
    },
    "test_accuracy": 0.6788543570993297,
    "test_f1": 0.6783828531415417,
    "test_precision": 0.681072547361189,
    "test_recall": 0.6788543570993297,
    "train_accuracy": 0.9012511771828333,
    "train_f1": 0.9009011866806202,
    "train_precision": 0.9018768247268473,
    "train_recall": 0.9012511771828333
  },
  "test_accuracy": 0.6788543570993297,
  "train_accuracy": 0.9012511771828333,
  "worker_id": "worker_99b7b4b5545a2b5e8e89ea7ac9314cfa4171d0e4a2ba7031f327a732"
}