{
  "task_id": "KNN_41_6398",
  "model_name": "KNN",
  "fold_id": "41",
  "hyperparams": {
    "n_neighbors": 1,
    "weights": "uniform",
    "metric": "euclidean"
  },
  "test_results": {
    "accuracy": 0.41044776119402987,
    "f1": 0.24961593705114596,
    "precision": 0.26381827128095786,
    "recall": 0.41044776119402987
  },
  "train_results": {
    "accuracy": 1.0,
    "f1": 1.0,
    "precision": 1.0,
    "recall": 1.0
  },
  "detailed_results": {
    "metadata": {
      "model_name": "KNN",
      "hyperparams": {
        "n_neighbors": 1,
        "weights": "uniform",
        "metric": "euclidean"
      }
    },
    "test_accuracy": 0.41044776119402987,
    "test_f1": 0.24961593705114596,
    "test_precision": 0.26381827128095786,
    "test_recall": 0.41044776119402987,
    "train_accuracy": 1.0,
    "train_f1": 1.0,
    "train_precision": 1.0,
    "train_recall": 1.0
  },
  "test_accuracy": 0.41044776119402987,
  "train_accuracy": 1.0,
  "worker_id": "worker_bd64aa478045278c35d191d280e27e7663f6a2d271322ae514fa6765"
}