{
  "task_id": "MLP_(Neural_Network)_1_9455",
  "model_name": "MLP (Neural Network)",
  "fold_id": "1",
  "hyperparams": {
    "hidden_layer_sizes": [
      200,
      100,
      50
    ],
    "activation": "tanh",
    "alpha": "0.1"
  },
  "test_results": {
    "accuracy": 0.43649946638207043,
    "f1": 0.2672180982903611,
    "precision": 0.1925458031578298,
    "recall": 0.43649946638207043
  },
  "train_results": {
    "accuracy": 0.9938897029023911,
    "f1": 0.9938887177827963,
    "precision": 0.9938926144420576,
    "recall": 0.9938897029023911
  },
  "detailed_results": {
    "metadata": {
      "model_name": "MLP (Neural Network)",
      "hyperparams": {
        "hidden_layer_sizes": [
          200,
          100,
          50
        ],
        "activation": "tanh",
        "alpha": 0.1
      }
    },
    "test_accuracy": 0.43649946638207043,
    "test_f1": 0.2672180982903611,
    "test_precision": 0.1925458031578298,
    "test_recall": 0.43649946638207043,
    "train_accuracy": 0.9938897029023911,
    "train_f1": 0.9938887177827963,
    "train_precision": 0.9938926144420576,
    "train_recall": 0.9938897029023911
  },
  "test_accuracy": 0.43649946638207043,
  "train_accuracy": 0.9938897029023911,
  "worker_id": "worker_f812cb893bddd27270feb9cbcfcf80f8b850674f9ed4f017c6699ca9"
}