{
  "task_id": "MLP_(Neural_Network)_30_8410",
  "model_name": "MLP (Neural Network)",
  "fold_id": "30",
  "hyperparams": {
    "hidden_layer_sizes": [
      100
    ],
    "activation": "tanh",
    "alpha": "0.1"
  },
  "test_results": {
    "accuracy": 0.5716999050332384,
    "f1": 0.5346273409064582,
    "precision": 0.6085173110511927,
    "recall": 0.5716999050332384
  },
  "train_results": {
    "accuracy": 0.9834798660867933,
    "f1": 0.9834834561553536,
    "precision": 0.9834971129086713,
    "recall": 0.9834798660867933
  },
  "detailed_results": {
    "metadata": {
      "model_name": "MLP (Neural Network)",
      "hyperparams": {
        "hidden_layer_sizes": [
          100
        ],
        "activation": "tanh",
        "alpha": 0.1
      }
    },
    "test_accuracy": 0.5716999050332384,
    "test_f1": 0.5346273409064582,
    "test_precision": 0.6085173110511927,
    "test_recall": 0.5716999050332384,
    "train_accuracy": 0.9834798660867933,
    "train_f1": 0.9834834561553536,
    "train_precision": 0.9834971129086713,
    "train_recall": 0.9834798660867933
  },
  "test_accuracy": 0.5716999050332384,
  "train_accuracy": 0.9834798660867933,
  "worker_id": "worker_24f57816b278433423375d01ee6e50e2e6dad011215e7a7fb6fa82d5"
}