{
  "task_id": "KNN_16_9172",
  "model_name": "KNN",
  "fold_id": "16",
  "hyperparams": {
    "n_neighbors": 15,
    "weights": "uniform",
    "metric": "euclidean"
  },
  "test_results": {
    "accuracy": 0.5190120246993826,
    "f1": 0.5156227241803589,
    "precision": 0.5239176340025097,
    "recall": 0.5190120246993826
  },
  "train_results": {
    "accuracy": 0.8993219093429535,
    "f1": 0.899369777227612,
    "precision": 0.8994618778002449,
    "recall": 0.8993219093429535
  },
  "detailed_results": {
    "metadata": {
      "model_name": "KNN",
      "hyperparams": {
        "n_neighbors": 15,
        "weights": "uniform",
        "metric": "euclidean"
      }
    },
    "test_accuracy": 0.5190120246993826,
    "test_f1": 0.5156227241803589,
    "test_precision": 0.5239176340025097,
    "test_recall": 0.5190120246993826,
    "train_accuracy": 0.8993219093429535,
    "train_f1": 0.899369777227612,
    "train_precision": 0.8994618778002449,
    "train_recall": 0.8993219093429535
  },
  "test_accuracy": 0.5190120246993826,
  "train_accuracy": 0.8993219093429535,
  "worker_id": "worker_bde904f64e4c0d756e7f802df2b82cd1178841ef8cc503c9c17841d6"
}