{
  "task_id": "XGBoost_26_6323",
  "model_name": "XGBoost",
  "fold_id": "26",
  "hyperparams": {
    "n_estimators": "100",
    "max_depth": "9",
    "learning_rate": "0.2",
    "subsample": "0.7"
  },
  "test_results": {
    "accuracy": 0.8307543520309478,
    "f1": 0.8295164005828982,
    "precision": 0.8445538603373163,
    "recall": 0.8307543520309478
  },
  "train_results": {
    "accuracy": 0.9999687304565353,
    "f1": 0.9999687303594383,
    "precision": 0.9999687322369568,
    "recall": 0.9999687304565353
  },
  "detailed_results": {
    "metadata": {
      "model_name": "XGBoost",
      "hyperparams": {
        "n_estimators": 100,
        "max_depth": 9,
        "learning_rate": 0.2,
        "subsample": 0.7
      }
    },
    "test_accuracy": 0.8307543520309478,
    "test_f1": 0.8295164005828982,
    "test_precision": 0.8445538603373163,
    "test_recall": 0.8307543520309478,
    "train_accuracy": 0.9999687304565353,
    "train_f1": 0.9999687303594383,
    "train_precision": 0.9999687322369568,
    "train_recall": 0.9999687304565353
  },
  "test_accuracy": 0.8307543520309478,
  "train_accuracy": 0.9999687304565353,
  "worker_id": "worker_36d6cd2f049e0587cd2fd62b9ebdb86c63d526f87f6d5dc18ec12c8e"
}