{
  "task_id": "XGBoost_6_6531",
  "model_name": "XGBoost",
  "fold_id": "6",
  "hyperparams": {
    "n_estimators": "100",
    "max_depth": "3",
    "learning_rate": "0.2",
    "subsample": "0.7"
  },
  "test_results": {
    "accuracy": 0.5067412035514633,
    "f1": 0.36402870034867574,
    "precision": 0.711529961208764,
    "recall": 0.5067412035514633
  },
  "train_results": {
    "accuracy": 0.8867981183064758,
    "f1": 0.8865282237009137,
    "precision": 0.8868900501976299,
    "recall": 0.8867981183064758
  },
  "detailed_results": {
    "metadata": {
      "model_name": "XGBoost",
      "hyperparams": {
        "n_estimators": 100,
        "max_depth": 3,
        "learning_rate": 0.2,
        "subsample": 0.7
      }
    },
    "test_accuracy": 0.5067412035514633,
    "test_f1": 0.36402870034867574,
    "test_precision": 0.711529961208764,
    "test_recall": 0.5067412035514633,
    "train_accuracy": 0.8867981183064758,
    "train_f1": 0.8865282237009137,
    "train_precision": 0.8868900501976299,
    "train_recall": 0.8867981183064758
  },
  "test_accuracy": 0.5067412035514633,
  "train_accuracy": 0.8867981183064758,
  "worker_id": "worker_bde904f64e4c0d756e7f802df2b82cd1178841ef8cc503c9c17841d6"
}