{
  "task_id": "KNN_25_5927",
  "model_name": "KNN",
  "fold_id": "25",
  "hyperparams": {
    "n_neighbors": 1,
    "weights": "uniform",
    "metric": "euclidean"
  },
  "test_results": {
    "accuracy": 0.7600749765698219,
    "f1": 0.7591059569989913,
    "precision": 0.7722635092657032,
    "recall": 0.7600749765698219
  },
  "train_results": {
    "accuracy": 1.0,
    "f1": 1.0,
    "precision": 1.0,
    "recall": 1.0
  },
  "detailed_results": {
    "metadata": {
      "model_name": "KNN",
      "hyperparams": {
        "n_neighbors": 1,
        "weights": "uniform",
        "metric": "euclidean"
      }
    },
    "test_accuracy": 0.7600749765698219,
    "test_f1": 0.7591059569989913,
    "test_precision": 0.7722635092657032,
    "test_recall": 0.7600749765698219,
    "train_accuracy": 1.0,
    "train_f1": 1.0,
    "train_precision": 1.0,
    "train_recall": 1.0
  },
  "test_accuracy": 0.7600749765698219,
  "train_accuracy": 1.0,
  "worker_id": "worker_65e19a6429e7aa385039e52f7b4f91f0633523cced4fb6eef449b5b6"
}