{
  "task_id": "MLP_(Neural_Network)_39_6123",
  "model_name": "MLP (Neural Network)",
  "fold_id": "39",
  "hyperparams": {
    "hidden_layer_sizes": [
      100
    ],
    "activation": "tanh",
    "alpha": "0.1"
  },
  "test_results": {
    "accuracy": 0.6821651630811936,
    "f1": 0.6833373126882908,
    "precision": 0.6889180258052885,
    "recall": 0.6821651630811936
  },
  "train_results": {
    "accuracy": 0.8217177751227931,
    "f1": 0.8212647151821952,
    "precision": 0.8213920089251028,
    "recall": 0.8217177751227931
  },
  "detailed_results": {
    "metadata": {
      "model_name": "MLP (Neural Network)",
      "hyperparams": {
        "hidden_layer_sizes": [
          100
        ],
        "activation": "tanh",
        "alpha": 0.1
      }
    },
    "test_accuracy": 0.6821651630811936,
    "test_f1": 0.6833373126882908,
    "test_precision": 0.6889180258052885,
    "test_recall": 0.6821651630811936,
    "train_accuracy": 0.8217177751227931,
    "train_f1": 0.8212647151821952,
    "train_precision": 0.8213920089251028,
    "train_recall": 0.8217177751227931
  },
  "test_accuracy": 0.6821651630811936,
  "train_accuracy": 0.8217177751227931,
  "worker_id": "worker_1c30d618a35468f978c660a1d22b91a5cb0f45605bf7bb8ceb4bce16"
}