{
  "task_id": "MLP_(Neural_Network)_16_2099",
  "model_name": "MLP (Neural Network)",
  "fold_id": "16",
  "hyperparams": {
    "hidden_layer_sizes": [
      100
    ],
    "activation": "tanh",
    "alpha": "0.1"
  },
  "test_results": {
    "accuracy": 0.5307117322066949,
    "f1": 0.3799392750912106,
    "precision": 0.7534771032433591,
    "recall": 0.5307117322066949
  },
  "train_results": {
    "accuracy": 0.9850018371914353,
    "f1": 0.985000247948888,
    "precision": 0.9850007927651382,
    "recall": 0.9850018371914353
  },
  "detailed_results": {
    "metadata": {
      "model_name": "MLP (Neural Network)",
      "hyperparams": {
        "hidden_layer_sizes": [
          100
        ],
        "activation": "tanh",
        "alpha": 0.1
      }
    },
    "test_accuracy": 0.5307117322066949,
    "test_f1": 0.3799392750912106,
    "test_precision": 0.7534771032433591,
    "test_recall": 0.5307117322066949,
    "train_accuracy": 0.9850018371914353,
    "train_f1": 0.985000247948888,
    "train_precision": 0.9850007927651382,
    "train_recall": 0.9850018371914353
  },
  "test_accuracy": 0.5307117322066949,
  "train_accuracy": 0.9850018371914353,
  "worker_id": "worker_d066ba3d41dde4c5503cf80842c58422881e6e0d480ff0ea5c0b50b6"
}