{
  "task_id": "KNN_5_4112",
  "model_name": "KNN",
  "fold_id": "5",
  "hyperparams": {
    "n_neighbors": 1,
    "weights": "uniform",
    "metric": "euclidean"
  },
  "test_results": {
    "accuracy": 0.4913563829787234,
    "f1": 0.344643498531866,
    "precision": 0.4145853626180317,
    "recall": 0.4913563829787234
  },
  "train_results": {
    "accuracy": 1.0,
    "f1": 1.0,
    "precision": 1.0,
    "recall": 1.0
  },
  "detailed_results": {
    "metadata": {
      "model_name": "KNN",
      "hyperparams": {
        "n_neighbors": 1,
        "weights": "uniform",
        "metric": "euclidean"
      }
    },
    "test_accuracy": 0.4913563829787234,
    "test_f1": 0.344643498531866,
    "test_precision": 0.4145853626180317,
    "test_recall": 0.4913563829787234,
    "train_accuracy": 1.0,
    "train_f1": 1.0,
    "train_precision": 1.0,
    "train_recall": 1.0
  },
  "test_accuracy": 0.4913563829787234,
  "train_accuracy": 1.0,
  "worker_id": "worker_33809360378eaf3e1796a0a9d47ba1d420b41f1eb46bb552dd604ceb"
}