{
  "task_id": "XGBoost_8_3312",
  "model_name": "XGBoost",
  "fold_id": "8",
  "hyperparams": {
    "n_estimators": "100",
    "max_depth": "9",
    "learning_rate": "0.2",
    "subsample": "0.7"
  },
  "test_results": {
    "accuracy": 0.48548094373865697,
    "f1": 0.45826320901037626,
    "precision": 0.46487411972913895,
    "recall": 0.48548094373865697
  },
  "train_results": {
    "accuracy": 0.9999686638255202,
    "f1": 0.9999686637311521,
    "precision": 0.9999686656186179,
    "recall": 0.9999686638255202
  },
  "detailed_results": {
    "metadata": {
      "model_name": "XGBoost",
      "hyperparams": {
        "n_estimators": 100,
        "max_depth": 9,
        "learning_rate": 0.2,
        "subsample": 0.7
      }
    },
    "test_accuracy": 0.48548094373865697,
    "test_f1": 0.45826320901037626,
    "test_precision": 0.46487411972913895,
    "test_recall": 0.48548094373865697,
    "train_accuracy": 0.9999686638255202,
    "train_f1": 0.9999686637311521,
    "train_precision": 0.9999686656186179,
    "train_recall": 0.9999686638255202
  },
  "test_accuracy": 0.48548094373865697,
  "train_accuracy": 0.9999686638255202,
  "worker_id": "worker_bd64aa478045278c35d191d280e27e7663f6a2d271322ae514fa6765"
}