{
  "task_id": "KNN_40_0124",
  "model_name": "KNN",
  "fold_id": "40",
  "hyperparams": {
    "n_neighbors": 15,
    "weights": "uniform",
    "metric": "euclidean"
  },
  "test_results": {
    "accuracy": 0.6746081504702194,
    "f1": 0.666508890958094,
    "precision": 0.6964819124819345,
    "recall": 0.6746081504702194
  },
  "train_results": {
    "accuracy": 0.863432135193133,
    "f1": 0.8635547470047906,
    "precision": 0.8638335430846172,
    "recall": 0.863432135193133
  },
  "detailed_results": {
    "metadata": {
      "model_name": "KNN",
      "hyperparams": {
        "n_neighbors": 15,
        "weights": "uniform",
        "metric": "euclidean"
      }
    },
    "test_accuracy": 0.6746081504702194,
    "test_f1": 0.666508890958094,
    "test_precision": 0.6964819124819345,
    "test_recall": 0.6746081504702194,
    "train_accuracy": 0.863432135193133,
    "train_f1": 0.8635547470047906,
    "train_precision": 0.8638335430846172,
    "train_recall": 0.863432135193133
  },
  "test_accuracy": 0.6746081504702194,
  "train_accuracy": 0.863432135193133,
  "worker_id": "worker_403a9fe5dcbab5f0c569b129ae1facbffcaf82b57fc31876899161a6"
}