{
  "task_id": "MLP_(Neural_Network)_17_6858",
  "model_name": "MLP (Neural Network)",
  "fold_id": "17",
  "hyperparams": {
    "hidden_layer_sizes": [
      150,
      50
    ],
    "activation": "tanh",
    "alpha": "0.1"
  },
  "test_results": {
    "accuracy": 0.7036791514749752,
    "f1": 0.7028400067230314,
    "precision": 0.7178859261589429,
    "recall": 0.7036791514749752
  },
  "train_results": {
    "accuracy": 0.8617861786178618,
    "f1": 0.8616408077405605,
    "precision": 0.8616244644628973,
    "recall": 0.8617861786178618
  },
  "detailed_results": {
    "metadata": {
      "model_name": "MLP (Neural Network)",
      "hyperparams": {
        "hidden_layer_sizes": [
          150,
          50
        ],
        "activation": "tanh",
        "alpha": 0.1
      }
    },
    "test_accuracy": 0.7036791514749752,
    "test_f1": 0.7028400067230314,
    "test_precision": 0.7178859261589429,
    "test_recall": 0.7036791514749752,
    "train_accuracy": 0.8617861786178618,
    "train_f1": 0.8616408077405605,
    "train_precision": 0.8616244644628973,
    "train_recall": 0.8617861786178618
  },
  "test_accuracy": 0.7036791514749752,
  "train_accuracy": 0.8617861786178618,
  "worker_id": "worker_9b9fc0063338d987d676c5d899fcc6ec73bd3ee99b4c289e9a5d1d9f"
}