{
  "task_id": "MLP_(Neural_Network)_29_8410",
  "model_name": "MLP (Neural Network)",
  "fold_id": "29",
  "hyperparams": {
    "hidden_layer_sizes": [
      100
    ],
    "activation": "tanh",
    "alpha": "0.1"
  },
  "test_results": {
    "accuracy": 0.6549815498154982,
    "f1": 0.618133470232541,
    "precision": 0.7791679638697719,
    "recall": 0.6549815498154982
  },
  "train_results": {
    "accuracy": 0.984184152834325,
    "f1": 0.9841772898587856,
    "precision": 0.9842049636659024,
    "recall": 0.984184152834325
  },
  "detailed_results": {
    "metadata": {
      "model_name": "MLP (Neural Network)",
      "hyperparams": {
        "hidden_layer_sizes": [
          100
        ],
        "activation": "tanh",
        "alpha": 0.1
      }
    },
    "test_accuracy": 0.6549815498154982,
    "test_f1": 0.618133470232541,
    "test_precision": 0.7791679638697719,
    "test_recall": 0.6549815498154982,
    "train_accuracy": 0.984184152834325,
    "train_f1": 0.9841772898587856,
    "train_precision": 0.9842049636659024,
    "train_recall": 0.984184152834325
  },
  "test_accuracy": 0.6549815498154982,
  "train_accuracy": 0.984184152834325,
  "worker_id": "worker_6899fb3747df32845309131254a28f98b2ed42f6e5f22d1c2017d7b4"
}