{
  "task_id": "MLP_(Neural_Network)_31_9244",
  "model_name": "MLP (Neural Network)",
  "fold_id": "31",
  "hyperparams": {
    "hidden_layer_sizes": [
      150,
      50
    ],
    "activation": "tanh",
    "alpha": "0.1"
  },
  "test_results": {
    "accuracy": 0.4908747640025173,
    "f1": 0.34194025623339164,
    "precision": 0.7180084650273014,
    "recall": 0.4908747640025173
  },
  "train_results": {
    "accuracy": 0.9946038342941413,
    "f1": 0.9946043727770891,
    "precision": 0.9946065593119895,
    "recall": 0.9946038342941413
  },
  "detailed_results": {
    "metadata": {
      "model_name": "MLP (Neural Network)",
      "hyperparams": {
        "hidden_layer_sizes": [
          150,
          50
        ],
        "activation": "tanh",
        "alpha": 0.1
      }
    },
    "test_accuracy": 0.4908747640025173,
    "test_f1": 0.34194025623339164,
    "test_precision": 0.7180084650273014,
    "test_recall": 0.4908747640025173,
    "train_accuracy": 0.9946038342941413,
    "train_f1": 0.9946043727770891,
    "train_precision": 0.9946065593119895,
    "train_recall": 0.9946038342941413
  },
  "test_accuracy": 0.4908747640025173,
  "train_accuracy": 0.9946038342941413,
  "worker_id": "worker_bde904f64e4c0d756e7f802df2b82cd1178841ef8cc503c9c17841d6"
}