{
  "learning_rate": 0.024691789783537386,
  "max_depth": 9,
  "n_estimators": 236,
  "subsample": 0.6820493638515472
}