{
  "task_id": "XGBoost_26_3312",
  "model_name": "XGBoost",
  "fold_id": "26",
  "hyperparams": {
    "n_estimators": "100",
    "max_depth": "9",
    "learning_rate": "0.2",
    "subsample": "0.7"
  },
  "test_results": {
    "accuracy": 0.5319767441860465,
    "f1": 0.4066826755111653,
    "precision": 0.633706218811788,
    "recall": 0.5319767441860465
  },
  "train_results": {
    "accuracy": 0.9999374648239635,
    "f1": 0.9999374652116488,
    "precision": 0.9999374734961554,
    "recall": 0.9999374648239635
  },
  "detailed_results": {
    "metadata": {
      "model_name": "XGBoost",
      "hyperparams": {
        "n_estimators": 100,
        "max_depth": 9,
        "learning_rate": 0.2,
        "subsample": 0.7
      }
    },
    "test_accuracy": 0.5319767441860465,
    "test_f1": 0.4066826755111653,
    "test_precision": 0.633706218811788,
    "test_recall": 0.5319767441860465,
    "train_accuracy": 0.9999374648239635,
    "train_f1": 0.9999374652116488,
    "train_precision": 0.9999374734961554,
    "train_recall": 0.9999374648239635
  },
  "test_accuracy": 0.5319767441860465,
  "train_accuracy": 0.9999374648239635,
  "worker_id": "worker_8217a94ca570b2d1b3a6d14e8bf975b5e1bcee7910192d8575a86d01"
}