{
  "task_id": "XGBoost_45_1915",
  "model_name": "XGBoost",
  "fold_id": "45",
  "hyperparams": {
    "n_estimators": "100",
    "max_depth": "3",
    "learning_rate": "0.2",
    "subsample": "0.7"
  },
  "test_results": {
    "accuracy": 0.8717454194792671,
    "f1": 0.8708614451380001,
    "precision": 0.8856281097996712,
    "recall": 0.8717454194792671
  },
  "train_results": {
    "accuracy": 0.8990211714669919,
    "f1": 0.898592195801865,
    "precision": 0.9000524061595891,
    "recall": 0.8990211714669919
  },
  "detailed_results": {
    "metadata": {
      "model_name": "XGBoost",
      "hyperparams": {
        "n_estimators": 100,
        "max_depth": 3,
        "learning_rate": 0.2,
        "subsample": 0.7
      }
    },
    "test_accuracy": 0.8717454194792671,
    "test_f1": 0.8708614451380001,
    "test_precision": 0.8856281097996712,
    "test_recall": 0.8717454194792671,
    "train_accuracy": 0.8990211714669919,
    "train_f1": 0.898592195801865,
    "train_precision": 0.9000524061595891,
    "train_recall": 0.8990211714669919
  },
  "test_accuracy": 0.8717454194792671,
  "train_accuracy": 0.8990211714669919,
  "worker_id": "worker_2133e29c8723635bd9298cfda032abadbe950815b21b183a372a762b"
}