{
  "task_id": "MLP_(Neural_Network)_39_8410",
  "model_name": "MLP (Neural Network)",
  "fold_id": "39",
  "hyperparams": {
    "hidden_layer_sizes": [
      100
    ],
    "activation": "tanh",
    "alpha": "0.1"
  },
  "test_results": {
    "accuracy": 0.5718418514946962,
    "f1": 0.5109640182492705,
    "precision": 0.7837729751695623,
    "recall": 0.5718418514946962
  },
  "train_results": {
    "accuracy": 0.9827688651218063,
    "f1": 0.9827650781606752,
    "precision": 0.9827700145270712,
    "recall": 0.9827688651218063
  },
  "detailed_results": {
    "metadata": {
      "model_name": "MLP (Neural Network)",
      "hyperparams": {
        "hidden_layer_sizes": [
          100
        ],
        "activation": "tanh",
        "alpha": 0.1
      }
    },
    "test_accuracy": 0.5718418514946962,
    "test_f1": 0.5109640182492705,
    "test_precision": 0.7837729751695623,
    "test_recall": 0.5718418514946962,
    "train_accuracy": 0.9827688651218063,
    "train_f1": 0.9827650781606752,
    "train_precision": 0.9827700145270712,
    "train_recall": 0.9827688651218063
  },
  "test_accuracy": 0.5718418514946962,
  "train_accuracy": 0.9827688651218063,
  "worker_id": "worker_a614f3ee07b933183ba43483c2c3c5c26e2402af965e046815e82d5d"
}