{
  "task_id": "XGBoost_10_9435",
  "model_name": "XGBoost",
  "fold_id": "10",
  "hyperparams": {
    "n_estimators": "100",
    "max_depth": "9",
    "learning_rate": "0.2",
    "subsample": "0.7"
  },
  "test_results": {
    "accuracy": 0.5895547371945096,
    "f1": 0.560956005921091,
    "precision": 0.6747754460556771,
    "recall": 0.5895547371945096
  },
  "train_results": {
    "accuracy": 0.999966696639691,
    "f1": 0.999966696511475,
    "precision": 0.9999666986306851,
    "recall": 0.999966696639691
  },
  "detailed_results": {
    "metadata": {
      "model_name": "XGBoost",
      "hyperparams": {
        "n_estimators": 100,
        "max_depth": 9,
        "learning_rate": 0.2,
        "subsample": 0.7
      }
    },
    "test_accuracy": 0.5895547371945096,
    "test_f1": 0.560956005921091,
    "test_precision": 0.6747754460556771,
    "test_recall": 0.5895547371945096,
    "train_accuracy": 0.999966696639691,
    "train_f1": 0.999966696511475,
    "train_precision": 0.9999666986306851,
    "train_recall": 0.999966696639691
  },
  "test_accuracy": 0.5895547371945096,
  "train_accuracy": 0.999966696639691,
  "worker_id": "worker_37df34d5105666e6d651c46c46a37bfbb320b4e1779f2c9adf734546"
}