{
  "task_id": "MLP_(Neural_Network)_15_9455",
  "model_name": "MLP (Neural Network)",
  "fold_id": "15",
  "hyperparams": {
    "hidden_layer_sizes": [
      200,
      100,
      50
    ],
    "activation": "tanh",
    "alpha": "0.1"
  },
  "test_results": {
    "accuracy": 0.8703703703703703,
    "f1": 0.8699869499151763,
    "precision": 0.8725243103037246,
    "recall": 0.8703703703703703
  },
  "train_results": {
    "accuracy": 0.9934239368697939,
    "f1": 0.9934257288505933,
    "precision": 0.9934441467184131,
    "recall": 0.9934239368697939
  },
  "detailed_results": {
    "metadata": {
      "model_name": "MLP (Neural Network)",
      "hyperparams": {
        "hidden_layer_sizes": [
          200,
          100,
          50
        ],
        "activation": "tanh",
        "alpha": 0.1
      }
    },
    "test_accuracy": 0.8703703703703703,
    "test_f1": 0.8699869499151763,
    "test_precision": 0.8725243103037246,
    "test_recall": 0.8703703703703703,
    "train_accuracy": 0.9934239368697939,
    "train_f1": 0.9934257288505933,
    "train_precision": 0.9934441467184131,
    "train_recall": 0.9934239368697939
  },
  "test_accuracy": 0.8703703703703703,
  "train_accuracy": 0.9934239368697939,
  "worker_id": "worker_7d0911c764ca0954156026b30a2ea3f91254a5417fd4be105d5d5c26"
}