{
  "task_id": "MLP_(Neural_Network)_0_9244",
  "model_name": "MLP (Neural Network)",
  "fold_id": "0",
  "hyperparams": {
    "hidden_layer_sizes": [
      150,
      50
    ],
    "activation": "tanh",
    "alpha": "0.1"
  },
  "test_results": {
    "accuracy": 0.6370392390011891,
    "f1": 0.6111468718996544,
    "precision": 0.6740452800986854,
    "recall": 0.6370392390011891
  },
  "train_results": {
    "accuracy": 0.9913996627318719,
    "f1": 0.9914018465637122,
    "precision": 0.991416835162445,
    "recall": 0.9913996627318719
  },
  "detailed_results": {
    "metadata": {
      "model_name": "MLP (Neural Network)",
      "hyperparams": {
        "hidden_layer_sizes": [
          150,
          50
        ],
        "activation": "tanh",
        "alpha": 0.1
      }
    },
    "test_accuracy": 0.6370392390011891,
    "test_f1": 0.6111468718996544,
    "test_precision": 0.6740452800986854,
    "test_recall": 0.6370392390011891,
    "train_accuracy": 0.9913996627318719,
    "train_f1": 0.9914018465637122,
    "train_precision": 0.991416835162445,
    "train_recall": 0.9913996627318719
  },
  "test_accuracy": 0.6370392390011891,
  "train_accuracy": 0.9913996627318719,
  "worker_id": "worker_a8b29e8c0af28ab8ce69ba3db134c980ca1210d700776eeb63ce40b9"
}