{
  "task_id": "XGBoost_15_7969",
  "model_name": "XGBoost",
  "fold_id": "15",
  "hyperparams": {
    "n_estimators": "100",
    "max_depth": "6",
    "learning_rate": "0.2",
    "subsample": "0.7"
  },
  "test_results": {
    "accuracy": 0.537962962962963,
    "f1": 0.3986848573634299,
    "precision": 0.756292964365881,
    "recall": 0.537962962962963
  },
  "train_results": {
    "accuracy": 0.9765453748355984,
    "f1": 0.9765306644592803,
    "precision": 0.9765881089888125,
    "recall": 0.9765453748355984
  },
  "detailed_results": {
    "metadata": {
      "model_name": "XGBoost",
      "hyperparams": {
        "n_estimators": 100,
        "max_depth": 6,
        "learning_rate": 0.2,
        "subsample": 0.7
      }
    },
    "test_accuracy": 0.537962962962963,
    "test_f1": 0.3986848573634299,
    "test_precision": 0.756292964365881,
    "test_recall": 0.537962962962963,
    "train_accuracy": 0.9765453748355984,
    "train_f1": 0.9765306644592803,
    "train_precision": 0.9765881089888125,
    "train_recall": 0.9765453748355984
  },
  "test_accuracy": 0.537962962962963,
  "train_accuracy": 0.9765453748355984,
  "worker_id": "worker_737fbcc58e7c764e53f817a647e440d5fe5dced16a37bfcb9ace52d2"
}