{
  "task_id": "MLP_(Neural_Network)_21_9244",
  "model_name": "MLP (Neural Network)",
  "fold_id": "21",
  "hyperparams": {
    "hidden_layer_sizes": [
      150,
      50
    ],
    "activation": "tanh",
    "alpha": "0.1"
  },
  "test_results": {
    "accuracy": 0.7436155913978495,
    "f1": 0.7413909832461854,
    "precision": 0.7602497149349817,
    "recall": 0.7436155913978495
  },
  "train_results": {
    "accuracy": 0.9893468273520207,
    "f1": 0.9893478860881391,
    "precision": 0.98935093705545,
    "recall": 0.9893468273520207
  },
  "detailed_results": {
    "metadata": {
      "model_name": "MLP (Neural Network)",
      "hyperparams": {
        "hidden_layer_sizes": [
          150,
          50
        ],
        "activation": "tanh",
        "alpha": 0.1
      }
    },
    "test_accuracy": 0.7436155913978495,
    "test_f1": 0.7413909832461854,
    "test_precision": 0.7602497149349817,
    "test_recall": 0.7436155913978495,
    "train_accuracy": 0.9893468273520207,
    "train_f1": 0.9893478860881391,
    "train_precision": 0.98935093705545,
    "train_recall": 0.9893468273520207
  },
  "test_accuracy": 0.7436155913978495,
  "train_accuracy": 0.9893468273520207,
  "worker_id": "worker_d39782c0b09c22e40e244262bb1bd3ad13987be1a99c6a2738374dd6"
}