{
  "task_id": "MLP_(Neural_Network)_12_6123",
  "model_name": "MLP (Neural Network)",
  "fold_id": "12",
  "hyperparams": {
    "hidden_layer_sizes": [
      100
    ],
    "activation": "tanh",
    "alpha": "0.1"
  },
  "test_results": {
    "accuracy": 0.776759410801964,
    "f1": 0.7767767783308196,
    "precision": 0.7768747070104294,
    "recall": 0.776759410801964
  },
  "train_results": {
    "accuracy": 0.7974565239160185,
    "f1": 0.7977530031089861,
    "precision": 0.8109420350803376,
    "recall": 0.7974565239160185
  },
  "detailed_results": {
    "metadata": {
      "model_name": "MLP (Neural Network)",
      "hyperparams": {
        "hidden_layer_sizes": [
          100
        ],
        "activation": "tanh",
        "alpha": 0.1
      }
    },
    "test_accuracy": 0.776759410801964,
    "test_f1": 0.7767767783308196,
    "test_precision": 0.7768747070104294,
    "test_recall": 0.776759410801964,
    "train_accuracy": 0.7974565239160185,
    "train_f1": 0.7977530031089861,
    "train_precision": 0.8109420350803376,
    "train_recall": 0.7974565239160185
  },
  "test_accuracy": 0.776759410801964,
  "train_accuracy": 0.7974565239160185,
  "worker_id": "worker_58508966d2305b6a9465d3b1f35acb726223c6a163a4923764e239dd"
}