{
  "task_id": "KNN_1_4352",
  "model_name": "KNN",
  "fold_id": "1",
  "hyperparams": {
    "n_neighbors": 15,
    "weights": "uniform",
    "metric": "euclidean"
  },
  "test_results": {
    "accuracy": 0.4719211822660099,
    "f1": 0.3190182219593397,
    "precision": 0.6880043670707083,
    "recall": 0.4719211822660099
  },
  "train_results": {
    "accuracy": 0.912042443858654,
    "f1": 0.9120802573008381,
    "precision": 0.912158114890736,
    "recall": 0.912042443858654
  },
  "detailed_results": {
    "metadata": {
      "model_name": "KNN",
      "hyperparams": {
        "n_neighbors": 15,
        "weights": "uniform",
        "metric": "euclidean"
      }
    },
    "test_accuracy": 0.4719211822660099,
    "test_f1": 0.3190182219593397,
    "test_precision": 0.6880043670707083,
    "test_recall": 0.4719211822660099,
    "train_accuracy": 0.912042443858654,
    "train_f1": 0.9120802573008381,
    "train_precision": 0.912158114890736,
    "train_recall": 0.912042443858654
  },
  "test_accuracy": 0.4719211822660099,
  "train_accuracy": 0.912042443858654,
  "worker_id": "worker_79e68c460b9e6e4ac7981329c8b267c6ba34921ed3e46614f7b59357"
}