{
  "task_id": "XGBoost_30_0310",
  "model_name": "XGBoost",
  "fold_id": "30",
  "hyperparams": {
    "n_estimators": "100",
    "max_depth": "6",
    "learning_rate": "0.2",
    "subsample": "0.7"
  },
  "test_results": {
    "accuracy": 0.5104358502148557,
    "f1": 0.36499892626183134,
    "precision": 0.7548348545676898,
    "recall": 0.5104358502148557
  },
  "train_results": {
    "accuracy": 0.9822892861943809,
    "f1": 0.982280646299538,
    "precision": 0.9823094114167448,
    "recall": 0.9822892861943809
  },
  "detailed_results": {
    "metadata": {
      "model_name": "XGBoost",
      "hyperparams": {
        "n_estimators": 100,
        "max_depth": 6,
        "learning_rate": 0.2,
        "subsample": 0.7
      }
    },
    "test_accuracy": 0.5104358502148557,
    "test_f1": 0.36499892626183134,
    "test_precision": 0.7548348545676898,
    "test_recall": 0.5104358502148557,
    "train_accuracy": 0.9822892861943809,
    "train_f1": 0.982280646299538,
    "train_precision": 0.9823094114167448,
    "train_recall": 0.9822892861943809
  },
  "test_accuracy": 0.5104358502148557,
  "train_accuracy": 0.9822892861943809,
  "worker_id": "worker_c032beb2f325b4293511dc0a64c18da6e19d53e14705d676800291bb"
}