{
  "task_id": "MLP_(Neural_Network)_1_8410",
  "model_name": "MLP (Neural Network)",
  "fold_id": "1",
  "hyperparams": {
    "hidden_layer_sizes": [
      100
    ],
    "activation": "tanh",
    "alpha": "0.1"
  },
  "test_results": {
    "accuracy": 0.439701173959445,
    "f1": 0.26857951619168474,
    "precision": 0.19333712238131415,
    "recall": 0.439701173959445
  },
  "train_results": {
    "accuracy": 0.98360195778907,
    "f1": 0.9835914735023223,
    "precision": 0.983650867565915,
    "recall": 0.98360195778907
  },
  "detailed_results": {
    "metadata": {
      "model_name": "MLP (Neural Network)",
      "hyperparams": {
        "hidden_layer_sizes": [
          100
        ],
        "activation": "tanh",
        "alpha": 0.1
      }
    },
    "test_accuracy": 0.439701173959445,
    "test_f1": 0.26857951619168474,
    "test_precision": 0.19333712238131415,
    "test_recall": 0.439701173959445,
    "train_accuracy": 0.98360195778907,
    "train_f1": 0.9835914735023223,
    "train_precision": 0.983650867565915,
    "train_recall": 0.98360195778907
  },
  "test_accuracy": 0.439701173959445,
  "train_accuracy": 0.98360195778907,
  "worker_id": "worker_6899fb3747df32845309131254a28f98b2ed42f6e5f22d1c2017d7b4"
}