{
  "task_id": "MLP_(Neural_Network)_21_0811",
  "model_name": "MLP (Neural Network)",
  "fold_id": "21",
  "hyperparams": {
    "hidden_layer_sizes": [
      100
    ],
    "activation": "tanh",
    "alpha": "0.1"
  },
  "test_results": {
    "accuracy": 0.6483870967741936,
    "f1": 0.6301075778151112,
    "precision": 0.7862907121707964,
    "recall": 0.6483870967741936
  },
  "train_results": {
    "accuracy": 0.7993392345094128,
    "f1": 0.79496724221582,
    "precision": 0.8084882195284772,
    "recall": 0.7993392345094128
  },
  "detailed_results": {
    "metadata": {
      "model_name": "MLP (Neural Network)",
      "hyperparams": {
        "hidden_layer_sizes": [
          100
        ],
        "activation": "tanh",
        "alpha": 0.1
      }
    },
    "test_accuracy": 0.6483870967741936,
    "test_f1": 0.6301075778151112,
    "test_precision": 0.7862907121707964,
    "test_recall": 0.6483870967741936,
    "train_accuracy": 0.7993392345094128,
    "train_f1": 0.79496724221582,
    "train_precision": 0.8084882195284772,
    "train_recall": 0.7993392345094128
  },
  "test_accuracy": 0.6483870967741936,
  "train_accuracy": 0.7993392345094128,
  "worker_id": "worker_e03947b95d4438fdb65dfe3c02ad08cd5d411b7b0e9e2be2f0973c46"
}