{
  "task_id": "MLP_(Neural_Network)_4_6123",
  "model_name": "MLP (Neural Network)",
  "fold_id": "4",
  "hyperparams": {
    "hidden_layer_sizes": [
      100
    ],
    "activation": "tanh",
    "alpha": "0.1"
  },
  "test_results": {
    "accuracy": 0.8119330076762038,
    "f1": 0.8089854038070939,
    "precision": 0.8224714405373088,
    "recall": 0.8119330076762038
  },
  "train_results": {
    "accuracy": 0.8102029985405333,
    "f1": 0.8073430212580405,
    "precision": 0.8157635719932984,
    "recall": 0.8102029985405333
  },
  "detailed_results": {
    "metadata": {
      "model_name": "MLP (Neural Network)",
      "hyperparams": {
        "hidden_layer_sizes": [
          100
        ],
        "activation": "tanh",
        "alpha": 0.1
      }
    },
    "test_accuracy": 0.8119330076762038,
    "test_f1": 0.8089854038070939,
    "test_precision": 0.8224714405373088,
    "test_recall": 0.8119330076762038,
    "train_accuracy": 0.8102029985405333,
    "train_f1": 0.8073430212580405,
    "train_precision": 0.8157635719932984,
    "train_recall": 0.8102029985405333
  },
  "test_accuracy": 0.8119330076762038,
  "train_accuracy": 0.8102029985405333,
  "worker_id": "worker_58508966d2305b6a9465d3b1f35acb726223c6a163a4923764e239dd"
}