{
  "task_id": "MLP_(Neural_Network)_9_4646",
  "model_name": "MLP (Neural Network)",
  "fold_id": "9",
  "hyperparams": {
    "hidden_layer_sizes": [
      150,
      50
    ],
    "activation": "tanh",
    "alpha": "0.1"
  },
  "test_results": {
    "accuracy": 0.5616561656165616,
    "f1": 0.46104126039887533,
    "precision": 0.7535867370520836,
    "recall": 0.5616561656165616
  },
  "train_results": {
    "accuracy": 0.9930258414473906,
    "f1": 0.9930257157511241,
    "precision": 0.9930256470460872,
    "recall": 0.9930258414473906
  },
  "detailed_results": {
    "metadata": {
      "model_name": "MLP (Neural Network)",
      "hyperparams": {
        "hidden_layer_sizes": [
          150,
          50
        ],
        "activation": "tanh",
        "alpha": 0.1
      }
    },
    "test_accuracy": 0.5616561656165616,
    "test_f1": 0.46104126039887533,
    "test_precision": 0.7535867370520836,
    "test_recall": 0.5616561656165616,
    "train_accuracy": 0.9930258414473906,
    "train_f1": 0.9930257157511241,
    "train_precision": 0.9930256470460872,
    "train_recall": 0.9930258414473906
  },
  "test_accuracy": 0.5616561656165616,
  "train_accuracy": 0.9930258414473906,
  "worker_id": "worker_3cc164a7873323c2e9e4d245d304a8ebb29889975bb13f69b7208e13"
}