{
  "task_id": "XGBoost_26_8809",
  "model_name": "XGBoost",
  "fold_id": "26",
  "hyperparams": {
    "n_estimators": "100",
    "max_depth": "6",
    "learning_rate": "0.2",
    "subsample": "0.7"
  },
  "test_results": {
    "accuracy": 0.8433268858800773,
    "f1": 0.8422587136632474,
    "precision": 0.8567230104167032,
    "recall": 0.8433268858800773
  },
  "train_results": {
    "accuracy": 0.9818949343339587,
    "f1": 0.9818814933170016,
    "precision": 0.9819647174604833,
    "recall": 0.9818949343339587
  },
  "detailed_results": {
    "metadata": {
      "model_name": "XGBoost",
      "hyperparams": {
        "n_estimators": 100,
        "max_depth": 6,
        "learning_rate": 0.2,
        "subsample": 0.7
      }
    },
    "test_accuracy": 0.8433268858800773,
    "test_f1": 0.8422587136632474,
    "test_precision": 0.8567230104167032,
    "test_recall": 0.8433268858800773,
    "train_accuracy": 0.9818949343339587,
    "train_f1": 0.9818814933170016,
    "train_precision": 0.9819647174604833,
    "train_recall": 0.9818949343339587
  },
  "test_accuracy": 0.8433268858800773,
  "train_accuracy": 0.9818949343339587,
  "worker_id": "worker_9d471787b59d1749aae4df7dc9ef9b93d30cc26f631a20b649efc2e7"
}