{
  "task_id": "MLP_(Neural_Network)_41_1854",
  "model_name": "MLP (Neural Network)",
  "fold_id": "41",
  "hyperparams": {
    "hidden_layer_sizes": [
      200,
      100,
      50
    ],
    "activation": "tanh",
    "alpha": "0.1"
  },
  "test_results": {
    "accuracy": 0.5230460921843687,
    "f1": 0.3592500791055796,
    "precision": 0.27357721454933914,
    "recall": 0.5230460921843687
  },
  "train_results": {
    "accuracy": 0.9945369753497668,
    "f1": 0.9945391350053274,
    "precision": 0.9945692633682898,
    "recall": 0.9945369753497668
  },
  "detailed_results": {
    "metadata": {
      "model_name": "MLP (Neural Network)",
      "hyperparams": {
        "hidden_layer_sizes": [
          200,
          100,
          50
        ],
        "activation": "tanh",
        "alpha": 0.1
      }
    },
    "test_accuracy": 0.5230460921843687,
    "test_f1": 0.3592500791055796,
    "test_precision": 0.27357721454933914,
    "test_recall": 0.5230460921843687,
    "train_accuracy": 0.9945369753497668,
    "train_f1": 0.9945391350053274,
    "train_precision": 0.9945692633682898,
    "train_recall": 0.9945369753497668
  },
  "test_accuracy": 0.5230460921843687,
  "train_accuracy": 0.9945369753497668,
  "worker_id": "worker_11d59c9cc0a81563a29a9f378f2299b5cfb4e39493e01f6a781057b5"
}