{
  "task_id": "KNN_26_2825",
  "model_name": "KNN",
  "fold_id": "26",
  "hyperparams": {
    "n_neighbors": 1,
    "weights": "uniform",
    "metric": "euclidean"
  },
  "test_results": {
    "accuracy": 0.6250845165652468,
    "f1": 0.6255632353263448,
    "precision": 0.6329196258540807,
    "recall": 0.6250845165652468
  },
  "train_results": {
    "accuracy": 1.0,
    "f1": 1.0,
    "precision": 1.0,
    "recall": 1.0
  },
  "detailed_results": {
    "metadata": {
      "model_name": "KNN",
      "hyperparams": {
        "n_neighbors": 1,
        "weights": "uniform",
        "metric": "euclidean"
      }
    },
    "test_accuracy": 0.6250845165652468,
    "test_f1": 0.6255632353263448,
    "test_precision": 0.6329196258540807,
    "test_recall": 0.6250845165652468,
    "train_accuracy": 1.0,
    "train_f1": 1.0,
    "train_precision": 1.0,
    "train_recall": 1.0
  },
  "test_accuracy": 0.6250845165652468,
  "train_accuracy": 1.0,
  "worker_id": "worker_bae6badfd14ba782d03ebf68e1412519298cc537db7192a4cbdf28c3"
}