{
  "task_id": "MLP_(Neural_Network)_32_5240",
  "model_name": "MLP (Neural Network)",
  "fold_id": "32",
  "hyperparams": {
    "hidden_layer_sizes": [
      200,
      100,
      50
    ],
    "activation": "tanh",
    "alpha": "0.1"
  },
  "test_results": {
    "accuracy": 0.755608028335301,
    "f1": 0.7575123467904736,
    "precision": 0.8111138814131473,
    "recall": 0.755608028335301
  },
  "train_results": {
    "accuracy": 0.9058351726925109,
    "f1": 0.9051722903275277,
    "precision": 0.9085016442648465,
    "recall": 0.9058351726925109
  },
  "detailed_results": {
    "metadata": {
      "model_name": "MLP (Neural Network)",
      "hyperparams": {
        "hidden_layer_sizes": [
          200,
          100,
          50
        ],
        "activation": "tanh",
        "alpha": 0.1
      }
    },
    "test_accuracy": 0.755608028335301,
    "test_f1": 0.7575123467904736,
    "test_precision": 0.8111138814131473,
    "test_recall": 0.755608028335301,
    "train_accuracy": 0.9058351726925109,
    "train_f1": 0.9051722903275277,
    "train_precision": 0.9085016442648465,
    "train_recall": 0.9058351726925109
  },
  "test_accuracy": 0.755608028335301,
  "train_accuracy": 0.9058351726925109,
  "worker_id": "worker_fe3456f730ca23a55169915d00e01e8cdd15112cc15f4333815d7220"
}