{
  "task_id": "XGBoost_44_5417",
  "model_name": "XGBoost",
  "fold_id": "44",
  "hyperparams": {
    "n_estimators": "100",
    "max_depth": "6",
    "learning_rate": "0.2",
    "subsample": "0.7"
  },
  "test_results": {
    "accuracy": 0.762989095574086,
    "f1": 0.7621457534777123,
    "precision": 0.7687822519334259,
    "recall": 0.762989095574086
  },
  "train_results": {
    "accuracy": 0.9866537329408617,
    "f1": 0.9866435682343286,
    "precision": 0.9867220735891681,
    "recall": 0.9866537329408617
  },
  "detailed_results": {
    "metadata": {
      "model_name": "XGBoost",
      "hyperparams": {
        "n_estimators": 100,
        "max_depth": 6,
        "learning_rate": 0.2,
        "subsample": 0.7
      }
    },
    "test_accuracy": 0.762989095574086,
    "test_f1": 0.7621457534777123,
    "test_precision": 0.7687822519334259,
    "test_recall": 0.762989095574086,
    "train_accuracy": 0.9866537329408617,
    "train_f1": 0.9866435682343286,
    "train_precision": 0.9867220735891681,
    "train_recall": 0.9866537329408617
  },
  "test_accuracy": 0.762989095574086,
  "train_accuracy": 0.9866537329408617,
  "worker_id": "worker_296c9067751c10261d0a02ea71b317973f480dc36337f2a820a58435"
}