{
  "task_id": "XGBoost_45_0310",
  "model_name": "XGBoost",
  "fold_id": "45",
  "hyperparams": {
    "n_estimators": "100",
    "max_depth": "6",
    "learning_rate": "0.2",
    "subsample": "0.7"
  },
  "test_results": {
    "accuracy": 0.6226973684210526,
    "f1": 0.5902424620589622,
    "precision": 0.671726156415139,
    "recall": 0.6226973684210526
  },
  "train_results": {
    "accuracy": 0.9817842129845866,
    "f1": 0.9817773733300031,
    "precision": 0.9817935525880906,
    "recall": 0.9817842129845866
  },
  "detailed_results": {
    "metadata": {
      "model_name": "XGBoost",
      "hyperparams": {
        "n_estimators": 100,
        "max_depth": 6,
        "learning_rate": 0.2,
        "subsample": 0.7
      }
    },
    "test_accuracy": 0.6226973684210526,
    "test_f1": 0.5902424620589622,
    "test_precision": 0.671726156415139,
    "test_recall": 0.6226973684210526,
    "train_accuracy": 0.9817842129845866,
    "train_f1": 0.9817773733300031,
    "train_precision": 0.9817935525880906,
    "train_recall": 0.9817842129845866
  },
  "test_accuracy": 0.6226973684210526,
  "train_accuracy": 0.9817842129845866,
  "worker_id": "worker_822f1375dcad0e6f7657734a1ea26ba83e4ea4ac0371dfc1095e9854"
}