{
  "task_id": "MLP_(Neural_Network)_1_3401",
  "model_name": "MLP (Neural Network)",
  "fold_id": "1",
  "hyperparams": {
    "hidden_layer_sizes": [
      200,
      100,
      50
    ],
    "activation": "tanh",
    "alpha": "0.1"
  },
  "test_results": {
    "accuracy": 0.6673234811165846,
    "f1": 0.6596634156622199,
    "precision": 0.670186789006897,
    "recall": 0.6673234811165846
  },
  "train_results": {
    "accuracy": 0.9055023524308452,
    "f1": 0.9047762922125321,
    "precision": 0.9089495320236767,
    "recall": 0.9055023524308452
  },
  "detailed_results": {
    "metadata": {
      "model_name": "MLP (Neural Network)",
      "hyperparams": {
        "hidden_layer_sizes": [
          200,
          100,
          50
        ],
        "activation": "tanh",
        "alpha": 0.1
      }
    },
    "test_accuracy": 0.6673234811165846,
    "test_f1": 0.6596634156622199,
    "test_precision": 0.670186789006897,
    "test_recall": 0.6673234811165846,
    "train_accuracy": 0.9055023524308452,
    "train_f1": 0.9047762922125321,
    "train_precision": 0.9089495320236767,
    "train_recall": 0.9055023524308452
  },
  "test_accuracy": 0.6673234811165846,
  "train_accuracy": 0.9055023524308452,
  "worker_id": "worker_ec4afe7dbb138eb3215700455c96fdf9bfe709e60db5641d49ebb2d4"
}