{
  "task_id": "MLP_(Neural_Network)_28_6858",
  "model_name": "MLP (Neural Network)",
  "fold_id": "28",
  "hyperparams": {
    "hidden_layer_sizes": [
      150,
      50
    ],
    "activation": "tanh",
    "alpha": "0.1"
  },
  "test_results": {
    "accuracy": 0.6570356472795498,
    "f1": 0.6434567419116586,
    "precision": 0.7047560656085269,
    "recall": 0.6570356472795498
  },
  "train_results": {
    "accuracy": 0.8481663316748492,
    "f1": 0.8462672490514241,
    "precision": 0.8527771440506312,
    "recall": 0.8481663316748492
  },
  "detailed_results": {
    "metadata": {
      "model_name": "MLP (Neural Network)",
      "hyperparams": {
        "hidden_layer_sizes": [
          150,
          50
        ],
        "activation": "tanh",
        "alpha": 0.1
      }
    },
    "test_accuracy": 0.6570356472795498,
    "test_f1": 0.6434567419116586,
    "test_precision": 0.7047560656085269,
    "test_recall": 0.6570356472795498,
    "train_accuracy": 0.8481663316748492,
    "train_f1": 0.8462672490514241,
    "train_precision": 0.8527771440506312,
    "train_recall": 0.8481663316748492
  },
  "test_accuracy": 0.6570356472795498,
  "train_accuracy": 0.8481663316748492,
  "worker_id": "worker_5b1037d373ebcbc8250f1d1f276c7fcc5590d2b1cad18a982d777369"
}