{
  "task_id": "XGBoost_43_3312",
  "model_name": "XGBoost",
  "fold_id": "43",
  "hyperparams": {
    "n_estimators": "100",
    "max_depth": "9",
    "learning_rate": "0.2",
    "subsample": "0.7"
  },
  "test_results": {
    "accuracy": 0.5320041972717734,
    "f1": 0.46122470379894875,
    "precision": 0.4907443657954848,
    "recall": 0.5320041972717734
  },
  "train_results": {
    "accuracy": 0.9999376189139453,
    "f1": 0.9999376185180098,
    "precision": 0.999937625984226,
    "recall": 0.9999376189139453
  },
  "detailed_results": {
    "metadata": {
      "model_name": "XGBoost",
      "hyperparams": {
        "n_estimators": 100,
        "max_depth": 9,
        "learning_rate": 0.2,
        "subsample": 0.7
      }
    },
    "test_accuracy": 0.5320041972717734,
    "test_f1": 0.46122470379894875,
    "test_precision": 0.4907443657954848,
    "test_recall": 0.5320041972717734,
    "train_accuracy": 0.9999376189139453,
    "train_f1": 0.9999376185180098,
    "train_precision": 0.999937625984226,
    "train_recall": 0.9999376189139453
  },
  "test_accuracy": 0.5320041972717734,
  "train_accuracy": 0.9999376189139453,
  "worker_id": "worker_8ce9bfe5e25b70100942b7bacb8b3ed55e9830177b54363f812e0d4d"
}