{
  "task_id": "XGBoost_21_7969",
  "model_name": "XGBoost",
  "fold_id": "21",
  "hyperparams": {
    "n_estimators": "100",
    "max_depth": "6",
    "learning_rate": "0.2",
    "subsample": "0.7"
  },
  "test_results": {
    "accuracy": 0.587260034904014,
    "f1": 0.4970105417771074,
    "precision": 0.6980672876636396,
    "recall": 0.587260034904014
  },
  "train_results": {
    "accuracy": 0.9779716329860675,
    "f1": 0.977958891142272,
    "precision": 0.9780092427305327,
    "recall": 0.9779716329860675
  },
  "detailed_results": {
    "metadata": {
      "model_name": "XGBoost",
      "hyperparams": {
        "n_estimators": 100,
        "max_depth": 6,
        "learning_rate": 0.2,
        "subsample": 0.7
      }
    },
    "test_accuracy": 0.587260034904014,
    "test_f1": 0.4970105417771074,
    "test_precision": 0.6980672876636396,
    "test_recall": 0.587260034904014,
    "train_accuracy": 0.9779716329860675,
    "train_f1": 0.977958891142272,
    "train_precision": 0.9780092427305327,
    "train_recall": 0.9779716329860675
  },
  "test_accuracy": 0.587260034904014,
  "train_accuracy": 0.9779716329860675,
  "worker_id": "worker_39de6c54999b50e73a87bd39702f04b3c05569ee65510fdaf9a2d5e2"
}