{
  "task_id": "MLP_(Neural_Network)_5_9455",
  "model_name": "MLP (Neural Network)",
  "fold_id": "5",
  "hyperparams": {
    "hidden_layer_sizes": [
      200,
      100,
      50
    ],
    "activation": "tanh",
    "alpha": "0.1"
  },
  "test_results": {
    "accuracy": 0.5138755980861244,
    "f1": 0.35096048159198545,
    "precision": 0.7506456807057301,
    "recall": 0.5138755980861244
  },
  "train_results": {
    "accuracy": 0.9904907879508273,
    "f1": 0.9904821025851877,
    "precision": 0.9906208189148676,
    "recall": 0.9904907879508273
  },
  "detailed_results": {
    "metadata": {
      "model_name": "MLP (Neural Network)",
      "hyperparams": {
        "hidden_layer_sizes": [
          200,
          100,
          50
        ],
        "activation": "tanh",
        "alpha": 0.1
      }
    },
    "test_accuracy": 0.5138755980861244,
    "test_f1": 0.35096048159198545,
    "test_precision": 0.7506456807057301,
    "test_recall": 0.5138755980861244,
    "train_accuracy": 0.9904907879508273,
    "train_f1": 0.9904821025851877,
    "train_precision": 0.9906208189148676,
    "train_recall": 0.9904907879508273
  },
  "test_accuracy": 0.5138755980861244,
  "train_accuracy": 0.9904907879508273,
  "worker_id": "worker_f812cb893bddd27270feb9cbcfcf80f8b850674f9ed4f017c6699ca9"
}