{
  "task_id": "XGBoost_39_1915",
  "model_name": "XGBoost",
  "fold_id": "39",
  "hyperparams": {
    "n_estimators": "100",
    "max_depth": "3",
    "learning_rate": "0.2",
    "subsample": "0.7"
  },
  "test_results": {
    "accuracy": 0.8790931989924433,
    "f1": 0.8834143204666357,
    "precision": 0.8971523608167596,
    "recall": 0.8790931989924433
  },
  "train_results": {
    "accuracy": 0.898975791433892,
    "f1": 0.8984909769643354,
    "precision": 0.9000297988546117,
    "recall": 0.898975791433892
  },
  "detailed_results": {
    "metadata": {
      "model_name": "XGBoost",
      "hyperparams": {
        "n_estimators": 100,
        "max_depth": 3,
        "learning_rate": 0.2,
        "subsample": 0.7
      }
    },
    "test_accuracy": 0.8790931989924433,
    "test_f1": 0.8834143204666357,
    "test_precision": 0.8971523608167596,
    "test_recall": 0.8790931989924433,
    "train_accuracy": 0.898975791433892,
    "train_f1": 0.8984909769643354,
    "train_precision": 0.9000297988546117,
    "train_recall": 0.898975791433892
  },
  "test_accuracy": 0.8790931989924433,
  "train_accuracy": 0.898975791433892,
  "worker_id": "worker_cff27a72e13536b632607d20ca54635e448248a7eb37caf3492ef698"
}