{
  "task_id": "MLP_(Neural_Network)_7_6858",
  "model_name": "MLP (Neural Network)",
  "fold_id": "7",
  "hyperparams": {
    "hidden_layer_sizes": [
      150,
      50
    ],
    "activation": "tanh",
    "alpha": "0.1"
  },
  "test_results": {
    "accuracy": 0.6833122629582806,
    "f1": 0.6831391201928354,
    "precision": 0.6847439424744648,
    "recall": 0.6833122629582806
  },
  "train_results": {
    "accuracy": 0.8679061976549414,
    "f1": 0.8681845391053886,
    "precision": 0.8696284955797595,
    "recall": 0.8679061976549414
  },
  "detailed_results": {
    "metadata": {
      "model_name": "MLP (Neural Network)",
      "hyperparams": {
        "hidden_layer_sizes": [
          150,
          50
        ],
        "activation": "tanh",
        "alpha": 0.1
      }
    },
    "test_accuracy": 0.6833122629582806,
    "test_f1": 0.6831391201928354,
    "test_precision": 0.6847439424744648,
    "test_recall": 0.6833122629582806,
    "train_accuracy": 0.8679061976549414,
    "train_f1": 0.8681845391053886,
    "train_precision": 0.8696284955797595,
    "train_recall": 0.8679061976549414
  },
  "test_accuracy": 0.6833122629582806,
  "train_accuracy": 0.8679061976549414,
  "worker_id": "worker_4120d933bad341a369b83eae1c93613da7ab782b084614622de69a4e"
}