{
  "task_id": "KNN_21_9928",
  "model_name": "KNN",
  "fold_id": "21",
  "hyperparams": {
    "n_neighbors": 7,
    "weights": "uniform",
    "metric": "euclidean"
  },
  "test_results": {
    "accuracy": 0.7573924731182796,
    "f1": 0.7563024175946623,
    "precision": 0.7588052978800782,
    "recall": 0.7573924731182796
  },
  "train_results": {
    "accuracy": 0.8913043478260869,
    "f1": 0.8913054381172681,
    "precision": 0.8913065463229626,
    "recall": 0.8913043478260869
  },
  "detailed_results": {
    "metadata": {
      "model_name": "KNN",
      "hyperparams": {
        "n_neighbors": 7,
        "weights": "uniform",
        "metric": "euclidean"
      }
    },
    "test_accuracy": 0.7573924731182796,
    "test_f1": 0.7563024175946623,
    "test_precision": 0.7588052978800782,
    "test_recall": 0.7573924731182796,
    "train_accuracy": 0.8913043478260869,
    "train_f1": 0.8913054381172681,
    "train_precision": 0.8913065463229626,
    "train_recall": 0.8913043478260869
  },
  "test_accuracy": 0.7573924731182796,
  "train_accuracy": 0.8913043478260869,
  "worker_id": "worker_58508966d2305b6a9465d3b1f35acb726223c6a163a4923764e239dd"
}