{
  "task_id": "XGBoost_6_1433",
  "model_name": "XGBoost",
  "fold_id": "6",
  "hyperparams": {
    "n_estimators": "100",
    "max_depth": "3",
    "learning_rate": "0.2",
    "subsample": "0.7"
  },
  "test_results": {
    "accuracy": 0.4732977303070761,
    "f1": 0.36618945504933,
    "precision": 0.5522621168409768,
    "recall": 0.4732977303070761
  },
  "train_results": {
    "accuracy": 0.8845692584449331,
    "f1": 0.8840934292670323,
    "precision": 0.8850870149035888,
    "recall": 0.8845692584449331
  },
  "detailed_results": {
    "metadata": {
      "model_name": "XGBoost",
      "hyperparams": {
        "n_estimators": 100,
        "max_depth": 3,
        "learning_rate": 0.2,
        "subsample": 0.7
      }
    },
    "test_accuracy": 0.4732977303070761,
    "test_f1": 0.36618945504933,
    "test_precision": 0.5522621168409768,
    "test_recall": 0.4732977303070761,
    "train_accuracy": 0.8845692584449331,
    "train_f1": 0.8840934292670323,
    "train_precision": 0.8850870149035888,
    "train_recall": 0.8845692584449331
  },
  "test_accuracy": 0.4732977303070761,
  "train_accuracy": 0.8845692584449331,
  "worker_id": "worker_1af7a5dca78496bf15701a9c8d51a0c2e729ef0fb53a24e0cc2d75d5"
}