{
  "task_id": "MLP_(Neural_Network)_1_8952",
  "model_name": "MLP (Neural Network)",
  "fold_id": "1",
  "hyperparams": {
    "hidden_layer_sizes": [
      200,
      100,
      50
    ],
    "activation": "tanh",
    "alpha": "0.1"
  },
  "test_results": {
    "accuracy": 0.45977011494252873,
    "f1": 0.2896189700425378,
    "precision": 0.21138855859426608,
    "recall": 0.45977011494252873
  },
  "train_results": {
    "accuracy": 0.9932597016917482,
    "f1": 0.9932627168299026,
    "precision": 0.9933132265723452,
    "recall": 0.9932597016917482
  },
  "detailed_results": {
    "metadata": {
      "model_name": "MLP (Neural Network)",
      "hyperparams": {
        "hidden_layer_sizes": [
          200,
          100,
          50
        ],
        "activation": "tanh",
        "alpha": 0.1
      }
    },
    "test_accuracy": 0.45977011494252873,
    "test_f1": 0.2896189700425378,
    "test_precision": 0.21138855859426608,
    "test_recall": 0.45977011494252873,
    "train_accuracy": 0.9932597016917482,
    "train_f1": 0.9932627168299026,
    "train_precision": 0.9933132265723452,
    "train_recall": 0.9932597016917482
  },
  "test_accuracy": 0.45977011494252873,
  "train_accuracy": 0.9932597016917482,
  "worker_id": "worker_37df34d5105666e6d651c46c46a37bfbb320b4e1779f2c9adf734546"
}