{
  "learning_rate": 0.09619058359414338,
  "max_depth": 8,
  "n_estimators": 131,
  "subsample": 0.7682371158152819
}