{
  "task_id": "KNN_24_9858",
  "model_name": "KNN",
  "fold_id": "24",
  "hyperparams": {
    "n_neighbors": 1,
    "weights": "uniform",
    "metric": "euclidean"
  },
  "test_results": {
    "accuracy": 0.4866273011462313,
    "f1": 0.3327503588119377,
    "precision": 0.5095589422490254,
    "recall": 0.4866273011462313
  },
  "train_results": {
    "accuracy": 1.0,
    "f1": 1.0,
    "precision": 1.0,
    "recall": 1.0
  },
  "detailed_results": {
    "metadata": {
      "model_name": "KNN",
      "hyperparams": {
        "n_neighbors": 1,
        "weights": "uniform",
        "metric": "euclidean"
      }
    },
    "test_accuracy": 0.4866273011462313,
    "test_f1": 0.3327503588119377,
    "test_precision": 0.5095589422490254,
    "test_recall": 0.4866273011462313,
    "train_accuracy": 1.0,
    "train_f1": 1.0,
    "train_precision": 1.0,
    "train_recall": 1.0
  },
  "test_accuracy": 0.4866273011462313,
  "train_accuracy": 1.0,
  "worker_id": "worker_47d24151a546b100c7fa650e85c7d1874654d7bff72ccf24063f9d74"
}