{
  "task_id": "KNN_23_3889",
  "model_name": "KNN",
  "fold_id": "23",
  "hyperparams": {
    "n_neighbors": 15,
    "weights": "uniform",
    "metric": "euclidean"
  },
  "test_results": {
    "accuracy": 0.7547738693467336,
    "f1": 0.7546270297287607,
    "precision": 0.7548712102350621,
    "recall": 0.7547738693467336
  },
  "train_results": {
    "accuracy": 0.8817889378181705,
    "f1": 0.8818354773436805,
    "precision": 0.8819126212035607,
    "recall": 0.8817889378181705
  },
  "detailed_results": {
    "metadata": {
      "model_name": "KNN",
      "hyperparams": {
        "n_neighbors": 15,
        "weights": "uniform",
        "metric": "euclidean"
      }
    },
    "test_accuracy": 0.7547738693467336,
    "test_f1": 0.7546270297287607,
    "test_precision": 0.7548712102350621,
    "test_recall": 0.7547738693467336,
    "train_accuracy": 0.8817889378181705,
    "train_f1": 0.8818354773436805,
    "train_precision": 0.8819126212035607,
    "train_recall": 0.8817889378181705
  },
  "test_accuracy": 0.7547738693467336,
  "train_accuracy": 0.8817889378181705,
  "worker_id": "worker_d488735ccd3a858a145e18257826a76165033a52f6f050a93268636e"
}