{
  "task_id": "XGBoost_25_7969",
  "model_name": "XGBoost",
  "fold_id": "25",
  "hyperparams": {
    "n_estimators": "100",
    "max_depth": "6",
    "learning_rate": "0.2",
    "subsample": "0.7"
  },
  "test_results": {
    "accuracy": 0.5338491295938105,
    "f1": 0.45272999165564737,
    "precision": 0.6088832575758025,
    "recall": 0.5338491295938105
  },
  "train_results": {
    "accuracy": 0.9785803627267042,
    "f1": 0.9785679174025338,
    "precision": 0.9786161220463578,
    "recall": 0.9785803627267042
  },
  "detailed_results": {
    "metadata": {
      "model_name": "XGBoost",
      "hyperparams": {
        "n_estimators": 100,
        "max_depth": 6,
        "learning_rate": 0.2,
        "subsample": 0.7
      }
    },
    "test_accuracy": 0.5338491295938105,
    "test_f1": 0.45272999165564737,
    "test_precision": 0.6088832575758025,
    "test_recall": 0.5338491295938105,
    "train_accuracy": 0.9785803627267042,
    "train_f1": 0.9785679174025338,
    "train_precision": 0.9786161220463578,
    "train_recall": 0.9785803627267042
  },
  "test_accuracy": 0.5338491295938105,
  "train_accuracy": 0.9785803627267042,
  "worker_id": "worker_39de6c54999b50e73a87bd39702f04b3c05569ee65510fdaf9a2d5e2"
}