{
  "task_id": "KNN_19_9928",
  "model_name": "KNN",
  "fold_id": "19",
  "hyperparams": {
    "n_neighbors": 7,
    "weights": "uniform",
    "metric": "euclidean"
  },
  "test_results": {
    "accuracy": 0.7104722792607803,
    "f1": 0.7100050364815845,
    "precision": 0.7277191139476741,
    "recall": 0.7104722792607803
  },
  "train_results": {
    "accuracy": 0.8833909344676326,
    "f1": 0.8834517367659519,
    "precision": 0.8835527468832102,
    "recall": 0.8833909344676326
  },
  "detailed_results": {
    "metadata": {
      "model_name": "KNN",
      "hyperparams": {
        "n_neighbors": 7,
        "weights": "uniform",
        "metric": "euclidean"
      }
    },
    "test_accuracy": 0.7104722792607803,
    "test_f1": 0.7100050364815845,
    "test_precision": 0.7277191139476741,
    "test_recall": 0.7104722792607803,
    "train_accuracy": 0.8833909344676326,
    "train_f1": 0.8834517367659519,
    "train_precision": 0.8835527468832102,
    "train_recall": 0.8833909344676326
  },
  "test_accuracy": 0.7104722792607803,
  "train_accuracy": 0.8833909344676326,
  "worker_id": "worker_d843c3c8b96c011cad52e00c2a6013b8c27328d4e7c3484ccba65137"
}