{
  "task_id": "MLP_(Neural_Network)_1_0811",
  "model_name": "MLP (Neural Network)",
  "fold_id": "1",
  "hyperparams": {
    "hidden_layer_sizes": [
      100
    ],
    "activation": "tanh",
    "alpha": "0.1"
  },
  "test_results": {
    "accuracy": 0.535752401280683,
    "f1": 0.4637014139764507,
    "precision": 0.7150265266499448,
    "recall": 0.535752401280683
  },
  "train_results": {
    "accuracy": 0.8306574804376968,
    "f1": 0.8305407448933756,
    "precision": 0.8304917475851804,
    "recall": 0.8306574804376968
  },
  "detailed_results": {
    "metadata": {
      "model_name": "MLP (Neural Network)",
      "hyperparams": {
        "hidden_layer_sizes": [
          100
        ],
        "activation": "tanh",
        "alpha": 0.1
      }
    },
    "test_accuracy": 0.535752401280683,
    "test_f1": 0.4637014139764507,
    "test_precision": 0.7150265266499448,
    "test_recall": 0.535752401280683,
    "train_accuracy": 0.8306574804376968,
    "train_f1": 0.8305407448933756,
    "train_precision": 0.8304917475851804,
    "train_recall": 0.8306574804376968
  },
  "test_accuracy": 0.535752401280683,
  "train_accuracy": 0.8306574804376968,
  "worker_id": "worker_e03947b95d4438fdb65dfe3c02ad08cd5d411b7b0e9e2be2f0973c46"
}