{
  "task_id": "XGBoost_5_3537",
  "model_name": "XGBoost",
  "fold_id": "5",
  "hyperparams": {
    "n_estimators": "100",
    "max_depth": "9",
    "learning_rate": "0.2",
    "subsample": "0.7"
  },
  "test_results": {
    "accuracy": 0.80249753532698,
    "f1": 0.8024966395124695,
    "precision": 0.8025721858001383,
    "recall": 0.80249753532698
  },
  "train_results": {
    "accuracy": 0.9999666344132662,
    "f1": 0.9999666342953375,
    "precision": 0.9999666364285831,
    "recall": 0.9999666344132662
  },
  "detailed_results": {
    "metadata": {
      "model_name": "XGBoost",
      "hyperparams": {
        "n_estimators": 100,
        "max_depth": 9,
        "learning_rate": 0.2,
        "subsample": 0.7
      }
    },
    "test_accuracy": 0.80249753532698,
    "test_f1": 0.8024966395124695,
    "test_precision": 0.8025721858001383,
    "test_recall": 0.80249753532698,
    "train_accuracy": 0.9999666344132662,
    "train_f1": 0.9999666342953375,
    "train_precision": 0.9999666364285831,
    "train_recall": 0.9999666344132662
  },
  "test_accuracy": 0.80249753532698,
  "train_accuracy": 0.9999666344132662,
  "worker_id": "worker_bae6badfd14ba782d03ebf68e1412519298cc537db7192a4cbdf28c3"
}