{
  "task_id": "XGBoost_11_6323",
  "model_name": "XGBoost",
  "fold_id": "11",
  "hyperparams": {
    "n_estimators": "100",
    "max_depth": "9",
    "learning_rate": "0.2",
    "subsample": "0.7"
  },
  "test_results": {
    "accuracy": 0.8927000879507476,
    "f1": 0.892742103176632,
    "precision": 0.8934525208668858,
    "recall": 0.8927000879507476
  },
  "train_results": {
    "accuracy": 0.9998745176773222,
    "f1": 0.9998745168873466,
    "precision": 0.9998745240478445,
    "recall": 0.9998745176773222
  },
  "detailed_results": {
    "metadata": {
      "model_name": "XGBoost",
      "hyperparams": {
        "n_estimators": 100,
        "max_depth": 9,
        "learning_rate": 0.2,
        "subsample": 0.7
      }
    },
    "test_accuracy": 0.8927000879507476,
    "test_f1": 0.892742103176632,
    "test_precision": 0.8934525208668858,
    "test_recall": 0.8927000879507476,
    "train_accuracy": 0.9998745176773222,
    "train_f1": 0.9998745168873466,
    "train_precision": 0.9998745240478445,
    "train_recall": 0.9998745176773222
  },
  "test_accuracy": 0.8927000879507476,
  "train_accuracy": 0.9998745176773222,
  "worker_id": "worker_30822af05ca1ea041160d037adea3203e602d7d8dbdf45717af10b38"
}