{
  "task_id": "XGBoost_24_7132",
  "model_name": "XGBoost",
  "fold_id": "24",
  "hyperparams": {
    "n_estimators": "100",
    "max_depth": "3",
    "learning_rate": "0.2",
    "subsample": "0.7"
  },
  "test_results": {
    "accuracy": 0.5727683223341438,
    "f1": 0.5697608144526694,
    "precision": 0.5782459013579165,
    "recall": 0.5727683223341438
  },
  "train_results": {
    "accuracy": 0.9219512195121952,
    "f1": 0.9217421164011018,
    "precision": 0.9224065767922571,
    "recall": 0.9219512195121952
  },
  "detailed_results": {
    "metadata": {
      "model_name": "XGBoost",
      "hyperparams": {
        "n_estimators": 100,
        "max_depth": 3,
        "learning_rate": 0.2,
        "subsample": 0.7
      }
    },
    "test_accuracy": 0.5727683223341438,
    "test_f1": 0.5697608144526694,
    "test_precision": 0.5782459013579165,
    "test_recall": 0.5727683223341438,
    "train_accuracy": 0.9219512195121952,
    "train_f1": 0.9217421164011018,
    "train_precision": 0.9224065767922571,
    "train_recall": 0.9219512195121952
  },
  "test_accuracy": 0.5727683223341438,
  "train_accuracy": 0.9219512195121952,
  "worker_id": "worker_61908f5ba8c832c1827709bbdcfe77ca1725b5d1adf4cc648dcd4604"
}