{
  "model_name": "KNN",
  "best_hyperparams": {
    "n_neighbors": 15,
    "weights": "uniform",
    "metric": "euclidean"
  },
  "best_metrics": {
    "test_accuracy": 0.5343868890839918,
    "test_f1": 0.5463356248513057,
    "test_precision": 0.6054409778816512,
    "test_recall": 0.5343868890839918,
    "train_accuracy": 0.6426681367144432,
    "train_f1": 0.6530439155611273,
    "train_precision": 0.70015996892041,
    "train_recall": 0.6426681367144432,
    "std_test_accuracy": 0.0,
    "std_train_accuracy": 0.0
  },
  "all_hyperparameter_results": [
    {
      "hyperparams": {
        "n_neighbors": 15,
        "weights": "uniform",
        "metric": "euclidean"
      },
      "fold_results": [
        {
          "task_id": "KNN_0_0784",
          "model_name": "KNN",
          "fold_id": "0",
          "hyperparams": {
            "n_neighbors": 15,
            "weights": "uniform",
            "metric": "euclidean"
          },
          "test_results": {
            "accuracy": 0.5343868890839918,
            "f1": 0.5463356248513057,
            "precision": 0.6054409778816512,
            "recall": 0.5343868890839918
          },
          "train_results": {
            "accuracy": 0.6426681367144432,
            "f1": 0.6530439155611273,
            "precision": 0.70015996892041,
            "recall": 0.6426681367144432
          },
          "detailed_results": {
            "metadata": {
              "model_name": "KNN",
              "hyperparams": {
                "n_neighbors": 15,
                "weights": "uniform",
                "metric": "euclidean"
              }
            },
            "test_accuracy": 0.5343868890839918,
            "test_f1": 0.5463356248513057,
            "test_precision": 0.6054409778816512,
            "test_recall": 0.5343868890839918,
            "train_accuracy": 0.6426681367144432,
            "train_f1": 0.6530439155611273,
            "train_precision": 0.70015996892041,
            "train_recall": 0.6426681367144432
          },
          "test_accuracy": 0.5343868890839918,
          "train_accuracy": 0.6426681367144432,
          "worker_id": "worker_562b25a943de454c5c5000ddf8b681e3c4a047955cfa390d09a75b14"
        }
      ],
      "num_folds": 1,
      "mean_test_accuracy": 0.5343868890839918,
      "std_test_accuracy": 0.0,
      "min_test_accuracy": 0.5343868890839918,
      "max_test_accuracy": 0.5343868890839918,
      "mean_test_f1": 0.5463356248513057,
      "std_test_f1": 0.0,
      "mean_test_precision": 0.6054409778816512,
      "std_test_precision": 0.0,
      "mean_test_recall": 0.5343868890839918,
      "std_test_recall": 0.0,
      "mean_train_accuracy": 0.6426681367144432,
      "std_train_accuracy": 0.0,
      "min_train_accuracy": 0.6426681367144432,
      "max_train_accuracy": 0.6426681367144432,
      "mean_train_f1": 0.6530439155611273,
      "std_train_f1": 0.0,
      "mean_train_precision": 0.70015996892041,
      "std_train_precision": 0.0,
      "mean_train_recall": 0.6426681367144432,
      "std_train_recall": 0.0
    },
    {
      "hyperparams": {
        "n_neighbors": 7,
        "weights": "uniform",
        "metric": "euclidean"
      },
      "fold_results": [
        {
          "task_id": "KNN_0_6333",
          "model_name": "KNN",
          "fold_id": "0",
          "hyperparams": {
            "n_neighbors": 7,
            "weights": "uniform",
            "metric": "euclidean"
          },
          "test_results": {
            "accuracy": 0.5282411472051507,
            "f1": 0.5417553375793852,
            "precision": 0.6011796971987196,
            "recall": 0.5282411472051507
          },
          "train_results": {
            "accuracy": 0.6915472252848217,
            "f1": 0.7012583777743264,
            "precision": 0.7394479753914116,
            "recall": 0.6915472252848217
          },
          "detailed_results": {
            "metadata": {
              "model_name": "KNN",
              "hyperparams": {
                "n_neighbors": 7,
                "weights": "uniform",
                "metric": "euclidean"
              }
            },
            "test_accuracy": 0.5282411472051507,
            "test_f1": 0.5417553375793852,
            "test_precision": 0.6011796971987196,
            "test_recall": 0.5282411472051507,
            "train_accuracy": 0.6915472252848217,
            "train_f1": 0.7012583777743264,
            "train_precision": 0.7394479753914116,
            "train_recall": 0.6915472252848217
          },
          "test_accuracy": 0.5282411472051507,
          "train_accuracy": 0.6915472252848217,
          "worker_id": "worker_e86de281336dfd795300f7f29e56c85ae8df0a3f9a4604c8f90449f0"
        }
      ],
      "num_folds": 1,
      "mean_test_accuracy": 0.5282411472051507,
      "std_test_accuracy": 0.0,
      "min_test_accuracy": 0.5282411472051507,
      "max_test_accuracy": 0.5282411472051507,
      "mean_test_f1": 0.5417553375793852,
      "std_test_f1": 0.0,
      "mean_test_precision": 0.6011796971987196,
      "std_test_precision": 0.0,
      "mean_test_recall": 0.5282411472051507,
      "std_test_recall": 0.0,
      "mean_train_accuracy": 0.6915472252848217,
      "std_train_accuracy": 0.0,
      "min_train_accuracy": 0.6915472252848217,
      "max_train_accuracy": 0.6915472252848217,
      "mean_train_f1": 0.7012583777743264,
      "std_train_f1": 0.0,
      "mean_train_precision": 0.7394479753914116,
      "std_train_precision": 0.0,
      "mean_train_recall": 0.6915472252848217,
      "std_train_recall": 0.0
    },
    {
      "hyperparams": {
        "n_neighbors": 1,
        "weights": "uniform",
        "metric": "euclidean"
      },
      "fold_results": [
        {
          "task_id": "KNN_0_4935",
          "model_name": "KNN",
          "fold_id": "0",
          "hyperparams": {
            "n_neighbors": 1,
            "weights": "uniform",
            "metric": "euclidean"
          },
          "test_results": {
            "accuracy": 0.5150717003219198,
            "f1": 0.5261605392443054,
            "precision": 0.5637784459882271,
            "recall": 0.5150717003219198
          },
          "train_results": {
            "accuracy": 1.0,
            "f1": 1.0,
            "precision": 1.0,
            "recall": 1.0
          },
          "detailed_results": {
            "metadata": {
              "model_name": "KNN",
              "hyperparams": {
                "n_neighbors": 1,
                "weights": "uniform",
                "metric": "euclidean"
              }
            },
            "test_accuracy": 0.5150717003219198,
            "test_f1": 0.5261605392443054,
            "test_precision": 0.5637784459882271,
            "test_recall": 0.5150717003219198,
            "train_accuracy": 1.0,
            "train_f1": 1.0,
            "train_precision": 1.0,
            "train_recall": 1.0
          },
          "test_accuracy": 0.5150717003219198,
          "train_accuracy": 1.0,
          "worker_id": "worker_0ecbbdab63d27777bd161a0e1fc38495c25fa78e9e60ef369555067b"
        }
      ],
      "num_folds": 1,
      "mean_test_accuracy": 0.5150717003219198,
      "std_test_accuracy": 0.0,
      "min_test_accuracy": 0.5150717003219198,
      "max_test_accuracy": 0.5150717003219198,
      "mean_test_f1": 0.5261605392443054,
      "std_test_f1": 0.0,
      "mean_test_precision": 0.5637784459882271,
      "std_test_precision": 0.0,
      "mean_test_recall": 0.5150717003219198,
      "std_test_recall": 0.0,
      "mean_train_accuracy": 1.0,
      "std_train_accuracy": 0.0,
      "min_train_accuracy": 1.0,
      "max_train_accuracy": 1.0,
      "mean_train_f1": 1.0,
      "std_train_f1": 0.0,
      "mean_train_precision": 1.0,
      "std_train_precision": 0.0,
      "mean_train_recall": 1.0,
      "std_train_recall": 0.0
    }
  ],
  "total_tasks": 3,
  "num_folds": 1,
  "timestamp": "2025-11-01T02:44:26.963235"
}