{
  "model_name": "KNN",
  "best_hyperparams": {
    "n_neighbors": 15,
    "weights": "uniform",
    "metric": "euclidean"
  },
  "best_metrics": {
    "test_accuracy": 0.8415276558384548,
    "test_f1": 0.8416408450112871,
    "test_precision": 0.8418715036669197,
    "test_recall": 0.8415276558384548,
    "train_accuracy": 0.8678794560823226,
    "train_f1": 0.8679400847995699,
    "train_precision": 0.8680475355799409,
    "train_recall": 0.8678794560823226,
    "std_test_accuracy": 0.0,
    "std_train_accuracy": 0.0
  },
  "all_hyperparameter_results": [
    {
      "hyperparams": {
        "n_neighbors": 15,
        "weights": "uniform",
        "metric": "euclidean"
      },
      "fold_results": [
        {
          "task_id": "KNN_0_5920",
          "model_name": "KNN",
          "fold_id": "0",
          "hyperparams": {
            "n_neighbors": 15,
            "weights": "uniform",
            "metric": "euclidean"
          },
          "test_results": {
            "accuracy": 0.8415276558384548,
            "f1": 0.8416408450112871,
            "precision": 0.8418715036669197,
            "recall": 0.8415276558384548
          },
          "train_results": {
            "accuracy": 0.8678794560823226,
            "f1": 0.8679400847995699,
            "precision": 0.8680475355799409,
            "recall": 0.8678794560823226
          },
          "detailed_results": {
            "metadata": {
              "model_name": "KNN",
              "hyperparams": {
                "n_neighbors": 15,
                "weights": "uniform",
                "metric": "euclidean"
              }
            },
            "test_accuracy": 0.8415276558384548,
            "test_f1": 0.8416408450112871,
            "test_precision": 0.8418715036669197,
            "test_recall": 0.8415276558384548,
            "train_accuracy": 0.8678794560823226,
            "train_f1": 0.8679400847995699,
            "train_precision": 0.8680475355799409,
            "train_recall": 0.8678794560823226
          },
          "test_accuracy": 0.8415276558384548,
          "train_accuracy": 0.8678794560823226,
          "worker_id": "worker_f86fe87044d481803138b19ca17eb0d9deea2bb3f7c38a2893711573"
        }
      ],
      "num_folds": 1,
      "mean_test_accuracy": 0.8415276558384548,
      "std_test_accuracy": 0.0,
      "min_test_accuracy": 0.8415276558384548,
      "max_test_accuracy": 0.8415276558384548,
      "mean_test_f1": 0.8416408450112871,
      "std_test_f1": 0.0,
      "mean_test_precision": 0.8418715036669197,
      "std_test_precision": 0.0,
      "mean_test_recall": 0.8415276558384548,
      "std_test_recall": 0.0,
      "mean_train_accuracy": 0.8678794560823226,
      "std_train_accuracy": 0.0,
      "min_train_accuracy": 0.8678794560823226,
      "max_train_accuracy": 0.8678794560823226,
      "mean_train_f1": 0.8679400847995699,
      "std_train_f1": 0.0,
      "mean_train_precision": 0.8680475355799409,
      "std_train_precision": 0.0,
      "mean_train_recall": 0.8678794560823226,
      "std_train_recall": 0.0
    },
    {
      "hyperparams": {
        "n_neighbors": 7,
        "weights": "uniform",
        "metric": "euclidean"
      },
      "fold_results": [
        {
          "task_id": "KNN_0_1267",
          "model_name": "KNN",
          "fold_id": "0",
          "hyperparams": {
            "n_neighbors": 7,
            "weights": "uniform",
            "metric": "euclidean"
          },
          "test_results": {
            "accuracy": 0.8375768217734855,
            "f1": 0.8376326070687113,
            "precision": 0.8377127436315404,
            "recall": 0.8375768217734855
          },
          "train_results": {
            "accuracy": 0.8856670341786108,
            "f1": 0.88572228879164,
            "precision": 0.8858309153382453,
            "recall": 0.8856670341786108
          },
          "detailed_results": {
            "metadata": {
              "model_name": "KNN",
              "hyperparams": {
                "n_neighbors": 7,
                "weights": "uniform",
                "metric": "euclidean"
              }
            },
            "test_accuracy": 0.8375768217734855,
            "test_f1": 0.8376326070687113,
            "test_precision": 0.8377127436315404,
            "test_recall": 0.8375768217734855,
            "train_accuracy": 0.8856670341786108,
            "train_f1": 0.88572228879164,
            "train_precision": 0.8858309153382453,
            "train_recall": 0.8856670341786108
          },
          "test_accuracy": 0.8375768217734855,
          "train_accuracy": 0.8856670341786108,
          "worker_id": "worker_d07b2c678999e2bed7610e137f6d75a8f868ed144b06a17bd65a01de"
        }
      ],
      "num_folds": 1,
      "mean_test_accuracy": 0.8375768217734855,
      "std_test_accuracy": 0.0,
      "min_test_accuracy": 0.8375768217734855,
      "max_test_accuracy": 0.8375768217734855,
      "mean_test_f1": 0.8376326070687113,
      "std_test_f1": 0.0,
      "mean_test_precision": 0.8377127436315404,
      "std_test_precision": 0.0,
      "mean_test_recall": 0.8375768217734855,
      "std_test_recall": 0.0,
      "mean_train_accuracy": 0.8856670341786108,
      "std_train_accuracy": 0.0,
      "min_train_accuracy": 0.8856670341786108,
      "max_train_accuracy": 0.8856670341786108,
      "mean_train_f1": 0.88572228879164,
      "std_train_f1": 0.0,
      "mean_train_precision": 0.8858309153382453,
      "std_train_precision": 0.0,
      "mean_train_recall": 0.8856670341786108,
      "std_train_recall": 0.0
    },
    {
      "hyperparams": {
        "n_neighbors": 1,
        "weights": "uniform",
        "metric": "euclidean"
      },
      "fold_results": [
        {
          "task_id": "KNN_0_4522",
          "model_name": "KNN",
          "fold_id": "0",
          "hyperparams": {
            "n_neighbors": 1,
            "weights": "uniform",
            "metric": "euclidean"
          },
          "test_results": {
            "accuracy": 0.8046532045654082,
            "f1": 0.8049837731102327,
            "precision": 0.806275407588575,
            "recall": 0.8046532045654082
          },
          "train_results": {
            "accuracy": 1.0,
            "f1": 1.0,
            "precision": 1.0,
            "recall": 1.0
          },
          "detailed_results": {
            "metadata": {
              "model_name": "KNN",
              "hyperparams": {
                "n_neighbors": 1,
                "weights": "uniform",
                "metric": "euclidean"
              }
            },
            "test_accuracy": 0.8046532045654082,
            "test_f1": 0.8049837731102327,
            "test_precision": 0.806275407588575,
            "test_recall": 0.8046532045654082,
            "train_accuracy": 1.0,
            "train_f1": 1.0,
            "train_precision": 1.0,
            "train_recall": 1.0
          },
          "test_accuracy": 0.8046532045654082,
          "train_accuracy": 1.0,
          "worker_id": "worker_d58c470eaf3dd44c67b785f34478ce4641ea302d4899078fd79b15fc"
        }
      ],
      "num_folds": 1,
      "mean_test_accuracy": 0.8046532045654082,
      "std_test_accuracy": 0.0,
      "min_test_accuracy": 0.8046532045654082,
      "max_test_accuracy": 0.8046532045654082,
      "mean_test_f1": 0.8049837731102327,
      "std_test_f1": 0.0,
      "mean_test_precision": 0.806275407588575,
      "std_test_precision": 0.0,
      "mean_test_recall": 0.8046532045654082,
      "std_test_recall": 0.0,
      "mean_train_accuracy": 1.0,
      "std_train_accuracy": 0.0,
      "min_train_accuracy": 1.0,
      "max_train_accuracy": 1.0,
      "mean_train_f1": 1.0,
      "std_train_f1": 0.0,
      "mean_train_precision": 1.0,
      "std_train_precision": 0.0,
      "mean_train_recall": 1.0,
      "std_train_recall": 0.0
    }
  ],
  "total_tasks": 3,
  "num_folds": 1,
  "timestamp": "2025-11-01T01:49:58.990795"
}