{
  "task_id": "MLP_(Neural_Network)_29_5240",
  "model_name": "MLP (Neural Network)",
  "fold_id": "29",
  "hyperparams": {
    "hidden_layer_sizes": [
      200,
      100,
      50
    ],
    "activation": "tanh",
    "alpha": "0.1"
  },
  "test_results": {
    "accuracy": 0.6350435624394967,
    "f1": 0.607428666507452,
    "precision": 0.6942309477295331,
    "recall": 0.6350435624394967
  },
  "train_results": {
    "accuracy": 0.908601982427066,
    "f1": 0.9081709093489355,
    "precision": 0.9100274845682369,
    "recall": 0.908601982427066
  },
  "detailed_results": {
    "metadata": {
      "model_name": "MLP (Neural Network)",
      "hyperparams": {
        "hidden_layer_sizes": [
          200,
          100,
          50
        ],
        "activation": "tanh",
        "alpha": 0.1
      }
    },
    "test_accuracy": 0.6350435624394967,
    "test_f1": 0.607428666507452,
    "test_precision": 0.6942309477295331,
    "test_recall": 0.6350435624394967,
    "train_accuracy": 0.908601982427066,
    "train_f1": 0.9081709093489355,
    "train_precision": 0.9100274845682369,
    "train_recall": 0.908601982427066
  },
  "test_accuracy": 0.6350435624394967,
  "train_accuracy": 0.908601982427066,
  "worker_id": "worker_fe3456f730ca23a55169915d00e01e8cdd15112cc15f4333815d7220"
}