{
  "task_id": "MLP_(Neural_Network)_30_0811",
  "model_name": "MLP (Neural Network)",
  "fold_id": "30",
  "hyperparams": {
    "hidden_layer_sizes": [
      100
    ],
    "activation": "tanh",
    "alpha": "0.1"
  },
  "test_results": {
    "accuracy": 0.742619926199262,
    "f1": 0.7391881387959389,
    "precision": 0.7635282275712555,
    "recall": 0.742619926199262
  },
  "train_results": {
    "accuracy": 0.7536172878170999,
    "f1": 0.737080707849633,
    "precision": 0.7961312897261116,
    "recall": 0.7536172878170999
  },
  "detailed_results": {
    "metadata": {
      "model_name": "MLP (Neural Network)",
      "hyperparams": {
        "hidden_layer_sizes": [
          100
        ],
        "activation": "tanh",
        "alpha": 0.1
      }
    },
    "test_accuracy": 0.742619926199262,
    "test_f1": 0.7391881387959389,
    "test_precision": 0.7635282275712555,
    "test_recall": 0.742619926199262,
    "train_accuracy": 0.7536172878170999,
    "train_f1": 0.737080707849633,
    "train_precision": 0.7961312897261116,
    "train_recall": 0.7536172878170999
  },
  "test_accuracy": 0.742619926199262,
  "train_accuracy": 0.7536172878170999,
  "worker_id": "worker_2fa0c7efa1687a00c91a813cf607851f55f612fa98508602a1257014"
}