{
  "task_id": "XGBoost_35_5417",
  "model_name": "XGBoost",
  "fold_id": "35",
  "hyperparams": {
    "n_estimators": "100",
    "max_depth": "6",
    "learning_rate": "0.2",
    "subsample": "0.7"
  },
  "test_results": {
    "accuracy": 0.6741000318572794,
    "f1": 0.6741736222592812,
    "precision": 0.6742779910237965,
    "recall": 0.6741000318572794
  },
  "train_results": {
    "accuracy": 0.9878493723849372,
    "f1": 0.9878413227190177,
    "precision": 0.9878974172789017,
    "recall": 0.9878493723849372
  },
  "detailed_results": {
    "metadata": {
      "model_name": "XGBoost",
      "hyperparams": {
        "n_estimators": 100,
        "max_depth": 6,
        "learning_rate": 0.2,
        "subsample": 0.7
      }
    },
    "test_accuracy": 0.6741000318572794,
    "test_f1": 0.6741736222592812,
    "test_precision": 0.6742779910237965,
    "test_recall": 0.6741000318572794,
    "train_accuracy": 0.9878493723849372,
    "train_f1": 0.9878413227190177,
    "train_precision": 0.9878974172789017,
    "train_recall": 0.9878493723849372
  },
  "test_accuracy": 0.6741000318572794,
  "train_accuracy": 0.9878493723849372,
  "worker_id": "worker_53b4da09906b747c63fe103348d36410dd68e6c524eb7c5540143987"
}