{
  "task_id": "MLP_(Neural_Network)_17_1854",
  "model_name": "MLP (Neural Network)",
  "fold_id": "17",
  "hyperparams": {
    "hidden_layer_sizes": [
      200,
      100,
      50
    ],
    "activation": "tanh",
    "alpha": "0.1"
  },
  "test_results": {
    "accuracy": 0.46834603911170036,
    "f1": 0.30718968168068034,
    "precision": 0.7531733448113772,
    "recall": 0.46834603911170036
  },
  "train_results": {
    "accuracy": 0.9972330566389972,
    "f1": 0.9972332334290683,
    "precision": 0.99723405870601,
    "recall": 0.9972330566389972
  },
  "detailed_results": {
    "metadata": {
      "model_name": "MLP (Neural Network)",
      "hyperparams": {
        "hidden_layer_sizes": [
          200,
          100,
          50
        ],
        "activation": "tanh",
        "alpha": 0.1
      }
    },
    "test_accuracy": 0.46834603911170036,
    "test_f1": 0.30718968168068034,
    "test_precision": 0.7531733448113772,
    "test_recall": 0.46834603911170036,
    "train_accuracy": 0.9972330566389972,
    "train_f1": 0.9972332334290683,
    "train_precision": 0.99723405870601,
    "train_recall": 0.9972330566389972
  },
  "test_accuracy": 0.46834603911170036,
  "train_accuracy": 0.9972330566389972,
  "worker_id": "worker_11d59c9cc0a81563a29a9f378f2299b5cfb4e39493e01f6a781057b5"
}