{
  "task_id": "KNN_28_7516",
  "model_name": "KNN",
  "fold_id": "28",
  "hyperparams": {
    "n_neighbors": 7,
    "weights": "uniform",
    "metric": "euclidean"
  },
  "test_results": {
    "accuracy": 0.5876089060987415,
    "f1": 0.5435859361134151,
    "precision": 0.6506682927086459,
    "recall": 0.5876089060987415
  },
  "train_results": {
    "accuracy": 0.9209217973171571,
    "f1": 0.9209673343898215,
    "precision": 0.9210860492063773,
    "recall": 0.9209217973171571
  },
  "detailed_results": {
    "metadata": {
      "model_name": "KNN",
      "hyperparams": {
        "n_neighbors": 7,
        "weights": "uniform",
        "metric": "euclidean"
      }
    },
    "test_accuracy": 0.5876089060987415,
    "test_f1": 0.5435859361134151,
    "test_precision": 0.6506682927086459,
    "test_recall": 0.5876089060987415,
    "train_accuracy": 0.9209217973171571,
    "train_f1": 0.9209673343898215,
    "train_precision": 0.9210860492063773,
    "train_recall": 0.9209217973171571
  },
  "test_accuracy": 0.5876089060987415,
  "train_accuracy": 0.9209217973171571,
  "worker_id": "worker_a614f3ee07b933183ba43483c2c3c5c26e2402af965e046815e82d5d"
}