{
  "task_id": "XGBoost_47_7132",
  "model_name": "XGBoost",
  "fold_id": "47",
  "hyperparams": {
    "n_estimators": "100",
    "max_depth": "3",
    "learning_rate": "0.2",
    "subsample": "0.7"
  },
  "test_results": {
    "accuracy": 0.7018927444794952,
    "f1": 0.7003391584191296,
    "precision": 0.7123709079595578,
    "recall": 0.7018927444794952
  },
  "train_results": {
    "accuracy": 0.9265178930438279,
    "f1": 0.9262295418488449,
    "precision": 0.9274346574960131,
    "recall": 0.9265178930438279
  },
  "detailed_results": {
    "metadata": {
      "model_name": "XGBoost",
      "hyperparams": {
        "n_estimators": 100,
        "max_depth": 3,
        "learning_rate": 0.2,
        "subsample": 0.7
      }
    },
    "test_accuracy": 0.7018927444794952,
    "test_f1": 0.7003391584191296,
    "test_precision": 0.7123709079595578,
    "test_recall": 0.7018927444794952,
    "train_accuracy": 0.9265178930438279,
    "train_f1": 0.9262295418488449,
    "train_precision": 0.9274346574960131,
    "train_recall": 0.9265178930438279
  },
  "test_accuracy": 0.7018927444794952,
  "train_accuracy": 0.9265178930438279,
  "worker_id": "worker_53b4da09906b747c63fe103348d36410dd68e6c524eb7c5540143987"
}