{
  "task_id": "MLP_(Neural_Network)_1_5240",
  "model_name": "MLP (Neural Network)",
  "fold_id": "1",
  "hyperparams": {
    "hidden_layer_sizes": [
      200,
      100,
      50
    ],
    "activation": "tanh",
    "alpha": "0.1"
  },
  "test_results": {
    "accuracy": 0.3810032017075774,
    "f1": 0.27247892638828924,
    "precision": 0.29394255925533913,
    "recall": 0.3810032017075774
  },
  "train_results": {
    "accuracy": 0.9058203697353244,
    "f1": 0.9058097905821869,
    "precision": 0.9058013866170133,
    "recall": 0.9058203697353244
  },
  "detailed_results": {
    "metadata": {
      "model_name": "MLP (Neural Network)",
      "hyperparams": {
        "hidden_layer_sizes": [
          200,
          100,
          50
        ],
        "activation": "tanh",
        "alpha": 0.1
      }
    },
    "test_accuracy": 0.3810032017075774,
    "test_f1": 0.27247892638828924,
    "test_precision": 0.29394255925533913,
    "test_recall": 0.3810032017075774,
    "train_accuracy": 0.9058203697353244,
    "train_f1": 0.9058097905821869,
    "train_precision": 0.9058013866170133,
    "train_recall": 0.9058203697353244
  },
  "test_accuracy": 0.3810032017075774,
  "train_accuracy": 0.9058203697353244,
  "worker_id": "worker_df7652a11184d5eb9e230c37f63d9255fc8711fac8185d270a25f597"
}