{
  "task_id": "XGBoost_27_6323",
  "model_name": "XGBoost",
  "fold_id": "27",
  "hyperparams": {
    "n_estimators": "100",
    "max_depth": "9",
    "learning_rate": "0.2",
    "subsample": "0.7"
  },
  "test_results": {
    "accuracy": 0.9244186046511628,
    "f1": 0.9242830847312238,
    "precision": 0.9261684389443239,
    "recall": 0.9244186046511628
  },
  "train_results": {
    "accuracy": 0.9998123944718904,
    "f1": 0.9998123933073239,
    "precision": 0.9998124000389633,
    "recall": 0.9998123944718904
  },
  "detailed_results": {
    "metadata": {
      "model_name": "XGBoost",
      "hyperparams": {
        "n_estimators": 100,
        "max_depth": 9,
        "learning_rate": 0.2,
        "subsample": 0.7
      }
    },
    "test_accuracy": 0.9244186046511628,
    "test_f1": 0.9242830847312238,
    "test_precision": 0.9261684389443239,
    "test_recall": 0.9244186046511628,
    "train_accuracy": 0.9998123944718904,
    "train_f1": 0.9998123933073239,
    "train_precision": 0.9998124000389633,
    "train_recall": 0.9998123944718904
  },
  "test_accuracy": 0.9244186046511628,
  "train_accuracy": 0.9998123944718904,
  "worker_id": "worker_30822af05ca1ea041160d037adea3203e602d7d8dbdf45717af10b38"
}