{
  "task_id": "XGBoost_41_0310",
  "model_name": "XGBoost",
  "fold_id": "41",
  "hyperparams": {
    "n_estimators": "100",
    "max_depth": "6",
    "learning_rate": "0.2",
    "subsample": "0.7"
  },
  "test_results": {
    "accuracy": 0.5146960587842352,
    "f1": 0.4400476633833184,
    "precision": 0.5729040278831374,
    "recall": 0.5146960587842352
  },
  "train_results": {
    "accuracy": 0.9841439040639574,
    "f1": 0.9841371784713672,
    "precision": 0.9841582118975707,
    "recall": 0.9841439040639574
  },
  "detailed_results": {
    "metadata": {
      "model_name": "XGBoost",
      "hyperparams": {
        "n_estimators": 100,
        "max_depth": 6,
        "learning_rate": 0.2,
        "subsample": 0.7
      }
    },
    "test_accuracy": 0.5146960587842352,
    "test_f1": 0.4400476633833184,
    "test_precision": 0.5729040278831374,
    "test_recall": 0.5146960587842352,
    "train_accuracy": 0.9841439040639574,
    "train_f1": 0.9841371784713672,
    "train_precision": 0.9841582118975707,
    "train_recall": 0.9841439040639574
  },
  "test_accuracy": 0.5146960587842352,
  "train_accuracy": 0.9841439040639574,
  "worker_id": "worker_822f1375dcad0e6f7657734a1ea26ba83e4ea4ac0371dfc1095e9854"
}