{
  "task_id": "KNN_49_3889",
  "model_name": "KNN",
  "fold_id": "49",
  "hyperparams": {
    "n_neighbors": 15,
    "weights": "uniform",
    "metric": "euclidean"
  },
  "test_results": {
    "accuracy": 0.8866943866943867,
    "f1": 0.8867035692383122,
    "precision": 0.8975559685019144,
    "recall": 0.8866943866943867
  },
  "train_results": {
    "accuracy": 0.871209284912018,
    "f1": 0.8713131614622366,
    "precision": 0.8715525130516129,
    "recall": 0.871209284912018
  },
  "detailed_results": {
    "metadata": {
      "model_name": "KNN",
      "hyperparams": {
        "n_neighbors": 15,
        "weights": "uniform",
        "metric": "euclidean"
      }
    },
    "test_accuracy": 0.8866943866943867,
    "test_f1": 0.8867035692383122,
    "test_precision": 0.8975559685019144,
    "test_recall": 0.8866943866943867,
    "train_accuracy": 0.871209284912018,
    "train_f1": 0.8713131614622366,
    "train_precision": 0.8715525130516129,
    "train_recall": 0.871209284912018
  },
  "test_accuracy": 0.8866943866943867,
  "train_accuracy": 0.871209284912018,
  "worker_id": "worker_cff27a72e13536b632607d20ca54635e448248a7eb37caf3492ef698"
}