{
  "task_id": "KNN_5_3824",
  "model_name": "KNN",
  "fold_id": "5",
  "hyperparams": {
    "n_neighbors": 7,
    "weights": "uniform",
    "metric": "euclidean"
  },
  "test_results": {
    "accuracy": 0.6172248803827751,
    "f1": 0.5933997701775926,
    "precision": 0.6440054192176433,
    "recall": 0.6172248803827751
  },
  "train_results": {
    "accuracy": 0.8901748568926148,
    "f1": 0.890175863096862,
    "precision": 0.8901768850899738,
    "recall": 0.8901748568926148
  },
  "detailed_results": {
    "metadata": {
      "model_name": "KNN",
      "hyperparams": {
        "n_neighbors": 7,
        "weights": "uniform",
        "metric": "euclidean"
      }
    },
    "test_accuracy": 0.6172248803827751,
    "test_f1": 0.5933997701775926,
    "test_precision": 0.6440054192176433,
    "test_recall": 0.6172248803827751,
    "train_accuracy": 0.8901748568926148,
    "train_f1": 0.890175863096862,
    "train_precision": 0.8901768850899738,
    "train_recall": 0.8901748568926148
  },
  "test_accuracy": 0.6172248803827751,
  "train_accuracy": 0.8901748568926148,
  "worker_id": "worker_7c1a9ac101439b0bd5e960aa8e089f97d8a9785aa104d24c6dda16d3"
}