{
  "task_id": "MLP_(Neural_Network)_17_8410",
  "model_name": "MLP (Neural Network)",
  "fold_id": "17",
  "hyperparams": {
    "hidden_layer_sizes": [
      100
    ],
    "activation": "tanh",
    "alpha": "0.1"
  },
  "test_results": {
    "accuracy": 0.5653310104529616,
    "f1": 0.4737812768286055,
    "precision": 0.7707285727483898,
    "recall": 0.5653310104529616
  },
  "train_results": {
    "accuracy": 0.9810770099792883,
    "f1": 0.9810699298353319,
    "precision": 0.9810886852475373,
    "recall": 0.9810770099792883
  },
  "detailed_results": {
    "metadata": {
      "model_name": "MLP (Neural Network)",
      "hyperparams": {
        "hidden_layer_sizes": [
          100
        ],
        "activation": "tanh",
        "alpha": 0.1
      }
    },
    "test_accuracy": 0.5653310104529616,
    "test_f1": 0.4737812768286055,
    "test_precision": 0.7707285727483898,
    "test_recall": 0.5653310104529616,
    "train_accuracy": 0.9810770099792883,
    "train_f1": 0.9810699298353319,
    "train_precision": 0.9810886852475373,
    "train_recall": 0.9810770099792883
  },
  "test_accuracy": 0.5653310104529616,
  "train_accuracy": 0.9810770099792883,
  "worker_id": "worker_6899fb3747df32845309131254a28f98b2ed42f6e5f22d1c2017d7b4"
}