{
  "task_id": "MLP_(Neural_Network)_6_3213",
  "model_name": "MLP (Neural Network)",
  "fold_id": "6",
  "hyperparams": {
    "hidden_layer_sizes": [
      100
    ],
    "activation": "tanh",
    "alpha": "0.1"
  },
  "test_results": {
    "accuracy": 0.46261682242990654,
    "f1": 0.31722415518691177,
    "precision": 0.5782752187325161,
    "recall": 0.46261682242990654
  },
  "train_results": {
    "accuracy": 0.9812778999267107,
    "f1": 0.9812668286415162,
    "precision": 0.9813041727517795,
    "recall": 0.9812778999267107
  },
  "detailed_results": {
    "metadata": {
      "model_name": "MLP (Neural Network)",
      "hyperparams": {
        "hidden_layer_sizes": [
          100
        ],
        "activation": "tanh",
        "alpha": 0.1
      }
    },
    "test_accuracy": 0.46261682242990654,
    "test_f1": 0.31722415518691177,
    "test_precision": 0.5782752187325161,
    "test_recall": 0.46261682242990654,
    "train_accuracy": 0.9812778999267107,
    "train_f1": 0.9812668286415162,
    "train_precision": 0.9813041727517795,
    "train_recall": 0.9812778999267107
  },
  "test_accuracy": 0.46261682242990654,
  "train_accuracy": 0.9812778999267107,
  "worker_id": "worker_14b96648cfbcb3995486756922e9bab2d59589a08dd66423e3d52d93"
}