{
  "task_id": "MLP_(Neural_Network)_29_6123",
  "model_name": "MLP (Neural Network)",
  "fold_id": "29",
  "hyperparams": {
    "hidden_layer_sizes": [
      100
    ],
    "activation": "tanh",
    "alpha": "0.1"
  },
  "test_results": {
    "accuracy": 0.7947255880256593,
    "f1": 0.7929260448604859,
    "precision": 0.8300245704986977,
    "recall": 0.7947255880256593
  },
  "train_results": {
    "accuracy": 0.799655720338983,
    "f1": 0.7964923157143476,
    "precision": 0.8039552187365976,
    "recall": 0.799655720338983
  },
  "detailed_results": {
    "metadata": {
      "model_name": "MLP (Neural Network)",
      "hyperparams": {
        "hidden_layer_sizes": [
          100
        ],
        "activation": "tanh",
        "alpha": 0.1
      }
    },
    "test_accuracy": 0.7947255880256593,
    "test_f1": 0.7929260448604859,
    "test_precision": 0.8300245704986977,
    "test_recall": 0.7947255880256593,
    "train_accuracy": 0.799655720338983,
    "train_f1": 0.7964923157143476,
    "train_precision": 0.8039552187365976,
    "train_recall": 0.799655720338983
  },
  "test_accuracy": 0.7947255880256593,
  "train_accuracy": 0.799655720338983,
  "worker_id": "worker_9de6a5cf23cb1d33ae35bba561da27c8500fe90b801d5a3736360113"
}