{
  "task_id": "XGBoost_32_7969",
  "model_name": "XGBoost",
  "fold_id": "32",
  "hyperparams": {
    "n_estimators": "100",
    "max_depth": "6",
    "learning_rate": "0.2",
    "subsample": "0.7"
  },
  "test_results": {
    "accuracy": 0.5034965034965035,
    "f1": 0.4394716250653954,
    "precision": 0.7565876869781794,
    "recall": 0.5034965034965035
  },
  "train_results": {
    "accuracy": 0.9757121532528922,
    "f1": 0.9756989984120543,
    "precision": 0.9757341450623586,
    "recall": 0.9757121532528922
  },
  "detailed_results": {
    "metadata": {
      "model_name": "XGBoost",
      "hyperparams": {
        "n_estimators": 100,
        "max_depth": 6,
        "learning_rate": 0.2,
        "subsample": 0.7
      }
    },
    "test_accuracy": 0.5034965034965035,
    "test_f1": 0.4394716250653954,
    "test_precision": 0.7565876869781794,
    "test_recall": 0.5034965034965035,
    "train_accuracy": 0.9757121532528922,
    "train_f1": 0.9756989984120543,
    "train_precision": 0.9757341450623586,
    "train_recall": 0.9757121532528922
  },
  "test_accuracy": 0.5034965034965035,
  "train_accuracy": 0.9757121532528922,
  "worker_id": "worker_f812cb893bddd27270feb9cbcfcf80f8b850674f9ed4f017c6699ca9"
}