{
  "task_id": "MLP_(Neural_Network)_8_8410",
  "model_name": "MLP (Neural Network)",
  "fold_id": "8",
  "hyperparams": {
    "hidden_layer_sizes": [
      100
    ],
    "activation": "tanh",
    "alpha": "0.1"
  },
  "test_results": {
    "accuracy": 0.5272232304900182,
    "f1": 0.4389634539906772,
    "precision": 0.49801090933739794,
    "recall": 0.5272232304900182
  },
  "train_results": {
    "accuracy": 0.9847392830283279,
    "f1": 0.984737656193478,
    "precision": 0.9847384204252609,
    "recall": 0.9847392830283279
  },
  "detailed_results": {
    "metadata": {
      "model_name": "MLP (Neural Network)",
      "hyperparams": {
        "hidden_layer_sizes": [
          100
        ],
        "activation": "tanh",
        "alpha": 0.1
      }
    },
    "test_accuracy": 0.5272232304900182,
    "test_f1": 0.4389634539906772,
    "test_precision": 0.49801090933739794,
    "test_recall": 0.5272232304900182,
    "train_accuracy": 0.9847392830283279,
    "train_f1": 0.984737656193478,
    "train_precision": 0.9847384204252609,
    "train_recall": 0.9847392830283279
  },
  "test_accuracy": 0.5272232304900182,
  "train_accuracy": 0.9847392830283279,
  "worker_id": "worker_ecf8fd858b66b032af1ca7e3af6682df65fb77b7e8bc47c0e0e2ab29"
}