{
  "task_id": "MLP_(Neural_Network)_4_3401",
  "model_name": "MLP (Neural Network)",
  "fold_id": "4",
  "hyperparams": {
    "hidden_layer_sizes": [
      200,
      100,
      50
    ],
    "activation": "tanh",
    "alpha": "0.1"
  },
  "test_results": {
    "accuracy": 0.7136580007323324,
    "f1": 0.7134919388514507,
    "precision": 0.7133382135503225,
    "recall": 0.7136580007323324
  },
  "train_results": {
    "accuracy": 0.8819799887725787,
    "f1": 0.8820942684863609,
    "precision": 0.8823395403533777,
    "recall": 0.8819799887725787
  },
  "detailed_results": {
    "metadata": {
      "model_name": "MLP (Neural Network)",
      "hyperparams": {
        "hidden_layer_sizes": [
          200,
          100,
          50
        ],
        "activation": "tanh",
        "alpha": 0.1
      }
    },
    "test_accuracy": 0.7136580007323324,
    "test_f1": 0.7134919388514507,
    "test_precision": 0.7133382135503225,
    "test_recall": 0.7136580007323324,
    "train_accuracy": 0.8819799887725787,
    "train_f1": 0.8820942684863609,
    "train_precision": 0.8823395403533777,
    "train_recall": 0.8819799887725787
  },
  "test_accuracy": 0.7136580007323324,
  "train_accuracy": 0.8819799887725787,
  "worker_id": "worker_6ff4279fbd693a011be3617044a1470d19165fe37fe1cc433eeb5bc8"
}