{
  "task_id": "MLP_(Neural_Network)_22_5240",
  "model_name": "MLP (Neural Network)",
  "fold_id": "22",
  "hyperparams": {
    "hidden_layer_sizes": [
      200,
      100,
      50
    ],
    "activation": "tanh",
    "alpha": "0.1"
  },
  "test_results": {
    "accuracy": 0.8411867364746946,
    "f1": 0.8410437600397538,
    "precision": 0.8411531526807942,
    "recall": 0.8411867364746946
  },
  "train_results": {
    "accuracy": 0.8763650056482992,
    "f1": 0.8765587998949212,
    "precision": 0.8865743519320805,
    "recall": 0.8763650056482992
  },
  "detailed_results": {
    "metadata": {
      "model_name": "MLP (Neural Network)",
      "hyperparams": {
        "hidden_layer_sizes": [
          200,
          100,
          50
        ],
        "activation": "tanh",
        "alpha": 0.1
      }
    },
    "test_accuracy": 0.8411867364746946,
    "test_f1": 0.8410437600397538,
    "test_precision": 0.8411531526807942,
    "test_recall": 0.8411867364746946,
    "train_accuracy": 0.8763650056482992,
    "train_f1": 0.8765587998949212,
    "train_precision": 0.8865743519320805,
    "train_recall": 0.8763650056482992
  },
  "test_accuracy": 0.8411867364746946,
  "train_accuracy": 0.8763650056482992,
  "worker_id": "worker_5a8c315079ed1f5dd65d57b2c4a58de780003cf53bdeeadcf24edc68"
}