{
  "task_id": "MLP_(Neural_Network)_48_5240",
  "model_name": "MLP (Neural Network)",
  "fold_id": "48",
  "hyperparams": {
    "hidden_layer_sizes": [
      200,
      100,
      50
    ],
    "activation": "tanh",
    "alpha": "0.1"
  },
  "test_results": {
    "accuracy": 0.8294491525423728,
    "f1": 0.8267351799276517,
    "precision": 0.8691731173722699,
    "recall": 0.8294491525423728
  },
  "train_results": {
    "accuracy": 0.8411287807920175,
    "f1": 0.839396266493233,
    "precision": 0.8450161238127459,
    "recall": 0.8411287807920175
  },
  "detailed_results": {
    "metadata": {
      "model_name": "MLP (Neural Network)",
      "hyperparams": {
        "hidden_layer_sizes": [
          200,
          100,
          50
        ],
        "activation": "tanh",
        "alpha": 0.1
      }
    },
    "test_accuracy": 0.8294491525423728,
    "test_f1": 0.8267351799276517,
    "test_precision": 0.8691731173722699,
    "test_recall": 0.8294491525423728,
    "train_accuracy": 0.8411287807920175,
    "train_f1": 0.839396266493233,
    "train_precision": 0.8450161238127459,
    "train_recall": 0.8411287807920175
  },
  "test_accuracy": 0.8294491525423728,
  "train_accuracy": 0.8411287807920175,
  "worker_id": "worker_bc9ee1358e0239b7f40e573f574a3b1fa59f864bd25831c59cd39fda"
}