{
  "task_id": "KNN_6_9172",
  "model_name": "KNN",
  "fold_id": "6",
  "hyperparams": {
    "n_neighbors": 15,
    "weights": "uniform",
    "metric": "euclidean"
  },
  "test_results": {
    "accuracy": 0.6744491943439658,
    "f1": 0.6575569180710474,
    "precision": 0.7081560201344003,
    "recall": 0.6744491943439658
  },
  "train_results": {
    "accuracy": 0.9051813298635438,
    "f1": 0.9051894583418999,
    "precision": 0.9051987577192887,
    "recall": 0.9051813298635438
  },
  "detailed_results": {
    "metadata": {
      "model_name": "KNN",
      "hyperparams": {
        "n_neighbors": 15,
        "weights": "uniform",
        "metric": "euclidean"
      }
    },
    "test_accuracy": 0.6744491943439658,
    "test_f1": 0.6575569180710474,
    "test_precision": 0.7081560201344003,
    "test_recall": 0.6744491943439658,
    "train_accuracy": 0.9051813298635438,
    "train_f1": 0.9051894583418999,
    "train_precision": 0.9051987577192887,
    "train_recall": 0.9051813298635438
  },
  "test_accuracy": 0.6744491943439658,
  "train_accuracy": 0.9051813298635438,
  "worker_id": "worker_d39782c0b09c22e40e244262bb1bd3ad13987be1a99c6a2738374dd6"
}