{
  "task_id": "MLP_(Neural_Network)_39_7568",
  "model_name": "MLP (Neural Network)",
  "fold_id": "39",
  "hyperparams": {
    "hidden_layer_sizes": [
      200,
      100,
      50
    ],
    "activation": "tanh",
    "alpha": "0.1"
  },
  "test_results": {
    "accuracy": 0.5992366412213741,
    "f1": 0.6000043018217397,
    "precision": 0.6011748647819742,
    "recall": 0.5992366412213741
  },
  "train_results": {
    "accuracy": 0.8712996150272136,
    "f1": 0.8716126209704229,
    "precision": 0.8732500611553705,
    "recall": 0.8712996150272136
  },
  "detailed_results": {
    "metadata": {
      "model_name": "MLP (Neural Network)",
      "hyperparams": {
        "hidden_layer_sizes": [
          200,
          100,
          50
        ],
        "activation": "tanh",
        "alpha": 0.1
      }
    },
    "test_accuracy": 0.5992366412213741,
    "test_f1": 0.6000043018217397,
    "test_precision": 0.6011748647819742,
    "test_recall": 0.5992366412213741,
    "train_accuracy": 0.8712996150272136,
    "train_f1": 0.8716126209704229,
    "train_precision": 0.8732500611553705,
    "train_recall": 0.8712996150272136
  },
  "test_accuracy": 0.5992366412213741,
  "train_accuracy": 0.8712996150272136,
  "worker_id": "worker_99b7b4b5545a2b5e8e89ea7ac9314cfa4171d0e4a2ba7031f327a732"
}