{
  "task_id": "XGBoost_8_7132",
  "model_name": "XGBoost",
  "fold_id": "8",
  "hyperparams": {
    "n_estimators": "100",
    "max_depth": "3",
    "learning_rate": "0.2",
    "subsample": "0.7"
  },
  "test_results": {
    "accuracy": 0.8604501607717042,
    "f1": 0.8593286611540188,
    "precision": 0.8762769612782161,
    "recall": 0.8604501607717042
  },
  "train_results": {
    "accuracy": 0.9055644729802034,
    "f1": 0.9051467388548299,
    "precision": 0.9065631706202284,
    "recall": 0.9055644729802034
  },
  "detailed_results": {
    "metadata": {
      "model_name": "XGBoost",
      "hyperparams": {
        "n_estimators": 100,
        "max_depth": 3,
        "learning_rate": 0.2,
        "subsample": 0.7
      }
    },
    "test_accuracy": 0.8604501607717042,
    "test_f1": 0.8593286611540188,
    "test_precision": 0.8762769612782161,
    "test_recall": 0.8604501607717042,
    "train_accuracy": 0.9055644729802034,
    "train_f1": 0.9051467388548299,
    "train_precision": 0.9065631706202284,
    "train_recall": 0.9055644729802034
  },
  "test_accuracy": 0.8604501607717042,
  "train_accuracy": 0.9055644729802034,
  "worker_id": "worker_9b9fc0063338d987d676c5d899fcc6ec73bd3ee99b4c289e9a5d1d9f"
}