{
  "task_id": "KNN_10_9172",
  "model_name": "KNN",
  "fold_id": "10",
  "hyperparams": {
    "n_neighbors": 15,
    "weights": "uniform",
    "metric": "euclidean"
  },
  "test_results": {
    "accuracy": 0.572521623419827,
    "f1": 0.5576111004738337,
    "precision": 0.5710546542755388,
    "recall": 0.572521623419827
  },
  "train_results": {
    "accuracy": 0.9153892295387897,
    "f1": 0.9152931481106293,
    "precision": 0.9153598611602755,
    "recall": 0.9153892295387897
  },
  "detailed_results": {
    "metadata": {
      "model_name": "KNN",
      "hyperparams": {
        "n_neighbors": 15,
        "weights": "uniform",
        "metric": "euclidean"
      }
    },
    "test_accuracy": 0.572521623419827,
    "test_f1": 0.5576111004738337,
    "test_precision": 0.5710546542755388,
    "test_recall": 0.572521623419827,
    "train_accuracy": 0.9153892295387897,
    "train_f1": 0.9152931481106293,
    "train_precision": 0.9153598611602755,
    "train_recall": 0.9153892295387897
  },
  "test_accuracy": 0.572521623419827,
  "train_accuracy": 0.9153892295387897,
  "worker_id": "worker_d39782c0b09c22e40e244262bb1bd3ad13987be1a99c6a2738374dd6"
}