{
  "task_id": "MLP_(Neural_Network)_14_9244",
  "model_name": "MLP (Neural Network)",
  "fold_id": "14",
  "hyperparams": {
    "hidden_layer_sizes": [
      150,
      50
    ],
    "activation": "tanh",
    "alpha": "0.1"
  },
  "test_results": {
    "accuracy": 0.6309063893016345,
    "f1": 0.5972263396066165,
    "precision": 0.6580129884813845,
    "recall": 0.6309063893016345
  },
  "train_results": {
    "accuracy": 0.9950757192485412,
    "f1": 0.9950750970695873,
    "precision": 0.9950777760196299,
    "recall": 0.9950757192485412
  },
  "detailed_results": {
    "metadata": {
      "model_name": "MLP (Neural Network)",
      "hyperparams": {
        "hidden_layer_sizes": [
          150,
          50
        ],
        "activation": "tanh",
        "alpha": 0.1
      }
    },
    "test_accuracy": 0.6309063893016345,
    "test_f1": 0.5972263396066165,
    "test_precision": 0.6580129884813845,
    "test_recall": 0.6309063893016345,
    "train_accuracy": 0.9950757192485412,
    "train_f1": 0.9950750970695873,
    "train_precision": 0.9950777760196299,
    "train_recall": 0.9950757192485412
  },
  "test_accuracy": 0.6309063893016345,
  "train_accuracy": 0.9950757192485412,
  "worker_id": "worker_4e8f1c6d945b2a1d2aea8e53efc3f78769976538607c3bd85e25ed7e"
}