{
  "task_id": "XGBoost_10_4735",
  "model_name": "XGBoost",
  "fold_id": "10",
  "hyperparams": {
    "n_estimators": "100",
    "max_depth": "3",
    "learning_rate": "0.2",
    "subsample": "0.7"
  },
  "test_results": {
    "accuracy": 0.5418118466898955,
    "f1": 0.41126889752619983,
    "precision": 0.758544732158524,
    "recall": 0.5418118466898955
  },
  "train_results": {
    "accuracy": 0.8727483838574028,
    "f1": 0.8723011161245646,
    "precision": 0.8732190000057124,
    "recall": 0.8727483838574028
  },
  "detailed_results": {
    "metadata": {
      "model_name": "XGBoost",
      "hyperparams": {
        "n_estimators": 100,
        "max_depth": 3,
        "learning_rate": 0.2,
        "subsample": 0.7
      }
    },
    "test_accuracy": 0.5418118466898955,
    "test_f1": 0.41126889752619983,
    "test_precision": 0.758544732158524,
    "test_recall": 0.5418118466898955,
    "train_accuracy": 0.8727483838574028,
    "train_f1": 0.8723011161245646,
    "train_precision": 0.8732190000057124,
    "train_recall": 0.8727483838574028
  },
  "test_accuracy": 0.5418118466898955,
  "train_accuracy": 0.8727483838574028,
  "worker_id": "worker_a4d907717a10b9bc8e4270b3e866353296fb45d86598e565a9f8f74a"
}