{
  "task_id": "KNN_30_3824",
  "model_name": "KNN",
  "fold_id": "30",
  "hyperparams": {
    "n_neighbors": 7,
    "weights": "uniform",
    "metric": "euclidean"
  },
  "test_results": {
    "accuracy": 0.6485239852398524,
    "f1": 0.6419235096456469,
    "precision": 0.6544465921926931,
    "recall": 0.6485239852398524
  },
  "train_results": {
    "accuracy": 0.8964296899467585,
    "f1": 0.8965310599849484,
    "precision": 0.8968524866719971,
    "recall": 0.8964296899467585
  },
  "detailed_results": {
    "metadata": {
      "model_name": "KNN",
      "hyperparams": {
        "n_neighbors": 7,
        "weights": "uniform",
        "metric": "euclidean"
      }
    },
    "test_accuracy": 0.6485239852398524,
    "test_f1": 0.6419235096456469,
    "test_precision": 0.6544465921926931,
    "test_recall": 0.6485239852398524,
    "train_accuracy": 0.8964296899467585,
    "train_f1": 0.8965310599849484,
    "train_precision": 0.8968524866719971,
    "train_recall": 0.8964296899467585
  },
  "test_accuracy": 0.6485239852398524,
  "train_accuracy": 0.8964296899467585,
  "worker_id": "worker_e03947b95d4438fdb65dfe3c02ad08cd5d411b7b0e9e2be2f0973c46"
}