{
  "task_id": "MLP_(Neural_Network)_30_9455",
  "model_name": "MLP (Neural Network)",
  "fold_id": "30",
  "hyperparams": {
    "hidden_layer_sizes": [
      200,
      100,
      50
    ],
    "activation": "tanh",
    "alpha": "0.1"
  },
  "test_results": {
    "accuracy": 0.4985754985754986,
    "f1": 0.3338499976632793,
    "precision": 0.7504804812131167,
    "recall": 0.4985754985754986
  },
  "train_results": {
    "accuracy": 0.9935233565908451,
    "f1": 0.9935200085628199,
    "precision": 0.9935664084510929,
    "recall": 0.9935233565908451
  },
  "detailed_results": {
    "metadata": {
      "model_name": "MLP (Neural Network)",
      "hyperparams": {
        "hidden_layer_sizes": [
          200,
          100,
          50
        ],
        "activation": "tanh",
        "alpha": 0.1
      }
    },
    "test_accuracy": 0.4985754985754986,
    "test_f1": 0.3338499976632793,
    "test_precision": 0.7504804812131167,
    "test_recall": 0.4985754985754986,
    "train_accuracy": 0.9935233565908451,
    "train_f1": 0.9935200085628199,
    "train_precision": 0.9935664084510929,
    "train_recall": 0.9935233565908451
  },
  "test_accuracy": 0.4985754985754986,
  "train_accuracy": 0.9935233565908451,
  "worker_id": "worker_39de6c54999b50e73a87bd39702f04b3c05569ee65510fdaf9a2d5e2"
}