{
  "task_id": "KNN_0_1206",
  "model_name": "KNN",
  "fold_id": "0",
  "hyperparams": {
    "n_neighbors": 15,
    "weights": "uniform",
    "metric": "euclidean"
  },
  "test_results": {
    "accuracy": 0.6295503211991434,
    "f1": 0.6223222498663715,
    "precision": 0.6606967675746205,
    "recall": 0.6295503211991434
  },
  "train_results": {
    "accuracy": 0.8769541099344428,
    "f1": 0.8771337473055306,
    "precision": 0.8779318223241847,
    "recall": 0.8769541099344428
  },
  "detailed_results": {
    "metadata": {
      "model_name": "KNN",
      "hyperparams": {
        "n_neighbors": 15,
        "weights": "uniform",
        "metric": "euclidean"
      }
    },
    "test_accuracy": 0.6295503211991434,
    "test_f1": 0.6223222498663715,
    "test_precision": 0.6606967675746205,
    "test_recall": 0.6295503211991434,
    "train_accuracy": 0.8769541099344428,
    "train_f1": 0.8771337473055306,
    "train_precision": 0.8779318223241847,
    "train_recall": 0.8769541099344428
  },
  "test_accuracy": 0.6295503211991434,
  "train_accuracy": 0.8769541099344428,
  "worker_id": "worker_3d70c1af841e8f04ebed76c6c22d1e79d9957c9b94d63906546cf3ab"
}