{
  "task_id": "KNN_2_9172",
  "model_name": "KNN",
  "fold_id": "2",
  "hyperparams": {
    "n_neighbors": 15,
    "weights": "uniform",
    "metric": "euclidean"
  },
  "test_results": {
    "accuracy": 0.344035023713973,
    "f1": 0.33372967093779077,
    "precision": 0.3564409076737939,
    "recall": 0.344035023713973
  },
  "train_results": {
    "accuracy": 0.9087966174478909,
    "f1": 0.9085957597542765,
    "precision": 0.9088899549359369,
    "recall": 0.9087966174478909
  },
  "detailed_results": {
    "metadata": {
      "model_name": "KNN",
      "hyperparams": {
        "n_neighbors": 15,
        "weights": "uniform",
        "metric": "euclidean"
      }
    },
    "test_accuracy": 0.344035023713973,
    "test_f1": 0.33372967093779077,
    "test_precision": 0.3564409076737939,
    "test_recall": 0.344035023713973,
    "train_accuracy": 0.9087966174478909,
    "train_f1": 0.9085957597542765,
    "train_precision": 0.9088899549359369,
    "train_recall": 0.9087966174478909
  },
  "test_accuracy": 0.344035023713973,
  "train_accuracy": 0.9087966174478909,
  "worker_id": "worker_d39782c0b09c22e40e244262bb1bd3ad13987be1a99c6a2738374dd6"
}