{
  "task_id": "MLP_(Neural_Network)_6_5240",
  "model_name": "MLP (Neural Network)",
  "fold_id": "6",
  "hyperparams": {
    "hidden_layer_sizes": [
      200,
      100,
      50
    ],
    "activation": "tanh",
    "alpha": "0.1"
  },
  "test_results": {
    "accuracy": 0.6301369863013698,
    "f1": 0.6024053340461483,
    "precision": 0.6741053424390453,
    "recall": 0.6301369863013698
  },
  "train_results": {
    "accuracy": 0.8051560635558626,
    "f1": 0.7979898781468208,
    "precision": 0.8283208577679292,
    "recall": 0.8051560635558626
  },
  "detailed_results": {
    "metadata": {
      "model_name": "MLP (Neural Network)",
      "hyperparams": {
        "hidden_layer_sizes": [
          200,
          100,
          50
        ],
        "activation": "tanh",
        "alpha": 0.1
      }
    },
    "test_accuracy": 0.6301369863013698,
    "test_f1": 0.6024053340461483,
    "test_precision": 0.6741053424390453,
    "test_recall": 0.6301369863013698,
    "train_accuracy": 0.8051560635558626,
    "train_f1": 0.7979898781468208,
    "train_precision": 0.8283208577679292,
    "train_recall": 0.8051560635558626
  },
  "test_accuracy": 0.6301369863013698,
  "train_accuracy": 0.8051560635558626,
  "worker_id": "worker_1f931e89dccf62c51aca4340049f58c90698ccc25c3f03eb738c7897"
}