{
  "task_id": "MLP_(Neural_Network)_32_0811",
  "model_name": "MLP (Neural Network)",
  "fold_id": "32",
  "hyperparams": {
    "hidden_layer_sizes": [
      100
    ],
    "activation": "tanh",
    "alpha": "0.1"
  },
  "test_results": {
    "accuracy": 0.859504132231405,
    "f1": 0.8533179871138912,
    "precision": 0.874129215923785,
    "recall": 0.859504132231405
  },
  "train_results": {
    "accuracy": 0.8183542139459695,
    "f1": 0.8177415628423385,
    "precision": 0.8182333997631771,
    "recall": 0.8183542139459695
  },
  "detailed_results": {
    "metadata": {
      "model_name": "MLP (Neural Network)",
      "hyperparams": {
        "hidden_layer_sizes": [
          100
        ],
        "activation": "tanh",
        "alpha": 0.1
      }
    },
    "test_accuracy": 0.859504132231405,
    "test_f1": 0.8533179871138912,
    "test_precision": 0.874129215923785,
    "test_recall": 0.859504132231405,
    "train_accuracy": 0.8183542139459695,
    "train_f1": 0.8177415628423385,
    "train_precision": 0.8182333997631771,
    "train_recall": 0.8183542139459695
  },
  "test_accuracy": 0.859504132231405,
  "train_accuracy": 0.8183542139459695,
  "worker_id": "worker_7c1a9ac101439b0bd5e960aa8e089f97d8a9785aa104d24c6dda16d3"
}