{
  "task_id": "XGBoost_14_0310",
  "model_name": "XGBoost",
  "fold_id": "14",
  "hyperparams": {
    "n_estimators": "100",
    "max_depth": "6",
    "learning_rate": "0.2",
    "subsample": "0.7"
  },
  "test_results": {
    "accuracy": 0.5435364041604754,
    "f1": 0.46231002993549325,
    "precision": 0.7152378460066469,
    "recall": 0.5435364041604754
  },
  "train_results": {
    "accuracy": 0.9835070322776485,
    "f1": 0.9834981817189572,
    "precision": 0.9835436910554414,
    "recall": 0.9835070322776485
  },
  "detailed_results": {
    "metadata": {
      "model_name": "XGBoost",
      "hyperparams": {
        "n_estimators": 100,
        "max_depth": 6,
        "learning_rate": 0.2,
        "subsample": 0.7
      }
    },
    "test_accuracy": 0.5435364041604754,
    "test_f1": 0.46231002993549325,
    "test_precision": 0.7152378460066469,
    "test_recall": 0.5435364041604754,
    "train_accuracy": 0.9835070322776485,
    "train_f1": 0.9834981817189572,
    "train_precision": 0.9835436910554414,
    "train_recall": 0.9835070322776485
  },
  "test_accuracy": 0.5435364041604754,
  "train_accuracy": 0.9835070322776485,
  "worker_id": "worker_c032beb2f325b4293511dc0a64c18da6e19d53e14705d676800291bb"
}