{
  "task_id": "MLP_(Neural_Network)_43_9244",
  "model_name": "MLP (Neural Network)",
  "fold_id": "43",
  "hyperparams": {
    "hidden_layer_sizes": [
      150,
      50
    ],
    "activation": "tanh",
    "alpha": "0.1"
  },
  "test_results": {
    "accuracy": 0.5444805194805195,
    "f1": 0.40509640352788523,
    "precision": 0.7564519394370142,
    "recall": 0.5444805194805195
  },
  "train_results": {
    "accuracy": 0.9918487338812053,
    "f1": 0.9918480166327064,
    "precision": 0.9918488111572564,
    "recall": 0.9918487338812053
  },
  "detailed_results": {
    "metadata": {
      "model_name": "MLP (Neural Network)",
      "hyperparams": {
        "hidden_layer_sizes": [
          150,
          50
        ],
        "activation": "tanh",
        "alpha": 0.1
      }
    },
    "test_accuracy": 0.5444805194805195,
    "test_f1": 0.40509640352788523,
    "test_precision": 0.7564519394370142,
    "test_recall": 0.5444805194805195,
    "train_accuracy": 0.9918487338812053,
    "train_f1": 0.9918480166327064,
    "train_precision": 0.9918488111572564,
    "train_recall": 0.9918487338812053
  },
  "test_accuracy": 0.5444805194805195,
  "train_accuracy": 0.9918487338812053,
  "worker_id": "worker_bde904f64e4c0d756e7f802df2b82cd1178841ef8cc503c9c17841d6"
}