{
  "task_id": "KNN_1_3889",
  "model_name": "KNN",
  "fold_id": "1",
  "hyperparams": {
    "n_neighbors": 15,
    "weights": "uniform",
    "metric": "euclidean"
  },
  "test_results": {
    "accuracy": 0.4535752401280683,
    "f1": 0.4327937209790821,
    "precision": 0.4796416135690928,
    "recall": 0.4535752401280683
  },
  "train_results": {
    "accuracy": 0.8748636094397855,
    "f1": 0.8747619511289983,
    "precision": 0.8747575803738624,
    "recall": 0.8748636094397855
  },
  "detailed_results": {
    "metadata": {
      "model_name": "KNN",
      "hyperparams": {
        "n_neighbors": 15,
        "weights": "uniform",
        "metric": "euclidean"
      }
    },
    "test_accuracy": 0.4535752401280683,
    "test_f1": 0.4327937209790821,
    "test_precision": 0.4796416135690928,
    "test_recall": 0.4535752401280683,
    "train_accuracy": 0.8748636094397855,
    "train_f1": 0.8747619511289983,
    "train_precision": 0.8747575803738624,
    "train_recall": 0.8748636094397855
  },
  "test_accuracy": 0.4535752401280683,
  "train_accuracy": 0.8748636094397855,
  "worker_id": "worker_406cc91b3236390c22f9af8c452f667fe3255ff9f32bc788a000275b"
}