{
  "task_id": "MLP_(Neural_Network)_6_9455",
  "model_name": "MLP (Neural Network)",
  "fold_id": "6",
  "hyperparams": {
    "hidden_layer_sizes": [
      200,
      100,
      50
    ],
    "activation": "tanh",
    "alpha": "0.1"
  },
  "test_results": {
    "accuracy": 0.514554794520548,
    "f1": 0.38341123088737983,
    "precision": 0.5528683091225488,
    "recall": 0.514554794520548
  },
  "train_results": {
    "accuracy": 0.9963260692080638,
    "f1": 0.9963258521661826,
    "precision": 0.9963263513434956,
    "recall": 0.9963260692080638
  },
  "detailed_results": {
    "metadata": {
      "model_name": "MLP (Neural Network)",
      "hyperparams": {
        "hidden_layer_sizes": [
          200,
          100,
          50
        ],
        "activation": "tanh",
        "alpha": 0.1
      }
    },
    "test_accuracy": 0.514554794520548,
    "test_f1": 0.38341123088737983,
    "test_precision": 0.5528683091225488,
    "test_recall": 0.514554794520548,
    "train_accuracy": 0.9963260692080638,
    "train_f1": 0.9963258521661826,
    "train_precision": 0.9963263513434956,
    "train_recall": 0.9963260692080638
  },
  "test_accuracy": 0.514554794520548,
  "train_accuracy": 0.9963260692080638,
  "worker_id": "worker_39de6c54999b50e73a87bd39702f04b3c05569ee65510fdaf9a2d5e2"
}