{
  "task_id": "MLP_(Neural_Network)_35_9455",
  "model_name": "MLP (Neural Network)",
  "fold_id": "35",
  "hyperparams": {
    "hidden_layer_sizes": [
      200,
      100,
      50
    ],
    "activation": "tanh",
    "alpha": "0.1"
  },
  "test_results": {
    "accuracy": 0.5184426229508197,
    "f1": 0.3638442846904954,
    "precision": 0.7524984318578669,
    "recall": 0.5184426229508197
  },
  "train_results": {
    "accuracy": 0.992664960359573,
    "f1": 0.9926665973253774,
    "precision": 0.9926792058964633,
    "recall": 0.992664960359573
  },
  "detailed_results": {
    "metadata": {
      "model_name": "MLP (Neural Network)",
      "hyperparams": {
        "hidden_layer_sizes": [
          200,
          100,
          50
        ],
        "activation": "tanh",
        "alpha": 0.1
      }
    },
    "test_accuracy": 0.5184426229508197,
    "test_f1": 0.3638442846904954,
    "test_precision": 0.7524984318578669,
    "test_recall": 0.5184426229508197,
    "train_accuracy": 0.992664960359573,
    "train_f1": 0.9926665973253774,
    "train_precision": 0.9926792058964633,
    "train_recall": 0.992664960359573
  },
  "test_accuracy": 0.5184426229508197,
  "train_accuracy": 0.992664960359573,
  "worker_id": "worker_7d0911c764ca0954156026b30a2ea3f91254a5417fd4be105d5d5c26"
}