{
  "task_id": "MLP_(Neural_Network)_26_8410",
  "model_name": "MLP (Neural Network)",
  "fold_id": "26",
  "hyperparams": {
    "hidden_layer_sizes": [
      100
    ],
    "activation": "tanh",
    "alpha": "0.1"
  },
  "test_results": {
    "accuracy": 0.5106589147286822,
    "f1": 0.367154516315782,
    "precision": 0.7553294573643411,
    "recall": 0.5106589147286822
  },
  "train_results": {
    "accuracy": 0.9805202926646238,
    "f1": 0.980506669212739,
    "precision": 0.9805794369376747,
    "recall": 0.9805202926646238
  },
  "detailed_results": {
    "metadata": {
      "model_name": "MLP (Neural Network)",
      "hyperparams": {
        "hidden_layer_sizes": [
          100
        ],
        "activation": "tanh",
        "alpha": 0.1
      }
    },
    "test_accuracy": 0.5106589147286822,
    "test_f1": 0.367154516315782,
    "test_precision": 0.7553294573643411,
    "test_recall": 0.5106589147286822,
    "train_accuracy": 0.9805202926646238,
    "train_f1": 0.980506669212739,
    "train_precision": 0.9805794369376747,
    "train_recall": 0.9805202926646238
  },
  "test_accuracy": 0.5106589147286822,
  "train_accuracy": 0.9805202926646238,
  "worker_id": "worker_24f57816b278433423375d01ee6e50e2e6dad011215e7a7fb6fa82d5"
}