{
  "task_id": "MLP_(Neural_Network)_30_9244",
  "model_name": "MLP (Neural Network)",
  "fold_id": "30",
  "hyperparams": {
    "hidden_layer_sizes": [
      150,
      50
    ],
    "activation": "tanh",
    "alpha": "0.1"
  },
  "test_results": {
    "accuracy": 0.5168815224063843,
    "f1": 0.3782611657122546,
    "precision": 0.756462015075682,
    "recall": 0.5168815224063843
  },
  "train_results": {
    "accuracy": 0.9921360397902944,
    "f1": 0.9921341748221341,
    "precision": 0.9921416021457727,
    "recall": 0.9921360397902944
  },
  "detailed_results": {
    "metadata": {
      "model_name": "MLP (Neural Network)",
      "hyperparams": {
        "hidden_layer_sizes": [
          150,
          50
        ],
        "activation": "tanh",
        "alpha": 0.1
      }
    },
    "test_accuracy": 0.5168815224063843,
    "test_f1": 0.3782611657122546,
    "test_precision": 0.756462015075682,
    "test_recall": 0.5168815224063843,
    "train_accuracy": 0.9921360397902944,
    "train_f1": 0.9921341748221341,
    "train_precision": 0.9921416021457727,
    "train_recall": 0.9921360397902944
  },
  "test_accuracy": 0.5168815224063843,
  "train_accuracy": 0.9921360397902944,
  "worker_id": "worker_4e8f1c6d945b2a1d2aea8e53efc3f78769976538607c3bd85e25ed7e"
}