{
  "task_id": "XGBoost_40_4735",
  "model_name": "XGBoost",
  "fold_id": "40",
  "hyperparams": {
    "n_estimators": "100",
    "max_depth": "3",
    "learning_rate": "0.2",
    "subsample": "0.7"
  },
  "test_results": {
    "accuracy": 0.45365853658536587,
    "f1": 0.28315599934522834,
    "precision": 0.20580606781677574,
    "recall": 0.45365853658536587
  },
  "train_results": {
    "accuracy": 0.8799899965613179,
    "f1": 0.8796363640740139,
    "precision": 0.8802644216475646,
    "recall": 0.8799899965613179
  },
  "detailed_results": {
    "metadata": {
      "model_name": "XGBoost",
      "hyperparams": {
        "n_estimators": 100,
        "max_depth": 3,
        "learning_rate": 0.2,
        "subsample": 0.7
      }
    },
    "test_accuracy": 0.45365853658536587,
    "test_f1": 0.28315599934522834,
    "test_precision": 0.20580606781677574,
    "test_recall": 0.45365853658536587,
    "train_accuracy": 0.8799899965613179,
    "train_f1": 0.8796363640740139,
    "train_precision": 0.8802644216475646,
    "train_recall": 0.8799899965613179
  },
  "test_accuracy": 0.45365853658536587,
  "train_accuracy": 0.8799899965613179,
  "worker_id": "worker_8351408ab5ac6d7ec0ddef4ab6d6d7258c4be6f3ba76699a89134a3e"
}