{
  "task_id": "KNN_0_1267",
  "model_name": "KNN",
  "fold_id": "0",
  "hyperparams": {
    "n_neighbors": 7,
    "weights": "uniform",
    "metric": "euclidean"
  },
  "test_results": {
    "accuracy": 0.8375768217734855,
    "f1": 0.8376326070687113,
    "precision": 0.8377127436315404,
    "recall": 0.8375768217734855
  },
  "train_results": {
    "accuracy": 0.8856670341786108,
    "f1": 0.88572228879164,
    "precision": 0.8858309153382453,
    "recall": 0.8856670341786108
  },
  "detailed_results": {
    "metadata": {
      "model_name": "KNN",
      "hyperparams": {
        "n_neighbors": 7,
        "weights": "uniform",
        "metric": "euclidean"
      }
    },
    "test_accuracy": 0.8375768217734855,
    "test_f1": 0.8376326070687113,
    "test_precision": 0.8377127436315404,
    "test_recall": 0.8375768217734855,
    "train_accuracy": 0.8856670341786108,
    "train_f1": 0.88572228879164,
    "train_precision": 0.8858309153382453,
    "train_recall": 0.8856670341786108
  },
  "test_accuracy": 0.8375768217734855,
  "train_accuracy": 0.8856670341786108,
  "worker_id": "worker_d07b2c678999e2bed7610e137f6d75a8f868ed144b06a17bd65a01de"
}