{
  "task_id": "MLP_(Neural_Network)_44_2262",
  "model_name": "MLP (Neural Network)",
  "fold_id": "44",
  "hyperparams": {
    "hidden_layer_sizes": [
      150,
      50
    ],
    "activation": "tanh",
    "alpha": "0.1"
  },
  "test_results": {
    "accuracy": 0.6104146576663452,
    "f1": 0.5455039034884034,
    "precision": 0.7829941294895871,
    "recall": 0.6104146576663452
  },
  "train_results": {
    "accuracy": 0.9935891421959533,
    "f1": 0.9935896352808846,
    "precision": 0.9935913542937219,
    "recall": 0.9935891421959533
  },
  "detailed_results": {
    "metadata": {
      "model_name": "MLP (Neural Network)",
      "hyperparams": {
        "hidden_layer_sizes": [
          150,
          50
        ],
        "activation": "tanh",
        "alpha": 0.1
      }
    },
    "test_accuracy": 0.6104146576663452,
    "test_f1": 0.5455039034884034,
    "test_precision": 0.7829941294895871,
    "test_recall": 0.6104146576663452,
    "train_accuracy": 0.9935891421959533,
    "train_f1": 0.9935896352808846,
    "train_precision": 0.9935913542937219,
    "train_recall": 0.9935891421959533
  },
  "test_accuracy": 0.6104146576663452,
  "train_accuracy": 0.9935891421959533,
  "worker_id": "worker_088f5273be9e00bf697658f0448b5f1022c17ea79eced88d40cde48f"
}