{
  "task_id": "XGBoost_27_4735",
  "model_name": "XGBoost",
  "fold_id": "27",
  "hyperparams": {
    "n_estimators": "100",
    "max_depth": "3",
    "learning_rate": "0.2",
    "subsample": "0.7"
  },
  "test_results": {
    "accuracy": 0.48291782086795937,
    "f1": 0.3145280452228428,
    "precision": 0.2332096217118585,
    "recall": 0.48291782086795937
  },
  "train_results": {
    "accuracy": 0.8865052770035389,
    "f1": 0.8862399118811765,
    "precision": 0.8866576455853168,
    "recall": 0.8865052770035389
  },
  "detailed_results": {
    "metadata": {
      "model_name": "XGBoost",
      "hyperparams": {
        "n_estimators": 100,
        "max_depth": 3,
        "learning_rate": 0.2,
        "subsample": 0.7
      }
    },
    "test_accuracy": 0.48291782086795937,
    "test_f1": 0.3145280452228428,
    "test_precision": 0.2332096217118585,
    "test_recall": 0.48291782086795937,
    "train_accuracy": 0.8865052770035389,
    "train_f1": 0.8862399118811765,
    "train_precision": 0.8866576455853168,
    "train_recall": 0.8865052770035389
  },
  "test_accuracy": 0.48291782086795937,
  "train_accuracy": 0.8865052770035389,
  "worker_id": "worker_088f5273be9e00bf697658f0448b5f1022c17ea79eced88d40cde48f"
}