{
  "task_id": "XGBoost_46_5417",
  "model_name": "XGBoost",
  "fold_id": "46",
  "hyperparams": {
    "n_estimators": "100",
    "max_depth": "6",
    "learning_rate": "0.2",
    "subsample": "0.7"
  },
  "test_results": {
    "accuracy": 0.6166281755196305,
    "f1": 0.6166195692024532,
    "precision": 0.6166114997095243,
    "recall": 0.6166281755196305
  },
  "train_results": {
    "accuracy": 0.9900276823533336,
    "f1": 0.9900217881063845,
    "precision": 0.9900766017393796,
    "recall": 0.9900276823533336
  },
  "detailed_results": {
    "metadata": {
      "model_name": "XGBoost",
      "hyperparams": {
        "n_estimators": 100,
        "max_depth": 6,
        "learning_rate": 0.2,
        "subsample": 0.7
      }
    },
    "test_accuracy": 0.6166281755196305,
    "test_f1": 0.6166195692024532,
    "test_precision": 0.6166114997095243,
    "test_recall": 0.6166281755196305,
    "train_accuracy": 0.9900276823533336,
    "train_f1": 0.9900217881063845,
    "train_precision": 0.9900766017393796,
    "train_recall": 0.9900276823533336
  },
  "test_accuracy": 0.6166281755196305,
  "train_accuracy": 0.9900276823533336,
  "worker_id": "worker_459b334bd90983a8678180e7c312d20a5d0cdf82c530fabde20c915c"
}