{
  "task_id": "XGBoost_0_1915",
  "model_name": "XGBoost",
  "fold_id": "0",
  "hyperparams": {
    "n_estimators": "100",
    "max_depth": "3",
    "learning_rate": "0.2",
    "subsample": "0.7"
  },
  "test_results": {
    "accuracy": 0.7929936305732485,
    "f1": 0.7923861494490382,
    "precision": 0.8262367232020192,
    "recall": 0.7929936305732485
  },
  "train_results": {
    "accuracy": 0.8966388126714891,
    "f1": 0.896183092013815,
    "precision": 0.8976610036733453,
    "recall": 0.8966388126714891
  },
  "detailed_results": {
    "metadata": {
      "model_name": "XGBoost",
      "hyperparams": {
        "n_estimators": 100,
        "max_depth": 3,
        "learning_rate": 0.2,
        "subsample": 0.7
      }
    },
    "test_accuracy": 0.7929936305732485,
    "test_f1": 0.7923861494490382,
    "test_precision": 0.8262367232020192,
    "test_recall": 0.7929936305732485,
    "train_accuracy": 0.8966388126714891,
    "train_f1": 0.896183092013815,
    "train_precision": 0.8976610036733453,
    "train_recall": 0.8966388126714891
  },
  "test_accuracy": 0.7929936305732485,
  "train_accuracy": 0.8966388126714891,
  "worker_id": "worker_87c4383dab53810372467602a083eb819ce4ec7c267619a1c3affab7"
}