{
  "task_id": "MLP_(Neural_Network)_19_6858",
  "model_name": "MLP (Neural Network)",
  "fold_id": "19",
  "hyperparams": {
    "hidden_layer_sizes": [
      150,
      50
    ],
    "activation": "tanh",
    "alpha": "0.1"
  },
  "test_results": {
    "accuracy": 0.688227241615332,
    "f1": 0.6693065074170866,
    "precision": 0.7987767480261159,
    "recall": 0.688227241615332
  },
  "train_results": {
    "accuracy": 0.8087863884088794,
    "f1": 0.8019820583863452,
    "precision": 0.8282169668391481,
    "recall": 0.8087863884088794
  },
  "detailed_results": {
    "metadata": {
      "model_name": "MLP (Neural Network)",
      "hyperparams": {
        "hidden_layer_sizes": [
          150,
          50
        ],
        "activation": "tanh",
        "alpha": 0.1
      }
    },
    "test_accuracy": 0.688227241615332,
    "test_f1": 0.6693065074170866,
    "test_precision": 0.7987767480261159,
    "test_recall": 0.688227241615332,
    "train_accuracy": 0.8087863884088794,
    "train_f1": 0.8019820583863452,
    "train_precision": 0.8282169668391481,
    "train_recall": 0.8087863884088794
  },
  "test_accuracy": 0.688227241615332,
  "train_accuracy": 0.8087863884088794,
  "worker_id": "worker_296c9067751c10261d0a02ea71b317973f480dc36337f2a820a58435"
}