{
  "task_id": "KNN_14_5927",
  "model_name": "KNN",
  "fold_id": "14",
  "hyperparams": {
    "n_neighbors": 1,
    "weights": "uniform",
    "metric": "euclidean"
  },
  "test_results": {
    "accuracy": 0.7142857142857143,
    "f1": 0.7126337020806841,
    "precision": 0.7122198063374534,
    "recall": 0.7142857142857143
  },
  "train_results": {
    "accuracy": 1.0,
    "f1": 1.0,
    "precision": 1.0,
    "recall": 1.0
  },
  "detailed_results": {
    "metadata": {
      "model_name": "KNN",
      "hyperparams": {
        "n_neighbors": 1,
        "weights": "uniform",
        "metric": "euclidean"
      }
    },
    "test_accuracy": 0.7142857142857143,
    "test_f1": 0.7126337020806841,
    "test_precision": 0.7122198063374534,
    "test_recall": 0.7142857142857143,
    "train_accuracy": 1.0,
    "train_f1": 1.0,
    "train_precision": 1.0,
    "train_recall": 1.0
  },
  "test_accuracy": 0.7142857142857143,
  "train_accuracy": 1.0,
  "worker_id": "worker_e1233462eb0132d610df65c88f21250bb532d995dd89733fde2d29be"
}