{
  "task_id": "XGBoost_17_7969",
  "model_name": "XGBoost",
  "fold_id": "17",
  "hyperparams": {
    "n_estimators": "100",
    "max_depth": "6",
    "learning_rate": "0.2",
    "subsample": "0.7"
  },
  "test_results": {
    "accuracy": 0.5043554006968641,
    "f1": 0.3581067606674906,
    "precision": 0.7548187905756246,
    "recall": 0.5043554006968641
  },
  "train_results": {
    "accuracy": 0.9735454716625871,
    "f1": 0.9735256296431194,
    "precision": 0.9736023131937093,
    "recall": 0.9735454716625871
  },
  "detailed_results": {
    "metadata": {
      "model_name": "XGBoost",
      "hyperparams": {
        "n_estimators": 100,
        "max_depth": 6,
        "learning_rate": 0.2,
        "subsample": 0.7
      }
    },
    "test_accuracy": 0.5043554006968641,
    "test_f1": 0.3581067606674906,
    "test_precision": 0.7548187905756246,
    "test_recall": 0.5043554006968641,
    "train_accuracy": 0.9735454716625871,
    "train_f1": 0.9735256296431194,
    "train_precision": 0.9736023131937093,
    "train_recall": 0.9735454716625871
  },
  "test_accuracy": 0.5043554006968641,
  "train_accuracy": 0.9735454716625871,
  "worker_id": "worker_39de6c54999b50e73a87bd39702f04b3c05569ee65510fdaf9a2d5e2"
}