{
  "task_id": "MLP_(Neural_Network)_5_8410",
  "model_name": "MLP (Neural Network)",
  "fold_id": "5",
  "hyperparams": {
    "hidden_layer_sizes": [
      100
    ],
    "activation": "tanh",
    "alpha": "0.1"
  },
  "test_results": {
    "accuracy": 0.5253588516746411,
    "f1": 0.37588619928847966,
    "precision": 0.7537022169213705,
    "recall": 0.5253588516746411
  },
  "train_results": {
    "accuracy": 0.986674591010041,
    "f1": 0.9866707297414382,
    "precision": 0.9866833802986913,
    "recall": 0.986674591010041
  },
  "detailed_results": {
    "metadata": {
      "model_name": "MLP (Neural Network)",
      "hyperparams": {
        "hidden_layer_sizes": [
          100
        ],
        "activation": "tanh",
        "alpha": 0.1
      }
    },
    "test_accuracy": 0.5253588516746411,
    "test_f1": 0.37588619928847966,
    "test_precision": 0.7537022169213705,
    "test_recall": 0.5253588516746411,
    "train_accuracy": 0.986674591010041,
    "train_f1": 0.9866707297414382,
    "train_precision": 0.9866833802986913,
    "train_recall": 0.986674591010041
  },
  "test_accuracy": 0.5253588516746411,
  "train_accuracy": 0.986674591010041,
  "worker_id": "worker_6899fb3747df32845309131254a28f98b2ed42f6e5f22d1c2017d7b4"
}