{
  "task_id": "XGBoost_41_3312",
  "model_name": "XGBoost",
  "fold_id": "41",
  "hyperparams": {
    "n_estimators": "100",
    "max_depth": "9",
    "learning_rate": "0.2",
    "subsample": "0.7"
  },
  "test_results": {
    "accuracy": 0.49129353233830847,
    "f1": 0.4541807733051038,
    "precision": 0.5663170525577241,
    "recall": 0.49129353233830847
  },
  "train_results": {
    "accuracy": 1.0,
    "f1": 1.0,
    "precision": 1.0,
    "recall": 1.0
  },
  "detailed_results": {
    "metadata": {
      "model_name": "XGBoost",
      "hyperparams": {
        "n_estimators": 100,
        "max_depth": 9,
        "learning_rate": 0.2,
        "subsample": 0.7
      }
    },
    "test_accuracy": 0.49129353233830847,
    "test_f1": 0.4541807733051038,
    "test_precision": 0.5663170525577241,
    "test_recall": 0.49129353233830847,
    "train_accuracy": 1.0,
    "train_f1": 1.0,
    "train_precision": 1.0,
    "train_recall": 1.0
  },
  "test_accuracy": 0.49129353233830847,
  "train_accuracy": 1.0,
  "worker_id": "worker_d7bc19f8c08ce5b857a0af8509c673942e3585d417806f8ebe941792"
}