{
  "task_id": "XGBoost_30_7132",
  "model_name": "XGBoost",
  "fold_id": "30",
  "hyperparams": {
    "n_estimators": "100",
    "max_depth": "3",
    "learning_rate": "0.2",
    "subsample": "0.7"
  },
  "test_results": {
    "accuracy": 0.7544505831798649,
    "f1": 0.7473693547917946,
    "precision": 0.7920487190120515,
    "recall": 0.7544505831798649
  },
  "train_results": {
    "accuracy": 0.8985078639602097,
    "f1": 0.8979885076838633,
    "precision": 0.8997673427444534,
    "recall": 0.8985078639602097
  },
  "detailed_results": {
    "metadata": {
      "model_name": "XGBoost",
      "hyperparams": {
        "n_estimators": 100,
        "max_depth": 3,
        "learning_rate": 0.2,
        "subsample": 0.7
      }
    },
    "test_accuracy": 0.7544505831798649,
    "test_f1": 0.7473693547917946,
    "test_precision": 0.7920487190120515,
    "test_recall": 0.7544505831798649,
    "train_accuracy": 0.8985078639602097,
    "train_f1": 0.8979885076838633,
    "train_precision": 0.8997673427444534,
    "train_recall": 0.8985078639602097
  },
  "test_accuracy": 0.7544505831798649,
  "train_accuracy": 0.8985078639602097,
  "worker_id": "worker_61908f5ba8c832c1827709bbdcfe77ca1725b5d1adf4cc648dcd4604"
}