{
  "task_id": "XGBoost_24_6323",
  "model_name": "XGBoost",
  "fold_id": "24",
  "hyperparams": {
    "n_estimators": "100",
    "max_depth": "9",
    "learning_rate": "0.2",
    "subsample": "0.7"
  },
  "test_results": {
    "accuracy": 0.7352941176470589,
    "f1": 0.7336497221209879,
    "precision": 0.8146224284052975,
    "recall": 0.7352941176470589
  },
  "train_results": {
    "accuracy": 0.9999689093396343,
    "f1": 0.9999689092502564,
    "precision": 0.9999689111104756,
    "recall": 0.9999689093396343
  },
  "detailed_results": {
    "metadata": {
      "model_name": "XGBoost",
      "hyperparams": {
        "n_estimators": 100,
        "max_depth": 9,
        "learning_rate": 0.2,
        "subsample": 0.7
      }
    },
    "test_accuracy": 0.7352941176470589,
    "test_f1": 0.7336497221209879,
    "test_precision": 0.8146224284052975,
    "test_recall": 0.7352941176470589,
    "train_accuracy": 0.9999689093396343,
    "train_f1": 0.9999689092502564,
    "train_precision": 0.9999689111104756,
    "train_recall": 0.9999689093396343
  },
  "test_accuracy": 0.7352941176470589,
  "train_accuracy": 0.9999689093396343,
  "worker_id": "worker_65e19a6429e7aa385039e52f7b4f91f0633523cced4fb6eef449b5b6"
}