{
  "task_id": "XGBoost_26_1915",
  "model_name": "XGBoost",
  "fold_id": "26",
  "hyperparams": {
    "n_estimators": "100",
    "max_depth": "3",
    "learning_rate": "0.2",
    "subsample": "0.7"
  },
  "test_results": {
    "accuracy": 0.8152804642166345,
    "f1": 0.8143299759215007,
    "precision": 0.825137399175259,
    "recall": 0.8152804642166345
  },
  "train_results": {
    "accuracy": 0.9,
    "f1": 0.8996032413765136,
    "precision": 0.9008983127148398,
    "recall": 0.9
  },
  "detailed_results": {
    "metadata": {
      "model_name": "XGBoost",
      "hyperparams": {
        "n_estimators": 100,
        "max_depth": 3,
        "learning_rate": 0.2,
        "subsample": 0.7
      }
    },
    "test_accuracy": 0.8152804642166345,
    "test_f1": 0.8143299759215007,
    "test_precision": 0.825137399175259,
    "test_recall": 0.8152804642166345,
    "train_accuracy": 0.9,
    "train_f1": 0.8996032413765136,
    "train_precision": 0.9008983127148398,
    "train_recall": 0.9
  },
  "test_accuracy": 0.8152804642166345,
  "train_accuracy": 0.9,
  "worker_id": "worker_c2d95da0a2c3bec96323a150f23186f1eafcdb6f4cd2346299c36665"
}