{
  "task_id": "MLP_(Neural_Network)_24_2099",
  "model_name": "MLP (Neural Network)",
  "fold_id": "24",
  "hyperparams": {
    "hidden_layer_sizes": [
      100
    ],
    "activation": "tanh",
    "alpha": "0.1"
  },
  "test_results": {
    "accuracy": 0.624869746439736,
    "f1": 0.6005073367943583,
    "precision": 0.6537589506227119,
    "recall": 0.624869746439736
  },
  "train_results": {
    "accuracy": 0.9869255019080803,
    "f1": 0.9869218729592365,
    "precision": 0.9869323090695968,
    "recall": 0.9869255019080803
  },
  "detailed_results": {
    "metadata": {
      "model_name": "MLP (Neural Network)",
      "hyperparams": {
        "hidden_layer_sizes": [
          100
        ],
        "activation": "tanh",
        "alpha": 0.1
      }
    },
    "test_accuracy": 0.624869746439736,
    "test_f1": 0.6005073367943583,
    "test_precision": 0.6537589506227119,
    "test_recall": 0.624869746439736,
    "train_accuracy": 0.9869255019080803,
    "train_f1": 0.9869218729592365,
    "train_precision": 0.9869323090695968,
    "train_recall": 0.9869255019080803
  },
  "test_accuracy": 0.624869746439736,
  "train_accuracy": 0.9869255019080803,
  "worker_id": "worker_d066ba3d41dde4c5503cf80842c58422881e6e0d480ff0ea5c0b50b6"
}