{
  "task_id": "XGBoost_8_4738",
  "model_name": "XGBoost",
  "fold_id": "8",
  "hyperparams": {
    "n_estimators": "100",
    "max_depth": "9",
    "learning_rate": "0.2",
    "subsample": "0.7"
  },
  "test_results": {
    "accuracy": 0.6427652733118971,
    "f1": 0.6273995210488589,
    "precision": 0.6643665681582357,
    "recall": 0.6427652733118971
  },
  "train_results": {
    "accuracy": 0.9999665596575709,
    "f1": 0.9999665595369469,
    "precision": 0.9999665616785017,
    "recall": 0.9999665596575709
  },
  "detailed_results": {
    "metadata": {
      "model_name": "XGBoost",
      "hyperparams": {
        "n_estimators": 100,
        "max_depth": 9,
        "learning_rate": 0.2,
        "subsample": 0.7
      }
    },
    "test_accuracy": 0.6427652733118971,
    "test_f1": 0.6273995210488589,
    "test_precision": 0.6643665681582357,
    "test_recall": 0.6427652733118971,
    "train_accuracy": 0.9999665596575709,
    "train_f1": 0.9999665595369469,
    "train_precision": 0.9999665616785017,
    "train_recall": 0.9999665596575709
  },
  "test_accuracy": 0.6427652733118971,
  "train_accuracy": 0.9999665596575709,
  "worker_id": "worker_fd246238e1d785276fce84365bade75d9d729f7b30b62a22b570e91e"
}