{
  "task_id": "MLP_(Neural_Network)_25_2099",
  "model_name": "MLP (Neural Network)",
  "fold_id": "25",
  "hyperparams": {
    "hidden_layer_sizes": [
      100
    ],
    "activation": "tanh",
    "alpha": "0.1"
  },
  "test_results": {
    "accuracy": 0.5627376425855514,
    "f1": 0.4924539738124722,
    "precision": 0.6782045807241268,
    "recall": 0.5627376425855514
  },
  "train_results": {
    "accuracy": 0.9873735682229219,
    "f1": 0.9873753511745618,
    "precision": 0.9873805402370022,
    "recall": 0.9873735682229219
  },
  "detailed_results": {
    "metadata": {
      "model_name": "MLP (Neural Network)",
      "hyperparams": {
        "hidden_layer_sizes": [
          100
        ],
        "activation": "tanh",
        "alpha": 0.1
      }
    },
    "test_accuracy": 0.5627376425855514,
    "test_f1": 0.4924539738124722,
    "test_precision": 0.6782045807241268,
    "test_recall": 0.5627376425855514,
    "train_accuracy": 0.9873735682229219,
    "train_f1": 0.9873753511745618,
    "train_precision": 0.9873805402370022,
    "train_recall": 0.9873735682229219
  },
  "test_accuracy": 0.5627376425855514,
  "train_accuracy": 0.9873735682229219,
  "worker_id": "worker_b7a70e0aa9c3aeecb65fd22601d3448ea2af533f2f93d0bbbf2d755d"
}