{
  "task_id": "XGBoost_12_4735",
  "model_name": "XGBoost",
  "fold_id": "12",
  "hyperparams": {
    "n_estimators": "100",
    "max_depth": "3",
    "learning_rate": "0.2",
    "subsample": "0.7"
  },
  "test_results": {
    "accuracy": 0.5083848190644307,
    "f1": 0.3602117281157829,
    "precision": 0.7541924095322153,
    "recall": 0.5083848190644307
  },
  "train_results": {
    "accuracy": 0.8805244502995515,
    "f1": 0.8801646774824421,
    "precision": 0.8808527557401851,
    "recall": 0.8805244502995515
  },
  "detailed_results": {
    "metadata": {
      "model_name": "XGBoost",
      "hyperparams": {
        "n_estimators": 100,
        "max_depth": 3,
        "learning_rate": 0.2,
        "subsample": 0.7
      }
    },
    "test_accuracy": 0.5083848190644307,
    "test_f1": 0.3602117281157829,
    "test_precision": 0.7541924095322153,
    "test_recall": 0.5083848190644307,
    "train_accuracy": 0.8805244502995515,
    "train_f1": 0.8801646774824421,
    "train_precision": 0.8808527557401851,
    "train_recall": 0.8805244502995515
  },
  "test_accuracy": 0.5083848190644307,
  "train_accuracy": 0.8805244502995515,
  "worker_id": "worker_8351408ab5ac6d7ec0ddef4ab6d6d7258c4be6f3ba76699a89134a3e"
}