{
  "learning_rate": 0.1740233921352774,
  "max_depth": 6,
  "n_estimators": 102,
  "subsample": 0.824845164641738
}