{
  "task_id": "MLP_(Neural_Network)_48_7568",
  "model_name": "MLP (Neural Network)",
  "fold_id": "48",
  "hyperparams": {
    "hidden_layer_sizes": [
      200,
      100,
      50
    ],
    "activation": "tanh",
    "alpha": "0.1"
  },
  "test_results": {
    "accuracy": 0.5322635711847047,
    "f1": 0.5310453335145435,
    "precision": 0.5345260817435357,
    "recall": 0.5322635711847047
  },
  "train_results": {
    "accuracy": 0.8856905434601962,
    "f1": 0.8846265242692491,
    "precision": 0.8893214656747576,
    "recall": 0.8856905434601962
  },
  "detailed_results": {
    "metadata": {
      "model_name": "MLP (Neural Network)",
      "hyperparams": {
        "hidden_layer_sizes": [
          200,
          100,
          50
        ],
        "activation": "tanh",
        "alpha": 0.1
      }
    },
    "test_accuracy": 0.5322635711847047,
    "test_f1": 0.5310453335145435,
    "test_precision": 0.5345260817435357,
    "test_recall": 0.5322635711847047,
    "train_accuracy": 0.8856905434601962,
    "train_f1": 0.8846265242692491,
    "train_precision": 0.8893214656747576,
    "train_recall": 0.8856905434601962
  },
  "test_accuracy": 0.5322635711847047,
  "train_accuracy": 0.8856905434601962,
  "worker_id": "worker_b233a1d0a1220f6106ee014635523d8deb92185f6c3559db08750210"
}