{
  "task_id": "MLP_(Neural_Network)_41_7568",
  "model_name": "MLP (Neural Network)",
  "fold_id": "41",
  "hyperparams": {
    "hidden_layer_sizes": [
      200,
      100,
      50
    ],
    "activation": "tanh",
    "alpha": "0.1"
  },
  "test_results": {
    "accuracy": 0.7027388109552438,
    "f1": 0.6975543600291292,
    "precision": 0.7286796391427109,
    "recall": 0.7027388109552438
  },
  "train_results": {
    "accuracy": 0.8954363757495003,
    "f1": 0.8950086715600696,
    "precision": 0.8961381679255338,
    "recall": 0.8954363757495003
  },
  "detailed_results": {
    "metadata": {
      "model_name": "MLP (Neural Network)",
      "hyperparams": {
        "hidden_layer_sizes": [
          200,
          100,
          50
        ],
        "activation": "tanh",
        "alpha": 0.1
      }
    },
    "test_accuracy": 0.7027388109552438,
    "test_f1": 0.6975543600291292,
    "test_precision": 0.7286796391427109,
    "test_recall": 0.7027388109552438,
    "train_accuracy": 0.8954363757495003,
    "train_f1": 0.8950086715600696,
    "train_precision": 0.8961381679255338,
    "train_recall": 0.8954363757495003
  },
  "test_accuracy": 0.7027388109552438,
  "train_accuracy": 0.8954363757495003,
  "worker_id": "worker_459b334bd90983a8678180e7c312d20a5d0cdf82c530fabde20c915c"
}