{
  "task_id": "XGBoost_19_7132",
  "model_name": "XGBoost",
  "fold_id": "19",
  "hyperparams": {
    "n_estimators": "100",
    "max_depth": "3",
    "learning_rate": "0.2",
    "subsample": "0.7"
  },
  "test_results": {
    "accuracy": 0.5605749486652978,
    "f1": 0.5520740055803477,
    "precision": 0.5891639962346551,
    "recall": 0.5605749486652978
  },
  "train_results": {
    "accuracy": 0.9053569054898312,
    "f1": 0.9049059750370052,
    "precision": 0.9063719813349072,
    "recall": 0.9053569054898312
  },
  "detailed_results": {
    "metadata": {
      "model_name": "XGBoost",
      "hyperparams": {
        "n_estimators": 100,
        "max_depth": 3,
        "learning_rate": 0.2,
        "subsample": 0.7
      }
    },
    "test_accuracy": 0.5605749486652978,
    "test_f1": 0.5520740055803477,
    "test_precision": 0.5891639962346551,
    "test_recall": 0.5605749486652978,
    "train_accuracy": 0.9053569054898312,
    "train_f1": 0.9049059750370052,
    "train_precision": 0.9063719813349072,
    "train_recall": 0.9053569054898312
  },
  "test_accuracy": 0.5605749486652978,
  "train_accuracy": 0.9053569054898312,
  "worker_id": "worker_459b334bd90983a8678180e7c312d20a5d0cdf82c530fabde20c915c"
}