{
  "task_id": "MLP_(Neural_Network)_29_7568",
  "model_name": "MLP (Neural Network)",
  "fold_id": "29",
  "hyperparams": {
    "hidden_layer_sizes": [
      200,
      100,
      50
    ],
    "activation": "tanh",
    "alpha": "0.1"
  },
  "test_results": {
    "accuracy": 0.7059871703492516,
    "f1": 0.6911901555236617,
    "precision": 0.8032360000013996,
    "recall": 0.7059871703492516
  },
  "train_results": {
    "accuracy": 0.763671875,
    "f1": 0.7462439655771556,
    "precision": 0.8111621693647377,
    "recall": 0.763671875
  },
  "detailed_results": {
    "metadata": {
      "model_name": "MLP (Neural Network)",
      "hyperparams": {
        "hidden_layer_sizes": [
          200,
          100,
          50
        ],
        "activation": "tanh",
        "alpha": 0.1
      }
    },
    "test_accuracy": 0.7059871703492516,
    "test_f1": 0.6911901555236617,
    "test_precision": 0.8032360000013996,
    "test_recall": 0.7059871703492516,
    "train_accuracy": 0.763671875,
    "train_f1": 0.7462439655771556,
    "train_precision": 0.8111621693647377,
    "train_recall": 0.763671875
  },
  "test_accuracy": 0.7059871703492516,
  "train_accuracy": 0.763671875,
  "worker_id": "worker_9ebe48c53bd3b809d737c7ea697caf71bc6dab185423a4ecac81b33c"
}