{
  "task_id": "KNN_34_3850",
  "model_name": "KNN",
  "fold_id": "34",
  "hyperparams": {
    "n_neighbors": 15,
    "weights": "uniform",
    "metric": "euclidean"
  },
  "test_results": {
    "accuracy": 0.5897920604914934,
    "f1": 0.5468334337674957,
    "precision": 0.6116549104556326,
    "recall": 0.5897920604914934
  },
  "train_results": {
    "accuracy": 0.9051195393666291,
    "f1": 0.9051213287101395,
    "precision": 0.9051231823704261,
    "recall": 0.9051195393666291
  },
  "detailed_results": {
    "metadata": {
      "model_name": "KNN",
      "hyperparams": {
        "n_neighbors": 15,
        "weights": "uniform",
        "metric": "euclidean"
      }
    },
    "test_accuracy": 0.5897920604914934,
    "test_f1": 0.5468334337674957,
    "test_precision": 0.6116549104556326,
    "test_recall": 0.5897920604914934,
    "train_accuracy": 0.9051195393666291,
    "train_f1": 0.9051213287101395,
    "train_precision": 0.9051231823704261,
    "train_recall": 0.9051195393666291
  },
  "test_accuracy": 0.5897920604914934,
  "train_accuracy": 0.9051195393666291,
  "worker_id": "worker_8351408ab5ac6d7ec0ddef4ab6d6d7258c4be6f3ba76699a89134a3e"
}