{
  "task_id": "KNN_7_4352",
  "model_name": "KNN",
  "fold_id": "7",
  "hyperparams": {
    "n_neighbors": 15,
    "weights": "uniform",
    "metric": "euclidean"
  },
  "test_results": {
    "accuracy": 0.632554945054945,
    "f1": 0.603747304835806,
    "precision": 0.7463344215466231,
    "recall": 0.632554945054945
  },
  "train_results": {
    "accuracy": 0.9050893628330343,
    "f1": 0.9049080890478086,
    "precision": 0.9051255040244496,
    "recall": 0.9050893628330343
  },
  "detailed_results": {
    "metadata": {
      "model_name": "KNN",
      "hyperparams": {
        "n_neighbors": 15,
        "weights": "uniform",
        "metric": "euclidean"
      }
    },
    "test_accuracy": 0.632554945054945,
    "test_f1": 0.603747304835806,
    "test_precision": 0.7463344215466231,
    "test_recall": 0.632554945054945,
    "train_accuracy": 0.9050893628330343,
    "train_f1": 0.9049080890478086,
    "train_precision": 0.9051255040244496,
    "train_recall": 0.9050893628330343
  },
  "test_accuracy": 0.632554945054945,
  "train_accuracy": 0.9050893628330343,
  "worker_id": "worker_37df34d5105666e6d651c46c46a37bfbb320b4e1779f2c9adf734546"
}