{
  "task_id": "MLP_(Neural_Network)_39_1854",
  "model_name": "MLP (Neural Network)",
  "fold_id": "39",
  "hyperparams": {
    "hidden_layer_sizes": [
      200,
      100,
      50
    ],
    "activation": "tanh",
    "alpha": "0.1"
  },
  "test_results": {
    "accuracy": 0.5718251214434421,
    "f1": 0.42744808967044884,
    "precision": 0.757217332018457,
    "recall": 0.5718251214434421
  },
  "train_results": {
    "accuracy": 0.995221027479092,
    "f1": 0.9952231010274621,
    "precision": 0.9952550148278428,
    "recall": 0.995221027479092
  },
  "detailed_results": {
    "metadata": {
      "model_name": "MLP (Neural Network)",
      "hyperparams": {
        "hidden_layer_sizes": [
          200,
          100,
          50
        ],
        "activation": "tanh",
        "alpha": 0.1
      }
    },
    "test_accuracy": 0.5718251214434421,
    "test_f1": 0.42744808967044884,
    "test_precision": 0.757217332018457,
    "test_recall": 0.5718251214434421,
    "train_accuracy": 0.995221027479092,
    "train_f1": 0.9952231010274621,
    "train_precision": 0.9952550148278428,
    "train_recall": 0.995221027479092
  },
  "test_accuracy": 0.5718251214434421,
  "train_accuracy": 0.995221027479092,
  "worker_id": "worker_c032beb2f325b4293511dc0a64c18da6e19d53e14705d676800291bb"
}