{
  "task_id": "MLP_(Neural_Network)_20_2099",
  "model_name": "MLP (Neural Network)",
  "fold_id": "20",
  "hyperparams": {
    "hidden_layer_sizes": [
      100
    ],
    "activation": "tanh",
    "alpha": "0.1"
  },
  "test_results": {
    "accuracy": 0.5398981324278438,
    "f1": 0.4569990107492228,
    "precision": 0.7744496864384803,
    "recall": 0.5398981324278438
  },
  "train_results": {
    "accuracy": 0.9852007050450631,
    "f1": 0.9852040310469147,
    "precision": 0.9852150350512289,
    "recall": 0.9852007050450631
  },
  "detailed_results": {
    "metadata": {
      "model_name": "MLP (Neural Network)",
      "hyperparams": {
        "hidden_layer_sizes": [
          100
        ],
        "activation": "tanh",
        "alpha": 0.1
      }
    },
    "test_accuracy": 0.5398981324278438,
    "test_f1": 0.4569990107492228,
    "test_precision": 0.7744496864384803,
    "test_recall": 0.5398981324278438,
    "train_accuracy": 0.9852007050450631,
    "train_f1": 0.9852040310469147,
    "train_precision": 0.9852150350512289,
    "train_recall": 0.9852007050450631
  },
  "test_accuracy": 0.5398981324278438,
  "train_accuracy": 0.9852007050450631,
  "worker_id": "worker_d066ba3d41dde4c5503cf80842c58422881e6e0d480ff0ea5c0b50b6"
}