{
  "task_id": "XGBoost_17_6323",
  "model_name": "XGBoost",
  "fold_id": "17",
  "hyperparams": {
    "n_estimators": "100",
    "max_depth": "9",
    "learning_rate": "0.2",
    "subsample": "0.7"
  },
  "test_results": {
    "accuracy": 0.9085365853658537,
    "f1": 0.9085555341774092,
    "precision": 0.9091825426085258,
    "recall": 0.9085365853658537
  },
  "train_results": {
    "accuracy": 0.9998744743613883,
    "f1": 0.99987447357339,
    "precision": 0.9998744807408592,
    "recall": 0.9998744743613883
  },
  "detailed_results": {
    "metadata": {
      "model_name": "XGBoost",
      "hyperparams": {
        "n_estimators": 100,
        "max_depth": 9,
        "learning_rate": 0.2,
        "subsample": 0.7
      }
    },
    "test_accuracy": 0.9085365853658537,
    "test_f1": 0.9085555341774092,
    "test_precision": 0.9091825426085258,
    "test_recall": 0.9085365853658537,
    "train_accuracy": 0.9998744743613883,
    "train_f1": 0.99987447357339,
    "train_precision": 0.9998744807408592,
    "train_recall": 0.9998744743613883
  },
  "test_accuracy": 0.9085365853658537,
  "train_accuracy": 0.9998744743613883,
  "worker_id": "worker_e1233462eb0132d610df65c88f21250bb532d995dd89733fde2d29be"
}