{
  "task_id": "KNN_14_3824",
  "model_name": "KNN",
  "fold_id": "14",
  "hyperparams": {
    "n_neighbors": 7,
    "weights": "uniform",
    "metric": "euclidean"
  },
  "test_results": {
    "accuracy": 0.7257559958289885,
    "f1": 0.7216170089741364,
    "precision": 0.7235900339747487,
    "recall": 0.7257559958289885
  },
  "train_results": {
    "accuracy": 0.8909062548744345,
    "f1": 0.8909419144352332,
    "precision": 0.8910014398147861,
    "recall": 0.8909062548744345
  },
  "detailed_results": {
    "metadata": {
      "model_name": "KNN",
      "hyperparams": {
        "n_neighbors": 7,
        "weights": "uniform",
        "metric": "euclidean"
      }
    },
    "test_accuracy": 0.7257559958289885,
    "test_f1": 0.7216170089741364,
    "test_precision": 0.7235900339747487,
    "test_recall": 0.7257559958289885,
    "train_accuracy": 0.8909062548744345,
    "train_f1": 0.8909419144352332,
    "train_precision": 0.8910014398147861,
    "train_recall": 0.8909062548744345
  },
  "test_accuracy": 0.7257559958289885,
  "train_accuracy": 0.8909062548744345,
  "worker_id": "worker_e03947b95d4438fdb65dfe3c02ad08cd5d411b7b0e9e2be2f0973c46"
}