{
  "task_id": "XGBoost_18_3537",
  "model_name": "XGBoost",
  "fold_id": "18",
  "hyperparams": {
    "n_estimators": "100",
    "max_depth": "9",
    "learning_rate": "0.2",
    "subsample": "0.7"
  },
  "test_results": {
    "accuracy": 0.7299342105263158,
    "f1": 0.7200328815130577,
    "precision": 0.7847377323182175,
    "recall": 0.7299342105263158
  },
  "train_results": {
    "accuracy": 0.9998999132581571,
    "f1": 0.999899912155272,
    "precision": 0.9998999313254431,
    "recall": 0.9998999132581571
  },
  "detailed_results": {
    "metadata": {
      "model_name": "XGBoost",
      "hyperparams": {
        "n_estimators": 100,
        "max_depth": 9,
        "learning_rate": 0.2,
        "subsample": 0.7
      }
    },
    "test_accuracy": 0.7299342105263158,
    "test_f1": 0.7200328815130577,
    "test_precision": 0.7847377323182175,
    "test_recall": 0.7299342105263158,
    "train_accuracy": 0.9998999132581571,
    "train_f1": 0.999899912155272,
    "train_precision": 0.9998999313254431,
    "train_recall": 0.9998999132581571
  },
  "test_accuracy": 0.7299342105263158,
  "train_accuracy": 0.9998999132581571,
  "worker_id": "worker_2198952cf17c0c52953e22c552484797fb65732d81b66218d90e3609"
}