{
  "task_id": "XGBoost_4_7132",
  "model_name": "XGBoost",
  "fold_id": "4",
  "hyperparams": {
    "n_estimators": "100",
    "max_depth": "3",
    "learning_rate": "0.2",
    "subsample": "0.7"
  },
  "test_results": {
    "accuracy": 0.8053035589672016,
    "f1": 0.8046850636929348,
    "precision": 0.8059708801153027,
    "recall": 0.8053035589672016
  },
  "train_results": {
    "accuracy": 0.9024479235770201,
    "f1": 0.9019858018951028,
    "precision": 0.9037880783434045,
    "recall": 0.9024479235770201
  },
  "detailed_results": {
    "metadata": {
      "model_name": "XGBoost",
      "hyperparams": {
        "n_estimators": 100,
        "max_depth": 3,
        "learning_rate": 0.2,
        "subsample": 0.7
      }
    },
    "test_accuracy": 0.8053035589672016,
    "test_f1": 0.8046850636929348,
    "test_precision": 0.8059708801153027,
    "test_recall": 0.8053035589672016,
    "train_accuracy": 0.9024479235770201,
    "train_f1": 0.9019858018951028,
    "train_precision": 0.9037880783434045,
    "train_recall": 0.9024479235770201
  },
  "test_accuracy": 0.8053035589672016,
  "train_accuracy": 0.9024479235770201,
  "worker_id": "worker_d3fd1c1a7b2bb9ac51bbfe50b4d88cefbf95395c3780dd842d880831"
}