{
  "task_id": "MLP_(Neural_Network)_1_4646",
  "model_name": "MLP (Neural Network)",
  "fold_id": "1",
  "hyperparams": {
    "hidden_layer_sizes": [
      150,
      50
    ],
    "activation": "tanh",
    "alpha": "0.1"
  },
  "test_results": {
    "accuracy": 0.5802955665024631,
    "f1": 0.476626368284044,
    "precision": 0.6838787280523233,
    "recall": 0.5802955665024631
  },
  "train_results": {
    "accuracy": 0.9954286095632153,
    "f1": 0.9954276274437052,
    "precision": 0.9954361049004743,
    "recall": 0.9954286095632153
  },
  "detailed_results": {
    "metadata": {
      "model_name": "MLP (Neural Network)",
      "hyperparams": {
        "hidden_layer_sizes": [
          150,
          50
        ],
        "activation": "tanh",
        "alpha": 0.1
      }
    },
    "test_accuracy": 0.5802955665024631,
    "test_f1": 0.476626368284044,
    "test_precision": 0.6838787280523233,
    "test_recall": 0.5802955665024631,
    "train_accuracy": 0.9954286095632153,
    "train_f1": 0.9954276274437052,
    "train_precision": 0.9954361049004743,
    "train_recall": 0.9954286095632153
  },
  "test_accuracy": 0.5802955665024631,
  "train_accuracy": 0.9954286095632153,
  "worker_id": "worker_45148d18c940c1126b99e1962f1f4e7fe213471e5368e7179d766295"
}