{
  "task_id": "KNN_37_3850",
  "model_name": "KNN",
  "fold_id": "37",
  "hyperparams": {
    "n_neighbors": 15,
    "weights": "uniform",
    "metric": "euclidean"
  },
  "test_results": {
    "accuracy": 0.2958579881656805,
    "f1": 0.32064188245649916,
    "precision": 0.39045001110231287,
    "recall": 0.2958579881656805
  },
  "train_results": {
    "accuracy": 0.9030861525140701,
    "f1": 0.9030855168171598,
    "precision": 0.9030848880891583,
    "recall": 0.9030861525140701
  },
  "detailed_results": {
    "metadata": {
      "model_name": "KNN",
      "hyperparams": {
        "n_neighbors": 15,
        "weights": "uniform",
        "metric": "euclidean"
      }
    },
    "test_accuracy": 0.2958579881656805,
    "test_f1": 0.32064188245649916,
    "test_precision": 0.39045001110231287,
    "test_recall": 0.2958579881656805,
    "train_accuracy": 0.9030861525140701,
    "train_f1": 0.9030855168171598,
    "train_precision": 0.9030848880891583,
    "train_recall": 0.9030861525140701
  },
  "test_accuracy": 0.2958579881656805,
  "train_accuracy": 0.9030861525140701,
  "worker_id": "worker_088f5273be9e00bf697658f0448b5f1022c17ea79eced88d40cde48f"
}