{
  "task_id": "KNN_22_3889",
  "model_name": "KNN",
  "fold_id": "22",
  "hyperparams": {
    "n_neighbors": 15,
    "weights": "uniform",
    "metric": "euclidean"
  },
  "test_results": {
    "accuracy": 0.7164048865619547,
    "f1": 0.7136129222222389,
    "precision": 0.7185262569567885,
    "recall": 0.7164048865619547
  },
  "train_results": {
    "accuracy": 0.8805698506338647,
    "f1": 0.8805128280596446,
    "precision": 0.8804951480601622,
    "recall": 0.8805698506338647
  },
  "detailed_results": {
    "metadata": {
      "model_name": "KNN",
      "hyperparams": {
        "n_neighbors": 15,
        "weights": "uniform",
        "metric": "euclidean"
      }
    },
    "test_accuracy": 0.7164048865619547,
    "test_f1": 0.7136129222222389,
    "test_precision": 0.7185262569567885,
    "test_recall": 0.7164048865619547,
    "train_accuracy": 0.8805698506338647,
    "train_f1": 0.8805128280596446,
    "train_precision": 0.8804951480601622,
    "train_recall": 0.8805698506338647
  },
  "test_accuracy": 0.7164048865619547,
  "train_accuracy": 0.8805698506338647,
  "worker_id": "worker_87c4383dab53810372467602a083eb819ce4ec7c267619a1c3affab7"
}