{
  "task_id": "XGBoost_11_7969",
  "model_name": "XGBoost",
  "fold_id": "11",
  "hyperparams": {
    "n_estimators": "100",
    "max_depth": "6",
    "learning_rate": "0.2",
    "subsample": "0.7"
  },
  "test_results": {
    "accuracy": 0.51363236587511,
    "f1": 0.38158280464857613,
    "precision": 0.7583651244475068,
    "recall": 0.51363236587511
  },
  "train_results": {
    "accuracy": 0.9765975468205916,
    "f1": 0.9765838540055135,
    "precision": 0.976630402964166,
    "recall": 0.9765975468205916
  },
  "detailed_results": {
    "metadata": {
      "model_name": "XGBoost",
      "hyperparams": {
        "n_estimators": 100,
        "max_depth": 6,
        "learning_rate": 0.2,
        "subsample": 0.7
      }
    },
    "test_accuracy": 0.51363236587511,
    "test_f1": 0.38158280464857613,
    "test_precision": 0.7583651244475068,
    "test_recall": 0.51363236587511,
    "train_accuracy": 0.9765975468205916,
    "train_f1": 0.9765838540055135,
    "train_precision": 0.976630402964166,
    "train_recall": 0.9765975468205916
  },
  "test_accuracy": 0.51363236587511,
  "train_accuracy": 0.9765975468205916,
  "worker_id": "worker_737fbcc58e7c764e53f817a647e440d5fe5dced16a37bfcb9ace52d2"
}