{
  "task_id": "KNN_23_3850",
  "model_name": "KNN",
  "fold_id": "23",
  "hyperparams": {
    "n_neighbors": 15,
    "weights": "uniform",
    "metric": "euclidean"
  },
  "test_results": {
    "accuracy": 0.42823529411764705,
    "f1": 0.3419559503963529,
    "precision": 0.5385422047407701,
    "recall": 0.42823529411764705
  },
  "train_results": {
    "accuracy": 0.9031836836214401,
    "f1": 0.9032136422764592,
    "precision": 0.9032656257592845,
    "recall": 0.9031836836214401
  },
  "detailed_results": {
    "metadata": {
      "model_name": "KNN",
      "hyperparams": {
        "n_neighbors": 15,
        "weights": "uniform",
        "metric": "euclidean"
      }
    },
    "test_accuracy": 0.42823529411764705,
    "test_f1": 0.3419559503963529,
    "test_precision": 0.5385422047407701,
    "test_recall": 0.42823529411764705,
    "train_accuracy": 0.9031836836214401,
    "train_f1": 0.9032136422764592,
    "train_precision": 0.9032656257592845,
    "train_recall": 0.9031836836214401
  },
  "test_accuracy": 0.42823529411764705,
  "train_accuracy": 0.9031836836214401,
  "worker_id": "worker_4e14dc46a08906fa60bdb891bcda8546f326d498cdbe43f8d26d67e5"
}