{
  "task_id": "XGBoost_2_1433",
  "model_name": "XGBoost",
  "fold_id": "2",
  "hyperparams": {
    "n_estimators": "100",
    "max_depth": "3",
    "learning_rate": "0.2",
    "subsample": "0.7"
  },
  "test_results": {
    "accuracy": 0.5337711069418386,
    "f1": 0.37753749769219214,
    "precision": 0.7523708803851464,
    "recall": 0.5337711069418386
  },
  "train_results": {
    "accuracy": 0.8803662463107057,
    "f1": 0.8800825531043239,
    "precision": 0.8804963994135233,
    "recall": 0.8803662463107057
  },
  "detailed_results": {
    "metadata": {
      "model_name": "XGBoost",
      "hyperparams": {
        "n_estimators": 100,
        "max_depth": 3,
        "learning_rate": 0.2,
        "subsample": 0.7
      }
    },
    "test_accuracy": 0.5337711069418386,
    "test_f1": 0.37753749769219214,
    "test_precision": 0.7523708803851464,
    "test_recall": 0.5337711069418386,
    "train_accuracy": 0.8803662463107057,
    "train_f1": 0.8800825531043239,
    "train_precision": 0.8804963994135233,
    "train_recall": 0.8803662463107057
  },
  "test_accuracy": 0.5337711069418386,
  "train_accuracy": 0.8803662463107057,
  "worker_id": "worker_ea7e3c5fbba6eb0ed8d7587103fd206efaf46c2c3872111765b5d30b"
}