{
  "task_id": "KNN_24_3889",
  "model_name": "KNN",
  "fold_id": "24",
  "hyperparams": {
    "n_neighbors": 15,
    "weights": "uniform",
    "metric": "euclidean"
  },
  "test_results": {
    "accuracy": 0.6588235294117647,
    "f1": 0.6609420622364676,
    "precision": 0.6994557195785708,
    "recall": 0.6588235294117647
  },
  "train_results": {
    "accuracy": 0.8783733366496704,
    "f1": 0.8784595074926643,
    "precision": 0.8786717865330171,
    "recall": 0.8783733366496704
  },
  "detailed_results": {
    "metadata": {
      "model_name": "KNN",
      "hyperparams": {
        "n_neighbors": 15,
        "weights": "uniform",
        "metric": "euclidean"
      }
    },
    "test_accuracy": 0.6588235294117647,
    "test_f1": 0.6609420622364676,
    "test_precision": 0.6994557195785708,
    "test_recall": 0.6588235294117647,
    "train_accuracy": 0.8783733366496704,
    "train_f1": 0.8784595074926643,
    "train_precision": 0.8786717865330171,
    "train_recall": 0.8783733366496704
  },
  "test_accuracy": 0.6588235294117647,
  "train_accuracy": 0.8783733366496704,
  "worker_id": "worker_bc9ee1358e0239b7f40e573f574a3b1fa59f864bd25831c59cd39fda"
}