{
  "task_id": "KNN_20_7516",
  "model_name": "KNN",
  "fold_id": "20",
  "hyperparams": {
    "n_neighbors": 7,
    "weights": "uniform",
    "metric": "euclidean"
  },
  "test_results": {
    "accuracy": 0.561030235162374,
    "f1": 0.4643336742030151,
    "precision": 0.5154589485731182,
    "recall": 0.561030235162374
  },
  "train_results": {
    "accuracy": 0.9229476043709722,
    "f1": 0.9229894291591821,
    "precision": 0.9230902545159063,
    "recall": 0.9229476043709722
  },
  "detailed_results": {
    "metadata": {
      "model_name": "KNN",
      "hyperparams": {
        "n_neighbors": 7,
        "weights": "uniform",
        "metric": "euclidean"
      }
    },
    "test_accuracy": 0.561030235162374,
    "test_f1": 0.4643336742030151,
    "test_precision": 0.5154589485731182,
    "test_recall": 0.561030235162374,
    "train_accuracy": 0.9229476043709722,
    "train_f1": 0.9229894291591821,
    "train_precision": 0.9230902545159063,
    "train_recall": 0.9229476043709722
  },
  "test_accuracy": 0.561030235162374,
  "train_accuracy": 0.9229476043709722,
  "worker_id": "worker_a614f3ee07b933183ba43483c2c3c5c26e2402af965e046815e82d5d"
}