{
  "task_id": "MLP_(Neural_Network)_43_0811",
  "model_name": "MLP (Neural Network)",
  "fold_id": "43",
  "hyperparams": {
    "hidden_layer_sizes": [
      100
    ],
    "activation": "tanh",
    "alpha": "0.1"
  },
  "test_results": {
    "accuracy": 0.7292993630573248,
    "f1": 0.7051983628701376,
    "precision": 0.7850099453050832,
    "recall": 0.7292993630573248
  },
  "train_results": {
    "accuracy": 0.8060925417809928,
    "f1": 0.8026929354630352,
    "precision": 0.8128949184331703,
    "recall": 0.8060925417809928
  },
  "detailed_results": {
    "metadata": {
      "model_name": "MLP (Neural Network)",
      "hyperparams": {
        "hidden_layer_sizes": [
          100
        ],
        "activation": "tanh",
        "alpha": 0.1
      }
    },
    "test_accuracy": 0.7292993630573248,
    "test_f1": 0.7051983628701376,
    "test_precision": 0.7850099453050832,
    "test_recall": 0.7292993630573248,
    "train_accuracy": 0.8060925417809928,
    "train_f1": 0.8026929354630352,
    "train_precision": 0.8128949184331703,
    "train_recall": 0.8060925417809928
  },
  "test_accuracy": 0.7292993630573248,
  "train_accuracy": 0.8060925417809928,
  "worker_id": "worker_75a8f47ecb2f35755476e4fc6003087b9faf197c376c1df9f5ad5de3"
}