{
  "task_id": "XGBoost_9_4735",
  "model_name": "XGBoost",
  "fold_id": "9",
  "hyperparams": {
    "n_estimators": "100",
    "max_depth": "3",
    "learning_rate": "0.2",
    "subsample": "0.7"
  },
  "test_results": {
    "accuracy": 0.5710526315789474,
    "f1": 0.4642048082184027,
    "precision": 0.7430426513510969,
    "recall": 0.5710526315789474
  },
  "train_results": {
    "accuracy": 0.8796824998431323,
    "f1": 0.8793698644855582,
    "precision": 0.879897032391262,
    "recall": 0.8796824998431323
  },
  "detailed_results": {
    "metadata": {
      "model_name": "XGBoost",
      "hyperparams": {
        "n_estimators": 100,
        "max_depth": 3,
        "learning_rate": 0.2,
        "subsample": 0.7
      }
    },
    "test_accuracy": 0.5710526315789474,
    "test_f1": 0.4642048082184027,
    "test_precision": 0.7430426513510969,
    "test_recall": 0.5710526315789474,
    "train_accuracy": 0.8796824998431323,
    "train_f1": 0.8793698644855582,
    "train_precision": 0.879897032391262,
    "train_recall": 0.8796824998431323
  },
  "test_accuracy": 0.5710526315789474,
  "train_accuracy": 0.8796824998431323,
  "worker_id": "worker_4e14dc46a08906fa60bdb891bcda8546f326d498cdbe43f8d26d67e5"
}