{
  "task_id": "MLP_(Neural_Network)_17_2262",
  "model_name": "MLP (Neural Network)",
  "fold_id": "17",
  "hyperparams": {
    "hidden_layer_sizes": [
      150,
      50
    ],
    "activation": "tanh",
    "alpha": "0.1"
  },
  "test_results": {
    "accuracy": 0.490418118466899,
    "f1": 0.3284782683590198,
    "precision": 0.7514561225797396,
    "recall": 0.490418118466899
  },
  "train_results": {
    "accuracy": 0.9908680097909998,
    "f1": 0.9908654475232742,
    "precision": 0.9908778168897241,
    "recall": 0.9908680097909998
  },
  "detailed_results": {
    "metadata": {
      "model_name": "MLP (Neural Network)",
      "hyperparams": {
        "hidden_layer_sizes": [
          150,
          50
        ],
        "activation": "tanh",
        "alpha": 0.1
      }
    },
    "test_accuracy": 0.490418118466899,
    "test_f1": 0.3284782683590198,
    "test_precision": 0.7514561225797396,
    "test_recall": 0.490418118466899,
    "train_accuracy": 0.9908680097909998,
    "train_f1": 0.9908654475232742,
    "train_precision": 0.9908778168897241,
    "train_recall": 0.9908680097909998
  },
  "test_accuracy": 0.490418118466899,
  "train_accuracy": 0.9908680097909998,
  "worker_id": "worker_8351408ab5ac6d7ec0ddef4ab6d6d7258c4be6f3ba76699a89134a3e"
}