{
  "task_id": "XGBoost_30_3312",
  "model_name": "XGBoost",
  "fold_id": "30",
  "hyperparams": {
    "n_estimators": "100",
    "max_depth": "9",
    "learning_rate": "0.2",
    "subsample": "0.7"
  },
  "test_results": {
    "accuracy": 0.5821462488129154,
    "f1": 0.5645604205366697,
    "precision": 0.5961255914282111,
    "recall": 0.5821462488129154
  },
  "train_results": {
    "accuracy": 0.9999061356027659,
    "f1": 0.9999061347315796,
    "precision": 0.9999061516507053,
    "recall": 0.9999061356027659
  },
  "detailed_results": {
    "metadata": {
      "model_name": "XGBoost",
      "hyperparams": {
        "n_estimators": 100,
        "max_depth": 9,
        "learning_rate": 0.2,
        "subsample": 0.7
      }
    },
    "test_accuracy": 0.5821462488129154,
    "test_f1": 0.5645604205366697,
    "test_precision": 0.5961255914282111,
    "test_recall": 0.5821462488129154,
    "train_accuracy": 0.9999061356027659,
    "train_f1": 0.9999061347315796,
    "train_precision": 0.9999061516507053,
    "train_recall": 0.9999061356027659
  },
  "test_accuracy": 0.5821462488129154,
  "train_accuracy": 0.9999061356027659,
  "worker_id": "worker_8217a94ca570b2d1b3a6d14e8bf975b5e1bcee7910192d8575a86d01"
}