{
  "task_id": "XGBoost_37_8809",
  "model_name": "XGBoost",
  "fold_id": "37",
  "hyperparams": {
    "n_estimators": "100",
    "max_depth": "6",
    "learning_rate": "0.2",
    "subsample": "0.7"
  },
  "test_results": {
    "accuracy": 0.47322212467076386,
    "f1": 0.47313677346698013,
    "precision": 0.4730776596074268,
    "recall": 0.47322212467076386
  },
  "train_results": {
    "accuracy": 0.9820862745098039,
    "f1": 0.9820720935231647,
    "precision": 0.9821660217771769,
    "recall": 0.9820862745098039
  },
  "detailed_results": {
    "metadata": {
      "model_name": "XGBoost",
      "hyperparams": {
        "n_estimators": 100,
        "max_depth": 6,
        "learning_rate": 0.2,
        "subsample": 0.7
      }
    },
    "test_accuracy": 0.47322212467076386,
    "test_f1": 0.47313677346698013,
    "test_precision": 0.4730776596074268,
    "test_recall": 0.47322212467076386,
    "train_accuracy": 0.9820862745098039,
    "train_f1": 0.9820720935231647,
    "train_precision": 0.9821660217771769,
    "train_recall": 0.9820862745098039
  },
  "test_accuracy": 0.47322212467076386,
  "train_accuracy": 0.9820862745098039,
  "worker_id": "worker_295d1e9e3dd915a26b67e1be770e2e3be83765094542e54fa9249df4"
}