{
  "task_id": "KNN_10_7246",
  "model_name": "KNN",
  "fold_id": "10",
  "hyperparams": {
    "n_neighbors": 7,
    "weights": "uniform",
    "metric": "euclidean"
  },
  "test_results": {
    "accuracy": 0.5339805825242718,
    "f1": 0.41144886484772586,
    "precision": 0.4518114156716873,
    "recall": 0.5339805825242718
  },
  "train_results": {
    "accuracy": 0.9236353948113365,
    "f1": 0.9236608559732458,
    "precision": 0.9237027044792322,
    "recall": 0.9236353948113365
  },
  "detailed_results": {
    "metadata": {
      "model_name": "KNN",
      "hyperparams": {
        "n_neighbors": 7,
        "weights": "uniform",
        "metric": "euclidean"
      }
    },
    "test_accuracy": 0.5339805825242718,
    "test_f1": 0.41144886484772586,
    "test_precision": 0.4518114156716873,
    "test_recall": 0.5339805825242718,
    "train_accuracy": 0.9236353948113365,
    "train_f1": 0.9236608559732458,
    "train_precision": 0.9237027044792322,
    "train_recall": 0.9236353948113365
  },
  "test_accuracy": 0.5339805825242718,
  "train_accuracy": 0.9236353948113365,
  "worker_id": "worker_3cc164a7873323c2e9e4d245d304a8ebb29889975bb13f69b7208e13"
}