{
  "task_id": "KNN_44_9172",
  "model_name": "KNN",
  "fold_id": "44",
  "hyperparams": {
    "n_neighbors": 15,
    "weights": "uniform",
    "metric": "euclidean"
  },
  "test_results": {
    "accuracy": 0.5141116100064144,
    "f1": 0.36139238893592734,
    "precision": 0.5958034726911517,
    "recall": 0.5141116100064144
  },
  "train_results": {
    "accuracy": 0.9186178753010437,
    "f1": 0.9186245571087881,
    "precision": 0.9186323362102929,
    "recall": 0.9186178753010437
  },
  "detailed_results": {
    "metadata": {
      "model_name": "KNN",
      "hyperparams": {
        "n_neighbors": 15,
        "weights": "uniform",
        "metric": "euclidean"
      }
    },
    "test_accuracy": 0.5141116100064144,
    "test_f1": 0.36139238893592734,
    "test_precision": 0.5958034726911517,
    "test_recall": 0.5141116100064144,
    "train_accuracy": 0.9186178753010437,
    "train_f1": 0.9186245571087881,
    "train_precision": 0.9186323362102929,
    "train_recall": 0.9186178753010437
  },
  "test_accuracy": 0.5141116100064144,
  "train_accuracy": 0.9186178753010437,
  "worker_id": "worker_bde904f64e4c0d756e7f802df2b82cd1178841ef8cc503c9c17841d6"
}