{
  "task_id": "MLP_(Neural_Network)_32_0881",
  "model_name": "MLP (Neural Network)",
  "fold_id": "32",
  "hyperparams": {
    "hidden_layer_sizes": [
      150,
      50
    ],
    "activation": "tanh",
    "alpha": "0.1"
  },
  "test_results": {
    "accuracy": 0.8783943329397875,
    "f1": 0.8779171184243314,
    "precision": 0.8778750299597874,
    "recall": 0.8783943329397875
  },
  "train_results": {
    "accuracy": 0.8605713930425591,
    "f1": 0.8607694521999111,
    "precision": 0.873916140197144,
    "recall": 0.8605713930425591
  },
  "detailed_results": {
    "metadata": {
      "model_name": "MLP (Neural Network)",
      "hyperparams": {
        "hidden_layer_sizes": [
          150,
          50
        ],
        "activation": "tanh",
        "alpha": 0.1
      }
    },
    "test_accuracy": 0.8783943329397875,
    "test_f1": 0.8779171184243314,
    "test_precision": 0.8778750299597874,
    "test_recall": 0.8783943329397875,
    "train_accuracy": 0.8605713930425591,
    "train_f1": 0.8607694521999111,
    "train_precision": 0.873916140197144,
    "train_recall": 0.8605713930425591
  },
  "test_accuracy": 0.8783943329397875,
  "train_accuracy": 0.8605713930425591,
  "worker_id": "worker_74e5efaeca446f9458bc9aad8bd59f6bb15d46df660812301edd0e2a"
}