{
  "task_id": "XGBoost_17_4735",
  "model_name": "XGBoost",
  "fold_id": "17",
  "hyperparams": {
    "n_estimators": "100",
    "max_depth": "3",
    "learning_rate": "0.2",
    "subsample": "0.7"
  },
  "test_results": {
    "accuracy": 0.4965156794425087,
    "f1": 0.34160712860575737,
    "precision": 0.7529156241845615,
    "recall": 0.4965156794425087
  },
  "train_results": {
    "accuracy": 0.8754471850875541,
    "f1": 0.8750655691759407,
    "precision": 0.8757485253636392,
    "recall": 0.8754471850875541
  },
  "detailed_results": {
    "metadata": {
      "model_name": "XGBoost",
      "hyperparams": {
        "n_estimators": 100,
        "max_depth": 3,
        "learning_rate": 0.2,
        "subsample": 0.7
      }
    },
    "test_accuracy": 0.4965156794425087,
    "test_f1": 0.34160712860575737,
    "test_precision": 0.7529156241845615,
    "test_recall": 0.4965156794425087,
    "train_accuracy": 0.8754471850875541,
    "train_f1": 0.8750655691759407,
    "train_precision": 0.8757485253636392,
    "train_recall": 0.8754471850875541
  },
  "test_accuracy": 0.4965156794425087,
  "train_accuracy": 0.8754471850875541,
  "worker_id": "worker_4e14dc46a08906fa60bdb891bcda8546f326d498cdbe43f8d26d67e5"
}