{
  "task_id": "KNN_20_9928",
  "model_name": "KNN",
  "fold_id": "20",
  "hyperparams": {
    "n_neighbors": 7,
    "weights": "uniform",
    "metric": "euclidean"
  },
  "test_results": {
    "accuracy": 0.6631578947368421,
    "f1": 0.6642243705171982,
    "precision": 0.6679479671558156,
    "recall": 0.6631578947368421
  },
  "train_results": {
    "accuracy": 0.8850976088330174,
    "f1": 0.88512084796923,
    "precision": 0.8851496373536786,
    "recall": 0.8850976088330174
  },
  "detailed_results": {
    "metadata": {
      "model_name": "KNN",
      "hyperparams": {
        "n_neighbors": 7,
        "weights": "uniform",
        "metric": "euclidean"
      }
    },
    "test_accuracy": 0.6631578947368421,
    "test_f1": 0.6642243705171982,
    "test_precision": 0.6679479671558156,
    "test_recall": 0.6631578947368421,
    "train_accuracy": 0.8850976088330174,
    "train_f1": 0.88512084796923,
    "train_precision": 0.8851496373536786,
    "train_recall": 0.8850976088330174
  },
  "test_accuracy": 0.6631578947368421,
  "train_accuracy": 0.8850976088330174,
  "worker_id": "worker_1c30d618a35468f978c660a1d22b91a5cb0f45605bf7bb8ceb4bce16"
}