{
  "task_id": "XGBoost_3_3016",
  "model_name": "XGBoost",
  "fold_id": "3",
  "hyperparams": {
    "n_estimators": "100",
    "max_depth": "9",
    "learning_rate": "0.2",
    "subsample": "0.7"
  },
  "test_results": {
    "accuracy": 0.8790373654211526,
    "f1": 0.8794002509789622,
    "precision": 0.8818982122482292,
    "recall": 0.8790373654211526
  },
  "train_results": {
    "accuracy": 0.99986602357985,
    "f1": 0.9998660219160798,
    "precision": 0.9998660564534655,
    "recall": 0.99986602357985
  },
  "detailed_results": {
    "metadata": {
      "model_name": "XGBoost",
      "hyperparams": {
        "n_estimators": 100,
        "max_depth": 9,
        "learning_rate": 0.2,
        "subsample": 0.7
      }
    },
    "test_accuracy": 0.8790373654211526,
    "test_f1": 0.8794002509789622,
    "test_precision": 0.8818982122482292,
    "test_recall": 0.8790373654211526,
    "train_accuracy": 0.99986602357985,
    "train_f1": 0.9998660219160798,
    "train_precision": 0.9998660564534655,
    "train_recall": 0.99986602357985
  },
  "test_accuracy": 0.8790373654211526,
  "train_accuracy": 0.99986602357985,
  "worker_id": "worker_12eea12368ac7882fafce39d03fdc7019df4f30fde2e7d5440bc5626"
}