{
  "task_id": "KNN_10_9928",
  "model_name": "KNN",
  "fold_id": "10",
  "hyperparams": {
    "n_neighbors": 7,
    "weights": "uniform",
    "metric": "euclidean"
  },
  "test_results": {
    "accuracy": 0.716566866267465,
    "f1": 0.711795057228538,
    "precision": 0.7477086698910504,
    "recall": 0.716566866267465
  },
  "train_results": {
    "accuracy": 0.8863303119168222,
    "f1": 0.8861248651983379,
    "precision": 0.8862872530491928,
    "recall": 0.8863303119168222
  },
  "detailed_results": {
    "metadata": {
      "model_name": "KNN",
      "hyperparams": {
        "n_neighbors": 7,
        "weights": "uniform",
        "metric": "euclidean"
      }
    },
    "test_accuracy": 0.716566866267465,
    "test_f1": 0.711795057228538,
    "test_precision": 0.7477086698910504,
    "test_recall": 0.716566866267465,
    "train_accuracy": 0.8863303119168222,
    "train_f1": 0.8861248651983379,
    "train_precision": 0.8862872530491928,
    "train_recall": 0.8863303119168222
  },
  "test_accuracy": 0.716566866267465,
  "train_accuracy": 0.8863303119168222,
  "worker_id": "worker_9de6a5cf23cb1d33ae35bba561da27c8500fe90b801d5a3736360113"
}