{
  "task_id": "MLP_(Neural_Network)_46_7568",
  "model_name": "MLP (Neural Network)",
  "fold_id": "46",
  "hyperparams": {
    "hidden_layer_sizes": [
      200,
      100,
      50
    ],
    "activation": "tanh",
    "alpha": "0.1"
  },
  "test_results": {
    "accuracy": 0.5097327614648631,
    "f1": 0.5092519812803095,
    "precision": 0.5115509130681828,
    "recall": 0.5097327614648631
  },
  "train_results": {
    "accuracy": 0.9074809058466464,
    "f1": 0.9075153113814031,
    "precision": 0.9075761338929976,
    "recall": 0.9074809058466464
  },
  "detailed_results": {
    "metadata": {
      "model_name": "MLP (Neural Network)",
      "hyperparams": {
        "hidden_layer_sizes": [
          200,
          100,
          50
        ],
        "activation": "tanh",
        "alpha": 0.1
      }
    },
    "test_accuracy": 0.5097327614648631,
    "test_f1": 0.5092519812803095,
    "test_precision": 0.5115509130681828,
    "test_recall": 0.5097327614648631,
    "train_accuracy": 0.9074809058466464,
    "train_f1": 0.9075153113814031,
    "train_precision": 0.9075761338929976,
    "train_recall": 0.9074809058466464
  },
  "test_accuracy": 0.5097327614648631,
  "train_accuracy": 0.9074809058466464,
  "worker_id": "worker_296c9067751c10261d0a02ea71b317973f480dc36337f2a820a58435"
}