{
  "task_id": "MLP_(Neural_Network)_11_0811",
  "model_name": "MLP (Neural Network)",
  "fold_id": "11",
  "hyperparams": {
    "hidden_layer_sizes": [
      100
    ],
    "activation": "tanh",
    "alpha": "0.1"
  },
  "test_results": {
    "accuracy": 0.9058927000879508,
    "f1": 0.9057720976015928,
    "precision": 0.9123673495856057,
    "recall": 0.9058927000879508
  },
  "train_results": {
    "accuracy": 0.8161683972770336,
    "f1": 0.8134190997650318,
    "precision": 0.8218066411182002,
    "recall": 0.8161683972770336
  },
  "detailed_results": {
    "metadata": {
      "model_name": "MLP (Neural Network)",
      "hyperparams": {
        "hidden_layer_sizes": [
          100
        ],
        "activation": "tanh",
        "alpha": 0.1
      }
    },
    "test_accuracy": 0.9058927000879508,
    "test_f1": 0.9057720976015928,
    "test_precision": 0.9123673495856057,
    "test_recall": 0.9058927000879508,
    "train_accuracy": 0.8161683972770336,
    "train_f1": 0.8134190997650318,
    "train_precision": 0.8218066411182002,
    "train_recall": 0.8161683972770336
  },
  "test_accuracy": 0.9058927000879508,
  "train_accuracy": 0.8161683972770336,
  "worker_id": "worker_75a8f47ecb2f35755476e4fc6003087b9faf197c376c1df9f5ad5de3"
}