{
  "task_id": "MLP_(Neural_Network)_3_2099",
  "model_name": "MLP (Neural Network)",
  "fold_id": "3",
  "hyperparams": {
    "hidden_layer_sizes": [
      100
    ],
    "activation": "tanh",
    "alpha": "0.1"
  },
  "test_results": {
    "accuracy": 0.6855367621677597,
    "f1": 0.6697678974869301,
    "precision": 0.7761731918889407,
    "recall": 0.6855367621677597
  },
  "train_results": {
    "accuracy": 0.9845270113225089,
    "f1": 0.9845183134996667,
    "precision": 0.9845540337280791,
    "recall": 0.9845270113225089
  },
  "detailed_results": {
    "metadata": {
      "model_name": "MLP (Neural Network)",
      "hyperparams": {
        "hidden_layer_sizes": [
          100
        ],
        "activation": "tanh",
        "alpha": 0.1
      }
    },
    "test_accuracy": 0.6855367621677597,
    "test_f1": 0.6697678974869301,
    "test_precision": 0.7761731918889407,
    "test_recall": 0.6855367621677597,
    "train_accuracy": 0.9845270113225089,
    "train_f1": 0.9845183134996667,
    "train_precision": 0.9845540337280791,
    "train_recall": 0.9845270113225089
  },
  "test_accuracy": 0.6855367621677597,
  "train_accuracy": 0.9845270113225089,
  "worker_id": "worker_7cd9df79b45cf25881c37a45f41bcfaf4c2b1498224638fd2b2bbd84"
}