{
  "task_id": "XGBoost_11_0310",
  "model_name": "XGBoost",
  "fold_id": "11",
  "hyperparams": {
    "n_estimators": "100",
    "max_depth": "6",
    "learning_rate": "0.2",
    "subsample": "0.7"
  },
  "test_results": {
    "accuracy": 0.5295866785608088,
    "f1": 0.37644235688444605,
    "precision": 0.7077978447535933,
    "recall": 0.5295866785608088
  },
  "train_results": {
    "accuracy": 0.9838454015041651,
    "f1": 0.9838350398130323,
    "precision": 0.9838956620103643,
    "recall": 0.9838454015041651
  },
  "detailed_results": {
    "metadata": {
      "model_name": "XGBoost",
      "hyperparams": {
        "n_estimators": 100,
        "max_depth": 6,
        "learning_rate": 0.2,
        "subsample": 0.7
      }
    },
    "test_accuracy": 0.5295866785608088,
    "test_f1": 0.37644235688444605,
    "test_precision": 0.7077978447535933,
    "test_recall": 0.5295866785608088,
    "train_accuracy": 0.9838454015041651,
    "train_f1": 0.9838350398130323,
    "train_precision": 0.9838956620103643,
    "train_recall": 0.9838454015041651
  },
  "test_accuracy": 0.5295866785608088,
  "train_accuracy": 0.9838454015041651,
  "worker_id": "worker_9e3fd0ef908bd08cdef52fcf6ca6de294f848f4eeecb3bcd34871c29"
}