{
  "task_id": "XGBoost_31_8809",
  "model_name": "XGBoost",
  "fold_id": "31",
  "hyperparams": {
    "n_estimators": "100",
    "max_depth": "6",
    "learning_rate": "0.2",
    "subsample": "0.7"
  },
  "test_results": {
    "accuracy": 0.6220322886989553,
    "f1": 0.619526667457671,
    "precision": 0.624670634318938,
    "recall": 0.6220322886989553
  },
  "train_results": {
    "accuracy": 0.9864209505334627,
    "f1": 0.9864121979696682,
    "precision": 0.9864785257306732,
    "recall": 0.9864209505334627
  },
  "detailed_results": {
    "metadata": {
      "model_name": "XGBoost",
      "hyperparams": {
        "n_estimators": 100,
        "max_depth": 6,
        "learning_rate": 0.2,
        "subsample": 0.7
      }
    },
    "test_accuracy": 0.6220322886989553,
    "test_f1": 0.619526667457671,
    "test_precision": 0.624670634318938,
    "test_recall": 0.6220322886989553,
    "train_accuracy": 0.9864209505334627,
    "train_f1": 0.9864121979696682,
    "train_precision": 0.9864785257306732,
    "train_recall": 0.9864209505334627
  },
  "test_accuracy": 0.6220322886989553,
  "train_accuracy": 0.9864209505334627,
  "worker_id": "worker_295d1e9e3dd915a26b67e1be770e2e3be83765094542e54fa9249df4"
}