{
  "task_id": "KNN_2_9858",
  "model_name": "KNN",
  "fold_id": "2",
  "hyperparams": {
    "n_neighbors": 1,
    "weights": "uniform",
    "metric": "euclidean"
  },
  "test_results": {
    "accuracy": 0.5260853703028092,
    "f1": 0.424915304170682,
    "precision": 0.4216195899574318,
    "recall": 0.5260853703028092
  },
  "train_results": {
    "accuracy": 1.0,
    "f1": 1.0,
    "precision": 1.0,
    "recall": 1.0
  },
  "detailed_results": {
    "metadata": {
      "model_name": "KNN",
      "hyperparams": {
        "n_neighbors": 1,
        "weights": "uniform",
        "metric": "euclidean"
      }
    },
    "test_accuracy": 0.5260853703028092,
    "test_f1": 0.424915304170682,
    "test_precision": 0.4216195899574318,
    "test_recall": 0.5260853703028092,
    "train_accuracy": 1.0,
    "train_f1": 1.0,
    "train_precision": 1.0,
    "train_recall": 1.0
  },
  "test_accuracy": 0.5260853703028092,
  "train_accuracy": 1.0,
  "worker_id": "worker_dfdcfdb3249565d6196f959fa2016d6332a409bcfa102470956dc184"
}