{
  "task_id": "MLP_(Neural_Network)_3_7568",
  "model_name": "MLP (Neural Network)",
  "fold_id": "3",
  "hyperparams": {
    "hidden_layer_sizes": [
      200,
      100,
      50
    ],
    "activation": "tanh",
    "alpha": "0.1"
  },
  "test_results": {
    "accuracy": 0.6920952709699689,
    "f1": 0.6914494997225002,
    "precision": 0.7092870023438063,
    "recall": 0.6920952709699689
  },
  "train_results": {
    "accuracy": 0.9283129129727397,
    "f1": 0.9280087558724199,
    "precision": 0.9293356579861821,
    "recall": 0.9283129129727397
  },
  "detailed_results": {
    "metadata": {
      "model_name": "MLP (Neural Network)",
      "hyperparams": {
        "hidden_layer_sizes": [
          200,
          100,
          50
        ],
        "activation": "tanh",
        "alpha": 0.1
      }
    },
    "test_accuracy": 0.6920952709699689,
    "test_f1": 0.6914494997225002,
    "test_precision": 0.7092870023438063,
    "test_recall": 0.6920952709699689,
    "train_accuracy": 0.9283129129727397,
    "train_f1": 0.9280087558724199,
    "train_precision": 0.9293356579861821,
    "train_recall": 0.9283129129727397
  },
  "test_accuracy": 0.6920952709699689,
  "train_accuracy": 0.9283129129727397,
  "worker_id": "worker_ebea981974a2f1b92e2ad91148e909e737ad2fd911d48b943d0aaafc"
}