{
  "task_id": "MLP_(Neural_Network)_21_2099",
  "model_name": "MLP (Neural Network)",
  "fold_id": "21",
  "hyperparams": {
    "hidden_layer_sizes": [
      100
    ],
    "activation": "tanh",
    "alpha": "0.1"
  },
  "test_results": {
    "accuracy": 0.6229838709677419,
    "f1": 0.5503256306373829,
    "precision": 0.7811192342478144,
    "recall": 0.6229838709677419
  },
  "train_results": {
    "accuracy": 0.9798921366269392,
    "f1": 0.9798828523579609,
    "precision": 0.9799118454513229,
    "recall": 0.9798921366269392
  },
  "detailed_results": {
    "metadata": {
      "model_name": "MLP (Neural Network)",
      "hyperparams": {
        "hidden_layer_sizes": [
          100
        ],
        "activation": "tanh",
        "alpha": 0.1
      }
    },
    "test_accuracy": 0.6229838709677419,
    "test_f1": 0.5503256306373829,
    "test_precision": 0.7811192342478144,
    "test_recall": 0.6229838709677419,
    "train_accuracy": 0.9798921366269392,
    "train_f1": 0.9798828523579609,
    "train_precision": 0.9799118454513229,
    "train_recall": 0.9798921366269392
  },
  "test_accuracy": 0.6229838709677419,
  "train_accuracy": 0.9798921366269392,
  "worker_id": "worker_b7a70e0aa9c3aeecb65fd22601d3448ea2af533f2f93d0bbbf2d755d"
}