{
  "task_id": "XGBoost_10_4738",
  "model_name": "XGBoost",
  "fold_id": "10",
  "hyperparams": {
    "n_estimators": "100",
    "max_depth": "9",
    "learning_rate": "0.2",
    "subsample": "0.7"
  },
  "test_results": {
    "accuracy": 0.5262807717897539,
    "f1": 0.5130590560173187,
    "precision": 0.5195078904068111,
    "recall": 0.5262807717897539
  },
  "train_results": {
    "accuracy": 1.0,
    "f1": 1.0,
    "precision": 1.0,
    "recall": 1.0
  },
  "detailed_results": {
    "metadata": {
      "model_name": "XGBoost",
      "hyperparams": {
        "n_estimators": 100,
        "max_depth": 9,
        "learning_rate": 0.2,
        "subsample": 0.7
      }
    },
    "test_accuracy": 0.5262807717897539,
    "test_f1": 0.5130590560173187,
    "test_precision": 0.5195078904068111,
    "test_recall": 0.5262807717897539,
    "train_accuracy": 1.0,
    "train_f1": 1.0,
    "train_precision": 1.0,
    "train_recall": 1.0
  },
  "test_accuracy": 0.5262807717897539,
  "train_accuracy": 1.0,
  "worker_id": "worker_7179033e0614f5f70ca0fae0ced4eb1e87d860bb0e1d7d727607557d"
}