{
  "task_id": "MLP_(Neural_Network)_26_1854",
  "model_name": "MLP (Neural Network)",
  "fold_id": "26",
  "hyperparams": {
    "hidden_layer_sizes": [
      200,
      100,
      50
    ],
    "activation": "tanh",
    "alpha": "0.1"
  },
  "test_results": {
    "accuracy": 0.5544286680189318,
    "f1": 0.4063872391952658,
    "precision": 0.7121831408689527,
    "recall": 0.5544286680189318
  },
  "train_results": {
    "accuracy": 0.9967061485227575,
    "f1": 0.9967067771909235,
    "precision": 0.9967132144162587,
    "recall": 0.9967061485227575
  },
  "detailed_results": {
    "metadata": {
      "model_name": "MLP (Neural Network)",
      "hyperparams": {
        "hidden_layer_sizes": [
          200,
          100,
          50
        ],
        "activation": "tanh",
        "alpha": 0.1
      }
    },
    "test_accuracy": 0.5544286680189318,
    "test_f1": 0.4063872391952658,
    "test_precision": 0.7121831408689527,
    "test_recall": 0.5544286680189318,
    "train_accuracy": 0.9967061485227575,
    "train_f1": 0.9967067771909235,
    "train_precision": 0.9967132144162587,
    "train_recall": 0.9967061485227575
  },
  "test_accuracy": 0.5544286680189318,
  "train_accuracy": 0.9967061485227575,
  "worker_id": "worker_822f1375dcad0e6f7657734a1ea26ba83e4ea4ac0371dfc1095e9854"
}