{
  "task_id": "XGBoost_16_4738",
  "model_name": "XGBoost",
  "fold_id": "16",
  "hyperparams": {
    "n_estimators": "100",
    "max_depth": "9",
    "learning_rate": "0.2",
    "subsample": "0.7"
  },
  "test_results": {
    "accuracy": 0.5466363340916477,
    "f1": 0.42341708320541055,
    "precision": 0.6755923149808251,
    "recall": 0.5466363340916477
  },
  "train_results": {
    "accuracy": 0.9998663860774293,
    "f1": 0.9998663869807083,
    "precision": 0.9998663968994643,
    "recall": 0.9998663860774293
  },
  "detailed_results": {
    "metadata": {
      "model_name": "XGBoost",
      "hyperparams": {
        "n_estimators": 100,
        "max_depth": 9,
        "learning_rate": 0.2,
        "subsample": 0.7
      }
    },
    "test_accuracy": 0.5466363340916477,
    "test_f1": 0.42341708320541055,
    "test_precision": 0.6755923149808251,
    "test_recall": 0.5466363340916477,
    "train_accuracy": 0.9998663860774293,
    "train_f1": 0.9998663869807083,
    "train_precision": 0.9998663968994643,
    "train_recall": 0.9998663860774293
  },
  "test_accuracy": 0.5466363340916477,
  "train_accuracy": 0.9998663860774293,
  "worker_id": "worker_fd246238e1d785276fce84365bade75d9d729f7b30b62a22b570e91e"
}