{
  "task_id": "XGBoost_44_3537",
  "model_name": "XGBoost",
  "fold_id": "44",
  "hyperparams": {
    "n_estimators": "100",
    "max_depth": "9",
    "learning_rate": "0.2",
    "subsample": "0.7"
  },
  "test_results": {
    "accuracy": 0.7831943553559975,
    "f1": 0.7824969597051946,
    "precision": 0.7888479853148935,
    "recall": 0.7831943553559975
  },
  "train_results": {
    "accuracy": 1.0,
    "f1": 1.0,
    "precision": 1.0,
    "recall": 1.0
  },
  "detailed_results": {
    "metadata": {
      "model_name": "XGBoost",
      "hyperparams": {
        "n_estimators": 100,
        "max_depth": 9,
        "learning_rate": 0.2,
        "subsample": 0.7
      }
    },
    "test_accuracy": 0.7831943553559975,
    "test_f1": 0.7824969597051946,
    "test_precision": 0.7888479853148935,
    "test_recall": 0.7831943553559975,
    "train_accuracy": 1.0,
    "train_f1": 1.0,
    "train_precision": 1.0,
    "train_recall": 1.0
  },
  "test_accuracy": 0.7831943553559975,
  "train_accuracy": 1.0,
  "worker_id": "worker_e889c56c83aca361944eb9e883b9c05023512a8082e2a7391ad70920"
}