{
  "task_id": "KNN_38_9172",
  "model_name": "KNN",
  "fold_id": "38",
  "hyperparams": {
    "n_neighbors": 15,
    "weights": "uniform",
    "metric": "euclidean"
  },
  "test_results": {
    "accuracy": 0.5487646293888166,
    "f1": 0.5346922533485802,
    "precision": 0.5638245656189411,
    "recall": 0.5487646293888166
  },
  "train_results": {
    "accuracy": 0.9116173425078495,
    "f1": 0.9114984093970373,
    "precision": 0.9116096383847753,
    "recall": 0.9116173425078495
  },
  "detailed_results": {
    "metadata": {
      "model_name": "KNN",
      "hyperparams": {
        "n_neighbors": 15,
        "weights": "uniform",
        "metric": "euclidean"
      }
    },
    "test_accuracy": 0.5487646293888166,
    "test_f1": 0.5346922533485802,
    "test_precision": 0.5638245656189411,
    "test_recall": 0.5487646293888166,
    "train_accuracy": 0.9116173425078495,
    "train_f1": 0.9114984093970373,
    "train_precision": 0.9116096383847753,
    "train_recall": 0.9116173425078495
  },
  "test_accuracy": 0.5487646293888166,
  "train_accuracy": 0.9116173425078495,
  "worker_id": "worker_d39782c0b09c22e40e244262bb1bd3ad13987be1a99c6a2738374dd6"
}