{
  "task_id": "XGBoost_2_3645",
  "model_name": "XGBoost",
  "fold_id": "2",
  "hyperparams": {
    "n_estimators": "100",
    "max_depth": "6",
    "learning_rate": "0.2",
    "subsample": "0.7"
  },
  "test_results": {
    "accuracy": 0.535334584115072,
    "f1": 0.38306964562740664,
    "precision": 0.6919704563154411,
    "recall": 0.535334584115072
  },
  "train_results": {
    "accuracy": 0.9793064126643413,
    "f1": 0.9792949710060755,
    "precision": 0.9793384641577649,
    "recall": 0.9793064126643413
  },
  "detailed_results": {
    "metadata": {
      "model_name": "XGBoost",
      "hyperparams": {
        "n_estimators": 100,
        "max_depth": 6,
        "learning_rate": 0.2,
        "subsample": 0.7
      }
    },
    "test_accuracy": 0.535334584115072,
    "test_f1": 0.38306964562740664,
    "test_precision": 0.6919704563154411,
    "test_recall": 0.535334584115072,
    "train_accuracy": 0.9793064126643413,
    "train_f1": 0.9792949710060755,
    "train_precision": 0.9793384641577649,
    "train_recall": 0.9793064126643413
  },
  "test_accuracy": 0.535334584115072,
  "train_accuracy": 0.9793064126643413,
  "worker_id": "worker_6b1d8e24046937eebb98f63ca42c15cbc43ab2a73d8073f476c41644"
}