{
  "task_id": "MLP_(Neural_Network)_45_0811",
  "model_name": "MLP (Neural Network)",
  "fold_id": "45",
  "hyperparams": {
    "hidden_layer_sizes": [
      100
    ],
    "activation": "tanh",
    "alpha": "0.1"
  },
  "test_results": {
    "accuracy": 0.8784956605593057,
    "f1": 0.8779917913159809,
    "precision": 0.887585357527154,
    "recall": 0.8784956605593057
  },
  "train_results": {
    "accuracy": 0.8239359539669138,
    "f1": 0.8238121980045783,
    "precision": 0.8237614243567908,
    "recall": 0.8239359539669138
  },
  "detailed_results": {
    "metadata": {
      "model_name": "MLP (Neural Network)",
      "hyperparams": {
        "hidden_layer_sizes": [
          100
        ],
        "activation": "tanh",
        "alpha": 0.1
      }
    },
    "test_accuracy": 0.8784956605593057,
    "test_f1": 0.8779917913159809,
    "test_precision": 0.887585357527154,
    "test_recall": 0.8784956605593057,
    "train_accuracy": 0.8239359539669138,
    "train_f1": 0.8238121980045783,
    "train_precision": 0.8237614243567908,
    "train_recall": 0.8239359539669138
  },
  "test_accuracy": 0.8784956605593057,
  "train_accuracy": 0.8239359539669138,
  "worker_id": "worker_e03947b95d4438fdb65dfe3c02ad08cd5d411b7b0e9e2be2f0973c46"
}