{
  "task_id": "XGBoost_37_7132",
  "model_name": "XGBoost",
  "fold_id": "37",
  "hyperparams": {
    "n_estimators": "100",
    "max_depth": "3",
    "learning_rate": "0.2",
    "subsample": "0.7"
  },
  "test_results": {
    "accuracy": 0.5859112933283638,
    "f1": 0.5724285938140936,
    "precision": 0.6158073373260389,
    "recall": 0.5859112933283638
  },
  "train_results": {
    "accuracy": 0.9101579242359302,
    "f1": 0.9097692567111536,
    "precision": 0.9113690881233147,
    "recall": 0.9101579242359302
  },
  "detailed_results": {
    "metadata": {
      "model_name": "XGBoost",
      "hyperparams": {
        "n_estimators": 100,
        "max_depth": 3,
        "learning_rate": 0.2,
        "subsample": 0.7
      }
    },
    "test_accuracy": 0.5859112933283638,
    "test_f1": 0.5724285938140936,
    "test_precision": 0.6158073373260389,
    "test_recall": 0.5859112933283638,
    "train_accuracy": 0.9101579242359302,
    "train_f1": 0.9097692567111536,
    "train_precision": 0.9113690881233147,
    "train_recall": 0.9101579242359302
  },
  "test_accuracy": 0.5859112933283638,
  "train_accuracy": 0.9101579242359302,
  "worker_id": "worker_296c9067751c10261d0a02ea71b317973f480dc36337f2a820a58435"
}