{
  "task_id": "XGBoost_28_6531",
  "model_name": "XGBoost",
  "fold_id": "28",
  "hyperparams": {
    "n_estimators": "100",
    "max_depth": "3",
    "learning_rate": "0.2",
    "subsample": "0.7"
  },
  "test_results": {
    "accuracy": 0.48930581613508445,
    "f1": 0.35555503206455014,
    "precision": 0.6043950620431061,
    "recall": 0.48930581613508445
  },
  "train_results": {
    "accuracy": 0.8808527463837359,
    "f1": 0.8804924052877968,
    "precision": 0.8810652197084219,
    "recall": 0.8808527463837359
  },
  "detailed_results": {
    "metadata": {
      "model_name": "XGBoost",
      "hyperparams": {
        "n_estimators": 100,
        "max_depth": 3,
        "learning_rate": 0.2,
        "subsample": 0.7
      }
    },
    "test_accuracy": 0.48930581613508445,
    "test_f1": 0.35555503206455014,
    "test_precision": 0.6043950620431061,
    "test_recall": 0.48930581613508445,
    "train_accuracy": 0.8808527463837359,
    "train_f1": 0.8804924052877968,
    "train_precision": 0.8810652197084219,
    "train_recall": 0.8808527463837359
  },
  "test_accuracy": 0.48930581613508445,
  "train_accuracy": 0.8808527463837359,
  "worker_id": "worker_d39782c0b09c22e40e244262bb1bd3ad13987be1a99c6a2738374dd6"
}