{
  "task_id": "KNN_43_9172",
  "model_name": "KNN",
  "fold_id": "43",
  "hyperparams": {
    "n_neighbors": 15,
    "weights": "uniform",
    "metric": "euclidean"
  },
  "test_results": {
    "accuracy": 0.5337662337662338,
    "f1": 0.5251310348163599,
    "precision": 0.5303074476543864,
    "recall": 0.5337662337662338
  },
  "train_results": {
    "accuracy": 0.8996792944477852,
    "f1": 0.8996597379991667,
    "precision": 0.8996467607833251,
    "recall": 0.8996792944477852
  },
  "detailed_results": {
    "metadata": {
      "model_name": "KNN",
      "hyperparams": {
        "n_neighbors": 15,
        "weights": "uniform",
        "metric": "euclidean"
      }
    },
    "test_accuracy": 0.5337662337662338,
    "test_f1": 0.5251310348163599,
    "test_precision": 0.5303074476543864,
    "test_recall": 0.5337662337662338,
    "train_accuracy": 0.8996792944477852,
    "train_f1": 0.8996597379991667,
    "train_precision": 0.8996467607833251,
    "train_recall": 0.8996792944477852
  },
  "test_accuracy": 0.5337662337662338,
  "train_accuracy": 0.8996792944477852,
  "worker_id": "worker_4e8f1c6d945b2a1d2aea8e53efc3f78769976538607c3bd85e25ed7e"
}