{
  "task_id": "XGBoost_17_6531",
  "model_name": "XGBoost",
  "fold_id": "17",
  "hyperparams": {
    "n_estimators": "100",
    "max_depth": "3",
    "learning_rate": "0.2",
    "subsample": "0.7"
  },
  "test_results": {
    "accuracy": 0.46635730858468677,
    "f1": 0.3029089190998628,
    "precision": 0.7527455529775715,
    "recall": 0.46635730858468677
  },
  "train_results": {
    "accuracy": 0.8838550521718839,
    "f1": 0.8834677578489536,
    "precision": 0.88412579172028,
    "recall": 0.8838550521718839
  },
  "detailed_results": {
    "metadata": {
      "model_name": "XGBoost",
      "hyperparams": {
        "n_estimators": 100,
        "max_depth": 3,
        "learning_rate": 0.2,
        "subsample": 0.7
      }
    },
    "test_accuracy": 0.46635730858468677,
    "test_f1": 0.3029089190998628,
    "test_precision": 0.7527455529775715,
    "test_recall": 0.46635730858468677,
    "train_accuracy": 0.8838550521718839,
    "train_f1": 0.8834677578489536,
    "train_precision": 0.88412579172028,
    "train_recall": 0.8838550521718839
  },
  "test_accuracy": 0.46635730858468677,
  "train_accuracy": 0.8838550521718839,
  "worker_id": "worker_4e8f1c6d945b2a1d2aea8e53efc3f78769976538607c3bd85e25ed7e"
}