{
  "task_id": "MLP_(Neural_Network)_33_8410",
  "model_name": "MLP (Neural Network)",
  "fold_id": "33",
  "hyperparams": {
    "hidden_layer_sizes": [
      100
    ],
    "activation": "tanh",
    "alpha": "0.1"
  },
  "test_results": {
    "accuracy": 0.5871446229913473,
    "f1": 0.44083614437790253,
    "precision": 0.7586541950322552,
    "recall": 0.5871446229913473
  },
  "train_results": {
    "accuracy": 0.9777984784971278,
    "f1": 0.9777863658819368,
    "precision": 0.9778339411814978,
    "recall": 0.9777984784971278
  },
  "detailed_results": {
    "metadata": {
      "model_name": "MLP (Neural Network)",
      "hyperparams": {
        "hidden_layer_sizes": [
          100
        ],
        "activation": "tanh",
        "alpha": 0.1
      }
    },
    "test_accuracy": 0.5871446229913473,
    "test_f1": 0.44083614437790253,
    "test_precision": 0.7586541950322552,
    "test_recall": 0.5871446229913473,
    "train_accuracy": 0.9777984784971278,
    "train_f1": 0.9777863658819368,
    "train_precision": 0.9778339411814978,
    "train_recall": 0.9777984784971278
  },
  "test_accuracy": 0.5871446229913473,
  "train_accuracy": 0.9777984784971278,
  "worker_id": "worker_6899fb3747df32845309131254a28f98b2ed42f6e5f22d1c2017d7b4"
}