{
  "task_id": "XGBoost_44_3312",
  "model_name": "XGBoost",
  "fold_id": "44",
  "hyperparams": {
    "n_estimators": "100",
    "max_depth": "9",
    "learning_rate": "0.2",
    "subsample": "0.7"
  },
  "test_results": {
    "accuracy": 0.6721311475409836,
    "f1": 0.637539430443418,
    "precision": 0.7936922692851794,
    "recall": 0.6721311475409836
  },
  "train_results": {
    "accuracy": 0.9999687275229071,
    "f1": 0.9999687274258771,
    "precision": 0.9999687293038,
    "recall": 0.9999687275229071
  },
  "detailed_results": {
    "metadata": {
      "model_name": "XGBoost",
      "hyperparams": {
        "n_estimators": 100,
        "max_depth": 9,
        "learning_rate": 0.2,
        "subsample": 0.7
      }
    },
    "test_accuracy": 0.6721311475409836,
    "test_f1": 0.637539430443418,
    "test_precision": 0.7936922692851794,
    "test_recall": 0.6721311475409836,
    "train_accuracy": 0.9999687275229071,
    "train_f1": 0.9999687274258771,
    "train_precision": 0.9999687293038,
    "train_recall": 0.9999687275229071
  },
  "test_accuracy": 0.6721311475409836,
  "train_accuracy": 0.9999687275229071,
  "worker_id": "worker_bd64aa478045278c35d191d280e27e7663f6a2d271322ae514fa6765"
}