{
  "task_id": "KNN_14_9172",
  "model_name": "KNN",
  "fold_id": "14",
  "hyperparams": {
    "n_neighbors": 15,
    "weights": "uniform",
    "metric": "euclidean"
  },
  "test_results": {
    "accuracy": 0.5271916790490342,
    "f1": 0.4774514664103108,
    "precision": 0.5928072606587781,
    "recall": 0.5271916790490342
  },
  "train_results": {
    "accuracy": 0.9117002259772674,
    "f1": 0.9116479922077996,
    "precision": 0.9116562823475379,
    "recall": 0.9117002259772674
  },
  "detailed_results": {
    "metadata": {
      "model_name": "KNN",
      "hyperparams": {
        "n_neighbors": 15,
        "weights": "uniform",
        "metric": "euclidean"
      }
    },
    "test_accuracy": 0.5271916790490342,
    "test_f1": 0.4774514664103108,
    "test_precision": 0.5928072606587781,
    "test_recall": 0.5271916790490342,
    "train_accuracy": 0.9117002259772674,
    "train_f1": 0.9116479922077996,
    "train_precision": 0.9116562823475379,
    "train_recall": 0.9117002259772674
  },
  "test_accuracy": 0.5271916790490342,
  "train_accuracy": 0.9117002259772674,
  "worker_id": "worker_d39782c0b09c22e40e244262bb1bd3ad13987be1a99c6a2738374dd6"
}