{
  "task_id": "XGBoost_17_0310",
  "model_name": "XGBoost",
  "fold_id": "17",
  "hyperparams": {
    "n_estimators": "100",
    "max_depth": "6",
    "learning_rate": "0.2",
    "subsample": "0.7"
  },
  "test_results": {
    "accuracy": 0.4776267815710971,
    "f1": 0.34002436814900433,
    "precision": 0.6188065193059751,
    "recall": 0.4776267815710971
  },
  "train_results": {
    "accuracy": 0.978931226455979,
    "f1": 0.9789125349206137,
    "precision": 0.9790008002380084,
    "recall": 0.978931226455979
  },
  "detailed_results": {
    "metadata": {
      "model_name": "XGBoost",
      "hyperparams": {
        "n_estimators": 100,
        "max_depth": 6,
        "learning_rate": 0.2,
        "subsample": 0.7
      }
    },
    "test_accuracy": 0.4776267815710971,
    "test_f1": 0.34002436814900433,
    "test_precision": 0.6188065193059751,
    "test_recall": 0.4776267815710971,
    "train_accuracy": 0.978931226455979,
    "train_f1": 0.9789125349206137,
    "train_precision": 0.9790008002380084,
    "train_recall": 0.978931226455979
  },
  "test_accuracy": 0.4776267815710971,
  "train_accuracy": 0.978931226455979,
  "worker_id": "worker_822f1375dcad0e6f7657734a1ea26ba83e4ea4ac0371dfc1095e9854"
}