{
  "task_id": "XGBoost_14_3537",
  "model_name": "XGBoost",
  "fold_id": "14",
  "hyperparams": {
    "n_estimators": "100",
    "max_depth": "9",
    "learning_rate": "0.2",
    "subsample": "0.7"
  },
  "test_results": {
    "accuracy": 0.6540861812778603,
    "f1": 0.6545076497576157,
    "precision": 0.6555271121274534,
    "recall": 0.6540861812778603
  },
  "train_results": {
    "accuracy": 0.9999662720496475,
    "f1": 0.9999662719389631,
    "precision": 0.999966274124703,
    "recall": 0.9999662720496475
  },
  "detailed_results": {
    "metadata": {
      "model_name": "XGBoost",
      "hyperparams": {
        "n_estimators": 100,
        "max_depth": 9,
        "learning_rate": 0.2,
        "subsample": 0.7
      }
    },
    "test_accuracy": 0.6540861812778603,
    "test_f1": 0.6545076497576157,
    "test_precision": 0.6555271121274534,
    "test_recall": 0.6540861812778603,
    "train_accuracy": 0.9999662720496475,
    "train_f1": 0.9999662719389631,
    "train_precision": 0.999966274124703,
    "train_recall": 0.9999662720496475
  },
  "test_accuracy": 0.6540861812778603,
  "train_accuracy": 0.9999662720496475,
  "worker_id": "worker_2198952cf17c0c52953e22c552484797fb65732d81b66218d90e3609"
}