{
  "task_id": "MLP_(Neural_Network)_29_9244",
  "model_name": "MLP (Neural Network)",
  "fold_id": "29",
  "hyperparams": {
    "hidden_layer_sizes": [
      150,
      50
    ],
    "activation": "tanh",
    "alpha": "0.1"
  },
  "test_results": {
    "accuracy": 0.6689237348538846,
    "f1": 0.629385874272496,
    "precision": 0.7275227321482162,
    "recall": 0.6689237348538846
  },
  "train_results": {
    "accuracy": 0.9898040254237288,
    "f1": 0.9898095188856576,
    "precision": 0.9898643279332586,
    "recall": 0.9898040254237288
  },
  "detailed_results": {
    "metadata": {
      "model_name": "MLP (Neural Network)",
      "hyperparams": {
        "hidden_layer_sizes": [
          150,
          50
        ],
        "activation": "tanh",
        "alpha": 0.1
      }
    },
    "test_accuracy": 0.6689237348538846,
    "test_f1": 0.629385874272496,
    "test_precision": 0.7275227321482162,
    "test_recall": 0.6689237348538846,
    "train_accuracy": 0.9898040254237288,
    "train_f1": 0.9898095188856576,
    "train_precision": 0.9898643279332586,
    "train_recall": 0.9898040254237288
  },
  "test_accuracy": 0.6689237348538846,
  "train_accuracy": 0.9898040254237288,
  "worker_id": "worker_d39782c0b09c22e40e244262bb1bd3ad13987be1a99c6a2738374dd6"
}