{
  "task_id": "XGBoost_0_3914",
  "model_name": "XGBoost",
  "fold_id": "0",
  "hyperparams": {
    "n_estimators": "100",
    "max_depth": "3",
    "learning_rate": "0.2",
    "subsample": "0.7"
  },
  "test_results": {
    "accuracy": 0.8861574480538484,
    "f1": 0.8856126923765358,
    "precision": 0.887455968073888,
    "recall": 0.8861574480538484
  },
  "train_results": {
    "accuracy": 0.9029400955531055,
    "f1": 0.9025350001332225,
    "precision": 0.9040994820955663,
    "recall": 0.9029400955531055
  },
  "detailed_results": {
    "metadata": {
      "model_name": "XGBoost",
      "hyperparams": {
        "n_estimators": 100,
        "max_depth": 3,
        "learning_rate": 0.2,
        "subsample": 0.7
      }
    },
    "test_accuracy": 0.8861574480538484,
    "test_f1": 0.8856126923765358,
    "test_precision": 0.887455968073888,
    "test_recall": 0.8861574480538484,
    "train_accuracy": 0.9029400955531055,
    "train_f1": 0.9025350001332225,
    "train_precision": 0.9040994820955663,
    "train_recall": 0.9029400955531055
  },
  "test_accuracy": 0.8861574480538484,
  "train_accuracy": 0.9029400955531055,
  "worker_id": "worker_93560b1cf941ba791c07db9c19fa22a509d4794d410f27fe301d0549"
}