{
  "task_id": "KNN_12_0124",
  "model_name": "KNN",
  "fold_id": "12",
  "hyperparams": {
    "n_neighbors": 15,
    "weights": "uniform",
    "metric": "euclidean"
  },
  "test_results": {
    "accuracy": 0.7577741407528642,
    "f1": 0.7576337963274564,
    "precision": 0.759322182484399,
    "recall": 0.7577741407528642
  },
  "train_results": {
    "accuracy": 0.8764978804365967,
    "f1": 0.8765882133075169,
    "precision": 0.8767736169590897,
    "recall": 0.8764978804365967
  },
  "detailed_results": {
    "metadata": {
      "model_name": "KNN",
      "hyperparams": {
        "n_neighbors": 15,
        "weights": "uniform",
        "metric": "euclidean"
      }
    },
    "test_accuracy": 0.7577741407528642,
    "test_f1": 0.7576337963274564,
    "test_precision": 0.759322182484399,
    "test_recall": 0.7577741407528642,
    "train_accuracy": 0.8764978804365967,
    "train_f1": 0.8765882133075169,
    "train_precision": 0.8767736169590897,
    "train_recall": 0.8764978804365967
  },
  "test_accuracy": 0.7577741407528642,
  "train_accuracy": 0.8764978804365967,
  "worker_id": "worker_4120d933bad341a369b83eae1c93613da7ab782b084614622de69a4e"
}