{
  "task_id": "XGBoost_16_3312",
  "model_name": "XGBoost",
  "fold_id": "16",
  "hyperparams": {
    "n_estimators": "100",
    "max_depth": "9",
    "learning_rate": "0.2",
    "subsample": "0.7"
  },
  "test_results": {
    "accuracy": 0.512014787430684,
    "f1": 0.38928443335736157,
    "precision": 0.49496068325686443,
    "recall": 0.512014787430684
  },
  "train_results": {
    "accuracy": 0.9999373669046724,
    "f1": 0.999937366521472,
    "precision": 0.9999373740578353,
    "recall": 0.9999373669046724
  },
  "detailed_results": {
    "metadata": {
      "model_name": "XGBoost",
      "hyperparams": {
        "n_estimators": 100,
        "max_depth": 9,
        "learning_rate": 0.2,
        "subsample": 0.7
      }
    },
    "test_accuracy": 0.512014787430684,
    "test_f1": 0.38928443335736157,
    "test_precision": 0.49496068325686443,
    "test_recall": 0.512014787430684,
    "train_accuracy": 0.9999373669046724,
    "train_f1": 0.999937366521472,
    "train_precision": 0.9999373740578353,
    "train_recall": 0.9999373669046724
  },
  "test_accuracy": 0.512014787430684,
  "train_accuracy": 0.9999373669046724,
  "worker_id": "worker_bd64aa478045278c35d191d280e27e7663f6a2d271322ae514fa6765"
}