{
  "task_id": "XGBoost_12_1915",
  "model_name": "XGBoost",
  "fold_id": "12",
  "hyperparams": {
    "n_estimators": "100",
    "max_depth": "3",
    "learning_rate": "0.2",
    "subsample": "0.7"
  },
  "test_results": {
    "accuracy": 0.7422771403353927,
    "f1": 0.7361952974287408,
    "precision": 0.7713697913345812,
    "recall": 0.7422771403353927
  },
  "train_results": {
    "accuracy": 0.8983720711395502,
    "f1": 0.8980598158552231,
    "precision": 0.8988540857767655,
    "recall": 0.8983720711395502
  },
  "detailed_results": {
    "metadata": {
      "model_name": "XGBoost",
      "hyperparams": {
        "n_estimators": 100,
        "max_depth": 3,
        "learning_rate": 0.2,
        "subsample": 0.7
      }
    },
    "test_accuracy": 0.7422771403353927,
    "test_f1": 0.7361952974287408,
    "test_precision": 0.7713697913345812,
    "test_recall": 0.7422771403353927,
    "train_accuracy": 0.8983720711395502,
    "train_f1": 0.8980598158552231,
    "train_precision": 0.8988540857767655,
    "train_recall": 0.8983720711395502
  },
  "test_accuracy": 0.7422771403353927,
  "train_accuracy": 0.8983720711395502,
  "worker_id": "worker_87c4383dab53810372467602a083eb819ce4ec7c267619a1c3affab7"
}