{
  "task_id": "XGBoost_47_1915",
  "model_name": "XGBoost",
  "fold_id": "47",
  "hyperparams": {
    "n_estimators": "100",
    "max_depth": "3",
    "learning_rate": "0.2",
    "subsample": "0.7"
  },
  "test_results": {
    "accuracy": 0.9438423645320198,
    "f1": 0.9437811355308593,
    "precision": 0.9457236194903721,
    "recall": 0.9438423645320198
  },
  "train_results": {
    "accuracy": 0.8973717928685272,
    "f1": 0.8968951273398013,
    "precision": 0.8986136232188667,
    "recall": 0.8973717928685272
  },
  "detailed_results": {
    "metadata": {
      "model_name": "XGBoost",
      "hyperparams": {
        "n_estimators": 100,
        "max_depth": 3,
        "learning_rate": 0.2,
        "subsample": 0.7
      }
    },
    "test_accuracy": 0.9438423645320198,
    "test_f1": 0.9437811355308593,
    "test_precision": 0.9457236194903721,
    "test_recall": 0.9438423645320198,
    "train_accuracy": 0.8973717928685272,
    "train_f1": 0.8968951273398013,
    "train_precision": 0.8986136232188667,
    "train_recall": 0.8973717928685272
  },
  "test_accuracy": 0.9438423645320198,
  "train_accuracy": 0.8973717928685272,
  "worker_id": "worker_cff27a72e13536b632607d20ca54635e448248a7eb37caf3492ef698"
}