{
  "task_id": "XGBoost_25_8809",
  "model_name": "XGBoost",
  "fold_id": "25",
  "hyperparams": {
    "n_estimators": "100",
    "max_depth": "6",
    "learning_rate": "0.2",
    "subsample": "0.7"
  },
  "test_results": {
    "accuracy": 0.8641049671977507,
    "f1": 0.8641610733841396,
    "precision": 0.8675745720555614,
    "recall": 0.8641049671977507
  },
  "train_results": {
    "accuracy": 0.985632453751526,
    "f1": 0.9856203049715481,
    "precision": 0.9857294716566918,
    "recall": 0.985632453751526
  },
  "detailed_results": {
    "metadata": {
      "model_name": "XGBoost",
      "hyperparams": {
        "n_estimators": 100,
        "max_depth": 6,
        "learning_rate": 0.2,
        "subsample": 0.7
      }
    },
    "test_accuracy": 0.8641049671977507,
    "test_f1": 0.8641610733841396,
    "test_precision": 0.8675745720555614,
    "test_recall": 0.8641049671977507,
    "train_accuracy": 0.985632453751526,
    "train_f1": 0.9856203049715481,
    "train_precision": 0.9857294716566918,
    "train_recall": 0.985632453751526
  },
  "test_accuracy": 0.8641049671977507,
  "train_accuracy": 0.985632453751526,
  "worker_id": "worker_74e5efaeca446f9458bc9aad8bd59f6bb15d46df660812301edd0e2a"
}