{
  "task_id": "XGBoost_45_3312",
  "model_name": "XGBoost",
  "fold_id": "45",
  "hyperparams": {
    "n_estimators": "100",
    "max_depth": "9",
    "learning_rate": "0.2",
    "subsample": "0.7"
  },
  "test_results": {
    "accuracy": 0.5053554040895814,
    "f1": 0.4529055894878679,
    "precision": 0.5033447108573919,
    "recall": 0.5053554040895814
  },
  "train_results": {
    "accuracy": 0.9999374745990559,
    "f1": 0.9999374745990559,
    "precision": 0.9999374745990559,
    "recall": 0.9999374745990559
  },
  "detailed_results": {
    "metadata": {
      "model_name": "XGBoost",
      "hyperparams": {
        "n_estimators": 100,
        "max_depth": 9,
        "learning_rate": 0.2,
        "subsample": 0.7
      }
    },
    "test_accuracy": 0.5053554040895814,
    "test_f1": 0.4529055894878679,
    "test_precision": 0.5033447108573919,
    "test_recall": 0.5053554040895814,
    "train_accuracy": 0.9999374745990559,
    "train_f1": 0.9999374745990559,
    "train_precision": 0.9999374745990559,
    "train_recall": 0.9999374745990559
  },
  "test_accuracy": 0.5053554040895814,
  "train_accuracy": 0.9999374745990559,
  "worker_id": "worker_d7bc19f8c08ce5b857a0af8509c673942e3585d417806f8ebe941792"
}