{
  "task_id": "KNN_39_9172",
  "model_name": "KNN",
  "fold_id": "39",
  "hyperparams": {
    "n_neighbors": 15,
    "weights": "uniform",
    "metric": "euclidean"
  },
  "test_results": {
    "accuracy": 0.553088133240805,
    "f1": 0.4600306654390827,
    "precision": 0.5169866360315344,
    "recall": 0.553088133240805
  },
  "train_results": {
    "accuracy": 0.9029603079782291,
    "f1": 0.903057481908404,
    "precision": 0.9033139456922386,
    "recall": 0.9029603079782291
  },
  "detailed_results": {
    "metadata": {
      "model_name": "KNN",
      "hyperparams": {
        "n_neighbors": 15,
        "weights": "uniform",
        "metric": "euclidean"
      }
    },
    "test_accuracy": 0.553088133240805,
    "test_f1": 0.4600306654390827,
    "test_precision": 0.5169866360315344,
    "test_recall": 0.553088133240805,
    "train_accuracy": 0.9029603079782291,
    "train_f1": 0.903057481908404,
    "train_precision": 0.9033139456922386,
    "train_recall": 0.9029603079782291
  },
  "test_accuracy": 0.553088133240805,
  "train_accuracy": 0.9029603079782291,
  "worker_id": "worker_4e8f1c6d945b2a1d2aea8e53efc3f78769976538607c3bd85e25ed7e"
}