{
  "task_id": "MLP_(Neural_Network)_26_5240",
  "model_name": "MLP (Neural Network)",
  "fold_id": "26",
  "hyperparams": {
    "hidden_layer_sizes": [
      200,
      100,
      50
    ],
    "activation": "tanh",
    "alpha": "0.1"
  },
  "test_results": {
    "accuracy": 0.8249516441005803,
    "f1": 0.823611585420485,
    "precision": 0.8390970440888229,
    "recall": 0.8249516441005803
  },
  "train_results": {
    "accuracy": 0.8873358348968106,
    "f1": 0.8873784232132271,
    "precision": 0.8874491667675282,
    "recall": 0.8873358348968106
  },
  "detailed_results": {
    "metadata": {
      "model_name": "MLP (Neural Network)",
      "hyperparams": {
        "hidden_layer_sizes": [
          200,
          100,
          50
        ],
        "activation": "tanh",
        "alpha": 0.1
      }
    },
    "test_accuracy": 0.8249516441005803,
    "test_f1": 0.823611585420485,
    "test_precision": 0.8390970440888229,
    "test_recall": 0.8249516441005803,
    "train_accuracy": 0.8873358348968106,
    "train_f1": 0.8873784232132271,
    "train_precision": 0.8874491667675282,
    "train_recall": 0.8873358348968106
  },
  "test_accuracy": 0.8249516441005803,
  "train_accuracy": 0.8873358348968106,
  "worker_id": "worker_cff27a72e13536b632607d20ca54635e448248a7eb37caf3492ef698"
}