{
  "task_id": "XGBoost_26_4735",
  "model_name": "XGBoost",
  "fold_id": "26",
  "hyperparams": {
    "n_estimators": "100",
    "max_depth": "3",
    "learning_rate": "0.2",
    "subsample": "0.7"
  },
  "test_results": {
    "accuracy": 0.6608527131782945,
    "f1": 0.6608527131782945,
    "precision": 0.6614536351035925,
    "recall": 0.6608527131782945
  },
  "train_results": {
    "accuracy": 0.8760865486836346,
    "f1": 0.8758037964438294,
    "precision": 0.8761741790642341,
    "recall": 0.8760865486836346
  },
  "detailed_results": {
    "metadata": {
      "model_name": "XGBoost",
      "hyperparams": {
        "n_estimators": 100,
        "max_depth": 3,
        "learning_rate": 0.2,
        "subsample": 0.7
      }
    },
    "test_accuracy": 0.6608527131782945,
    "test_f1": 0.6608527131782945,
    "test_precision": 0.6614536351035925,
    "test_recall": 0.6608527131782945,
    "train_accuracy": 0.8760865486836346,
    "train_f1": 0.8758037964438294,
    "train_precision": 0.8761741790642341,
    "train_recall": 0.8760865486836346
  },
  "test_accuracy": 0.6608527131782945,
  "train_accuracy": 0.8760865486836346,
  "worker_id": "worker_a4d907717a10b9bc8e4270b3e866353296fb45d86598e565a9f8f74a"
}