{
  "task_id": "XGBoost_13_6323",
  "model_name": "XGBoost",
  "fold_id": "13",
  "hyperparams": {
    "n_estimators": "100",
    "max_depth": "9",
    "learning_rate": "0.2",
    "subsample": "0.7"
  },
  "test_results": {
    "accuracy": 0.7134092900964066,
    "f1": 0.7022791735477761,
    "precision": 0.7593368214006498,
    "recall": 0.7134092900964066
  },
  "train_results": {
    "accuracy": 1.0,
    "f1": 1.0,
    "precision": 1.0,
    "recall": 1.0
  },
  "detailed_results": {
    "metadata": {
      "model_name": "XGBoost",
      "hyperparams": {
        "n_estimators": 100,
        "max_depth": 9,
        "learning_rate": 0.2,
        "subsample": 0.7
      }
    },
    "test_accuracy": 0.7134092900964066,
    "test_f1": 0.7022791735477761,
    "test_precision": 0.7593368214006498,
    "test_recall": 0.7134092900964066,
    "train_accuracy": 1.0,
    "train_f1": 1.0,
    "train_precision": 1.0,
    "train_recall": 1.0
  },
  "test_accuracy": 0.7134092900964066,
  "train_accuracy": 1.0,
  "worker_id": "worker_e1233462eb0132d610df65c88f21250bb532d995dd89733fde2d29be"
}