{
  "task_id": "XGBoost_33_6323",
  "model_name": "XGBoost",
  "fold_id": "33",
  "hyperparams": {
    "n_estimators": "100",
    "max_depth": "9",
    "learning_rate": "0.2",
    "subsample": "0.7"
  },
  "test_results": {
    "accuracy": 0.8566433566433567,
    "f1": 0.858647403022,
    "precision": 0.8872537478553619,
    "recall": 0.8566433566433567
  },
  "train_results": {
    "accuracy": 0.9999067048140315,
    "f1": 0.999906703904293,
    "precision": 0.999906720589342,
    "recall": 0.9999067048140315
  },
  "detailed_results": {
    "metadata": {
      "model_name": "XGBoost",
      "hyperparams": {
        "n_estimators": 100,
        "max_depth": 9,
        "learning_rate": 0.2,
        "subsample": 0.7
      }
    },
    "test_accuracy": 0.8566433566433567,
    "test_f1": 0.858647403022,
    "test_precision": 0.8872537478553619,
    "test_recall": 0.8566433566433567,
    "train_accuracy": 0.9999067048140315,
    "train_f1": 0.999906703904293,
    "train_precision": 0.999906720589342,
    "train_recall": 0.9999067048140315
  },
  "test_accuracy": 0.8566433566433567,
  "train_accuracy": 0.9999067048140315,
  "worker_id": "worker_e1233462eb0132d610df65c88f21250bb532d995dd89733fde2d29be"
}