{
  "task_id": "KNN_40_9928",
  "model_name": "KNN",
  "fold_id": "40",
  "hyperparams": {
    "n_neighbors": 7,
    "weights": "uniform",
    "metric": "euclidean"
  },
  "test_results": {
    "accuracy": 0.6642633228840126,
    "f1": 0.6567434596778421,
    "precision": 0.6828964627937482,
    "recall": 0.6642633228840126
  },
  "train_results": {
    "accuracy": 0.8808342274678111,
    "f1": 0.8809291782201104,
    "precision": 0.8811465749754681,
    "recall": 0.8808342274678111
  },
  "detailed_results": {
    "metadata": {
      "model_name": "KNN",
      "hyperparams": {
        "n_neighbors": 7,
        "weights": "uniform",
        "metric": "euclidean"
      }
    },
    "test_accuracy": 0.6642633228840126,
    "test_f1": 0.6567434596778421,
    "test_precision": 0.6828964627937482,
    "test_recall": 0.6642633228840126,
    "train_accuracy": 0.8808342274678111,
    "train_f1": 0.8809291782201104,
    "train_precision": 0.8811465749754681,
    "train_recall": 0.8808342274678111
  },
  "test_accuracy": 0.6642633228840126,
  "train_accuracy": 0.8808342274678111,
  "worker_id": "worker_1c30d618a35468f978c660a1d22b91a5cb0f45605bf7bb8ceb4bce16"
}