{
  "task_id": "XGBoost_20_6531",
  "model_name": "XGBoost",
  "fold_id": "20",
  "hyperparams": {
    "n_estimators": "100",
    "max_depth": "3",
    "learning_rate": "0.2",
    "subsample": "0.7"
  },
  "test_results": {
    "accuracy": 0.4726655348047538,
    "f1": 0.3423650396652175,
    "precision": 0.6854671476304693,
    "recall": 0.4726655348047538
  },
  "train_results": {
    "accuracy": 0.8874588446572882,
    "f1": 0.8871805820050961,
    "precision": 0.8875027332516487,
    "recall": 0.8874588446572882
  },
  "detailed_results": {
    "metadata": {
      "model_name": "XGBoost",
      "hyperparams": {
        "n_estimators": 100,
        "max_depth": 3,
        "learning_rate": 0.2,
        "subsample": 0.7
      }
    },
    "test_accuracy": 0.4726655348047538,
    "test_f1": 0.3423650396652175,
    "test_precision": 0.6854671476304693,
    "test_recall": 0.4726655348047538,
    "train_accuracy": 0.8874588446572882,
    "train_f1": 0.8871805820050961,
    "train_precision": 0.8875027332516487,
    "train_recall": 0.8874588446572882
  },
  "test_accuracy": 0.4726655348047538,
  "train_accuracy": 0.8874588446572882,
  "worker_id": "worker_d39782c0b09c22e40e244262bb1bd3ad13987be1a99c6a2738374dd6"
}