{
  "task_id": "MLP_(Neural_Network)_8_6879",
  "model_name": "MLP (Neural Network)",
  "fold_id": "8",
  "hyperparams": {
    "hidden_layer_sizes": [
      150,
      50
    ],
    "activation": "tanh",
    "alpha": "0.1"
  },
  "test_results": {
    "accuracy": 0.6563088512241054,
    "f1": 0.6562958078100359,
    "precision": 0.6562859973531185,
    "recall": 0.6563088512241054
  },
  "train_results": {
    "accuracy": 0.8829623172857718,
    "f1": 0.8819780991631105,
    "precision": 0.8858861448901796,
    "recall": 0.8829623172857718
  },
  "detailed_results": {
    "metadata": {
      "model_name": "MLP (Neural Network)",
      "hyperparams": {
        "hidden_layer_sizes": [
          150,
          50
        ],
        "activation": "tanh",
        "alpha": 0.1
      }
    },
    "test_accuracy": 0.6563088512241054,
    "test_f1": 0.6562958078100359,
    "test_precision": 0.6562859973531185,
    "test_recall": 0.6563088512241054,
    "train_accuracy": 0.8829623172857718,
    "train_f1": 0.8819780991631105,
    "train_precision": 0.8858861448901796,
    "train_recall": 0.8829623172857718
  },
  "test_accuracy": 0.6563088512241054,
  "train_accuracy": 0.8829623172857718,
  "worker_id": "worker_ecc35d5048a7d0329c01b5d361c4a9312f757a36a5992d51a793cbb3"
}