{
  "task_id": "KNN_22_7516",
  "model_name": "KNN",
  "fold_id": "22",
  "hyperparams": {
    "n_neighbors": 7,
    "weights": "uniform",
    "metric": "euclidean"
  },
  "test_results": {
    "accuracy": 0.5658291457286432,
    "f1": 0.51160648598152,
    "precision": 0.6040287642615868,
    "recall": 0.5658291457286432
  },
  "train_results": {
    "accuracy": 0.9264186889034636,
    "f1": 0.9264428346072519,
    "precision": 0.9264890006362138,
    "recall": 0.9264186889034636
  },
  "detailed_results": {
    "metadata": {
      "model_name": "KNN",
      "hyperparams": {
        "n_neighbors": 7,
        "weights": "uniform",
        "metric": "euclidean"
      }
    },
    "test_accuracy": 0.5658291457286432,
    "test_f1": 0.51160648598152,
    "test_precision": 0.6040287642615868,
    "test_recall": 0.5658291457286432,
    "train_accuracy": 0.9264186889034636,
    "train_f1": 0.9264428346072519,
    "train_precision": 0.9264890006362138,
    "train_recall": 0.9264186889034636
  },
  "test_accuracy": 0.5658291457286432,
  "train_accuracy": 0.9264186889034636,
  "worker_id": "worker_6899fb3747df32845309131254a28f98b2ed42f6e5f22d1c2017d7b4"
}