{
  "task_id": "XGBoost_45_4735",
  "model_name": "XGBoost",
  "fold_id": "45",
  "hyperparams": {
    "n_estimators": "100",
    "max_depth": "3",
    "learning_rate": "0.2",
    "subsample": "0.7"
  },
  "test_results": {
    "accuracy": 0.878286270691334,
    "f1": 0.8781522055141353,
    "precision": 0.8794243069508264,
    "recall": 0.878286270691334
  },
  "train_results": {
    "accuracy": 0.8757932910244787,
    "f1": 0.8754912665494563,
    "precision": 0.8759211939516695,
    "recall": 0.8757932910244787
  },
  "detailed_results": {
    "metadata": {
      "model_name": "XGBoost",
      "hyperparams": {
        "n_estimators": 100,
        "max_depth": 3,
        "learning_rate": 0.2,
        "subsample": 0.7
      }
    },
    "test_accuracy": 0.878286270691334,
    "test_f1": 0.8781522055141353,
    "test_precision": 0.8794243069508264,
    "test_recall": 0.878286270691334,
    "train_accuracy": 0.8757932910244787,
    "train_f1": 0.8754912665494563,
    "train_precision": 0.8759211939516695,
    "train_recall": 0.8757932910244787
  },
  "test_accuracy": 0.878286270691334,
  "train_accuracy": 0.8757932910244787,
  "worker_id": "worker_4e14dc46a08906fa60bdb891bcda8546f326d498cdbe43f8d26d67e5"
}