{
  "task_id": "MLP_(Neural_Network)_40_0881",
  "model_name": "MLP (Neural Network)",
  "fold_id": "40",
  "hyperparams": {
    "hidden_layer_sizes": [
      150,
      50
    ],
    "activation": "tanh",
    "alpha": "0.1"
  },
  "test_results": {
    "accuracy": 0.7685631629701061,
    "f1": 0.7647158461281203,
    "precision": 0.8315445186005086,
    "recall": 0.7685631629701061
  },
  "train_results": {
    "accuracy": 0.8653719861150202,
    "f1": 0.8646784410361799,
    "precision": 0.8663544686612336,
    "recall": 0.8653719861150202
  },
  "detailed_results": {
    "metadata": {
      "model_name": "MLP (Neural Network)",
      "hyperparams": {
        "hidden_layer_sizes": [
          150,
          50
        ],
        "activation": "tanh",
        "alpha": 0.1
      }
    },
    "test_accuracy": 0.7685631629701061,
    "test_f1": 0.7647158461281203,
    "test_precision": 0.8315445186005086,
    "test_recall": 0.7685631629701061,
    "train_accuracy": 0.8653719861150202,
    "train_f1": 0.8646784410361799,
    "train_precision": 0.8663544686612336,
    "train_recall": 0.8653719861150202
  },
  "test_accuracy": 0.7685631629701061,
  "train_accuracy": 0.8653719861150202,
  "worker_id": "worker_3c10fe8eb5d81f034c90caef0a289ec47dd9b6186ae43e3f10d19d0e"
}