{
  "task_id": "XGBoost_22_8809",
  "model_name": "XGBoost",
  "fold_id": "22",
  "hyperparams": {
    "n_estimators": "100",
    "max_depth": "6",
    "learning_rate": "0.2",
    "subsample": "0.7"
  },
  "test_results": {
    "accuracy": 0.7364746945898778,
    "f1": 0.7132325977652875,
    "precision": 0.8137644602209216,
    "recall": 0.7364746945898778
  },
  "train_results": {
    "accuracy": 0.9888602987322707,
    "f1": 0.9888522849693705,
    "precision": 0.9889405162414214,
    "recall": 0.9888602987322707
  },
  "detailed_results": {
    "metadata": {
      "model_name": "XGBoost",
      "hyperparams": {
        "n_estimators": 100,
        "max_depth": 6,
        "learning_rate": 0.2,
        "subsample": 0.7
      }
    },
    "test_accuracy": 0.7364746945898778,
    "test_f1": 0.7132325977652875,
    "test_precision": 0.8137644602209216,
    "test_recall": 0.7364746945898778,
    "train_accuracy": 0.9888602987322707,
    "train_f1": 0.9888522849693705,
    "train_precision": 0.9889405162414214,
    "train_recall": 0.9888602987322707
  },
  "test_accuracy": 0.7364746945898778,
  "train_accuracy": 0.9888602987322707,
  "worker_id": "worker_cff27a72e13536b632607d20ca54635e448248a7eb37caf3492ef698"
}