{
  "task_id": "KNN_29_3889",
  "model_name": "KNN",
  "fold_id": "29",
  "hyperparams": {
    "n_neighbors": 15,
    "weights": "uniform",
    "metric": "euclidean"
  },
  "test_results": {
    "accuracy": 0.8170377541142304,
    "f1": 0.8158978508505664,
    "precision": 0.8235504334361973,
    "recall": 0.8170377541142304
  },
  "train_results": {
    "accuracy": 0.8749257371564366,
    "f1": 0.8750220422748176,
    "precision": 0.8752492300840556,
    "recall": 0.8749257371564366
  },
  "detailed_results": {
    "metadata": {
      "model_name": "KNN",
      "hyperparams": {
        "n_neighbors": 15,
        "weights": "uniform",
        "metric": "euclidean"
      }
    },
    "test_accuracy": 0.8170377541142304,
    "test_f1": 0.8158978508505664,
    "test_precision": 0.8235504334361973,
    "test_recall": 0.8170377541142304,
    "train_accuracy": 0.8749257371564366,
    "train_f1": 0.8750220422748176,
    "train_precision": 0.8752492300840556,
    "train_recall": 0.8749257371564366
  },
  "test_accuracy": 0.8170377541142304,
  "train_accuracy": 0.8749257371564366,
  "worker_id": "worker_7874d60be3a9f4290f802c26f541466732c76c84c3c6362e98286dfd"
}