{
  "task_id": "KNN_1_1206",
  "model_name": "KNN",
  "fold_id": "1",
  "hyperparams": {
    "n_neighbors": 15,
    "weights": "uniform",
    "metric": "euclidean"
  },
  "test_results": {
    "accuracy": 0.6617405582922824,
    "f1": 0.6589847290617284,
    "precision": 0.6607163786822334,
    "recall": 0.6617405582922824
  },
  "train_results": {
    "accuracy": 0.8783075845039875,
    "f1": 0.8784139603922919,
    "precision": 0.8787005852690564,
    "recall": 0.8783075845039875
  },
  "detailed_results": {
    "metadata": {
      "model_name": "KNN",
      "hyperparams": {
        "n_neighbors": 15,
        "weights": "uniform",
        "metric": "euclidean"
      }
    },
    "test_accuracy": 0.6617405582922824,
    "test_f1": 0.6589847290617284,
    "test_precision": 0.6607163786822334,
    "test_recall": 0.6617405582922824,
    "train_accuracy": 0.8783075845039875,
    "train_f1": 0.8784139603922919,
    "train_precision": 0.8787005852690564,
    "train_recall": 0.8783075845039875
  },
  "test_accuracy": 0.6617405582922824,
  "train_accuracy": 0.8783075845039875,
  "worker_id": "worker_ecc35d5048a7d0329c01b5d361c4a9312f757a36a5992d51a793cbb3"
}