{
  "task_id": "MLP_(Neural_Network)_19_7568",
  "model_name": "MLP (Neural Network)",
  "fold_id": "19",
  "hyperparams": {
    "hidden_layer_sizes": [
      200,
      100,
      50
    ],
    "activation": "tanh",
    "alpha": "0.1"
  },
  "test_results": {
    "accuracy": 0.5650239561943874,
    "f1": 0.548058185068578,
    "precision": 0.6098677891836985,
    "recall": 0.5650239561943874
  },
  "train_results": {
    "accuracy": 0.8814967433204839,
    "f1": 0.8803696218621538,
    "precision": 0.8847967408718073,
    "recall": 0.8814967433204839
  },
  "detailed_results": {
    "metadata": {
      "model_name": "MLP (Neural Network)",
      "hyperparams": {
        "hidden_layer_sizes": [
          200,
          100,
          50
        ],
        "activation": "tanh",
        "alpha": 0.1
      }
    },
    "test_accuracy": 0.5650239561943874,
    "test_f1": 0.548058185068578,
    "test_precision": 0.6098677891836985,
    "test_recall": 0.5650239561943874,
    "train_accuracy": 0.8814967433204839,
    "train_f1": 0.8803696218621538,
    "train_precision": 0.8847967408718073,
    "train_recall": 0.8814967433204839
  },
  "test_accuracy": 0.5650239561943874,
  "train_accuracy": 0.8814967433204839,
  "worker_id": "worker_ebea981974a2f1b92e2ad91148e909e737ad2fd911d48b943d0aaafc"
}