{
  "task_id": "KNN_8_9172",
  "model_name": "KNN",
  "fold_id": "8",
  "hyperparams": {
    "n_neighbors": 15,
    "weights": "uniform",
    "metric": "euclidean"
  },
  "test_results": {
    "accuracy": 0.5636655948553054,
    "f1": 0.4679984853277679,
    "precision": 0.6863824252142039,
    "recall": 0.5636655948553054
  },
  "train_results": {
    "accuracy": 0.9134563937934724,
    "f1": 0.9134107375424899,
    "precision": 0.9134055706518904,
    "recall": 0.9134563937934724
  },
  "detailed_results": {
    "metadata": {
      "model_name": "KNN",
      "hyperparams": {
        "n_neighbors": 15,
        "weights": "uniform",
        "metric": "euclidean"
      }
    },
    "test_accuracy": 0.5636655948553054,
    "test_f1": 0.4679984853277679,
    "test_precision": 0.6863824252142039,
    "test_recall": 0.5636655948553054,
    "train_accuracy": 0.9134563937934724,
    "train_f1": 0.9134107375424899,
    "train_precision": 0.9134055706518904,
    "train_recall": 0.9134563937934724
  },
  "test_accuracy": 0.5636655948553054,
  "train_accuracy": 0.9134563937934724,
  "worker_id": "worker_bde904f64e4c0d756e7f802df2b82cd1178841ef8cc503c9c17841d6"
}