{
  "task_id": "XGBoost_21_3537",
  "model_name": "XGBoost",
  "fold_id": "21",
  "hyperparams": {
    "n_estimators": "100",
    "max_depth": "9",
    "learning_rate": "0.2",
    "subsample": "0.7"
  },
  "test_results": {
    "accuracy": 0.7180779569892473,
    "f1": 0.7174737894310229,
    "precision": 0.7181036812586472,
    "recall": 0.7180779569892473
  },
  "train_results": {
    "accuracy": 0.9999667088354751,
    "f1": 0.999966708724012,
    "precision": 0.9999667108512889,
    "recall": 0.9999667088354751
  },
  "detailed_results": {
    "metadata": {
      "model_name": "XGBoost",
      "hyperparams": {
        "n_estimators": 100,
        "max_depth": 9,
        "learning_rate": 0.2,
        "subsample": 0.7
      }
    },
    "test_accuracy": 0.7180779569892473,
    "test_f1": 0.7174737894310229,
    "test_precision": 0.7181036812586472,
    "test_recall": 0.7180779569892473,
    "train_accuracy": 0.9999667088354751,
    "train_f1": 0.999966708724012,
    "train_precision": 0.9999667108512889,
    "train_recall": 0.9999667088354751
  },
  "test_accuracy": 0.7180779569892473,
  "train_accuracy": 0.9999667088354751,
  "worker_id": "worker_bae6badfd14ba782d03ebf68e1412519298cc537db7192a4cbdf28c3"
}