{
  "task_id": "KNN_6_1930",
  "model_name": "KNN",
  "fold_id": "6",
  "hyperparams": {
    "n_neighbors": 7,
    "weights": "uniform",
    "metric": "euclidean"
  },
  "test_results": {
    "accuracy": 0.650200267022697,
    "f1": 0.65091659548945,
    "precision": 0.6563293685028416,
    "recall": 0.650200267022697
  },
  "train_results": {
    "accuracy": 0.8923978945965754,
    "f1": 0.8922947809621472,
    "precision": 0.8923015484738654,
    "recall": 0.8923978945965754
  },
  "detailed_results": {
    "metadata": {
      "model_name": "KNN",
      "hyperparams": {
        "n_neighbors": 7,
        "weights": "uniform",
        "metric": "euclidean"
      }
    },
    "test_accuracy": 0.650200267022697,
    "test_f1": 0.65091659548945,
    "test_precision": 0.6563293685028416,
    "test_recall": 0.650200267022697,
    "train_accuracy": 0.8923978945965754,
    "train_f1": 0.8922947809621472,
    "train_precision": 0.8923015484738654,
    "train_recall": 0.8923978945965754
  },
  "test_accuracy": 0.650200267022697,
  "train_accuracy": 0.8923978945965754,
  "worker_id": "worker_84500852f2197d11bd09f664d4d6cbecce295620b6659cb1f10cac9a"
}