{
  "task_id": "XGBoost_6_9435",
  "model_name": "XGBoost",
  "fold_id": "6",
  "hyperparams": {
    "n_estimators": "100",
    "max_depth": "9",
    "learning_rate": "0.2",
    "subsample": "0.7"
  },
  "test_results": {
    "accuracy": 0.4719626168224299,
    "f1": 0.44322003658662873,
    "precision": 0.496390373067572,
    "recall": 0.47196261682242985
  },
  "train_results": {
    "accuracy": 0.9999000599640215,
    "f1": 0.9999000595816764,
    "precision": 0.9999000614475725,
    "recall": 0.9999000599640215
  },
  "detailed_results": {
    "metadata": {
      "model_name": "XGBoost",
      "hyperparams": {
        "n_estimators": 100,
        "max_depth": 9,
        "learning_rate": 0.2,
        "subsample": 0.7
      }
    },
    "test_accuracy": 0.4719626168224299,
    "test_f1": 0.44322003658662873,
    "test_precision": 0.496390373067572,
    "test_recall": 0.47196261682242985,
    "train_accuracy": 0.9999000599640215,
    "train_f1": 0.9999000595816764,
    "train_precision": 0.9999000614475725,
    "train_recall": 0.9999000599640215
  },
  "test_accuracy": 0.4719626168224299,
  "train_accuracy": 0.9999000599640215,
  "worker_id": "worker_adca1530e722911fd9bd4f354294dd4dbd43f1dead4136ba6e8f4fbf"
}