{
  "task_id": "XGBoost_0_4824",
  "model_name": "XGBoost",
  "fold_id": "0",
  "hyperparams": {
    "n_estimators": "100",
    "max_depth": "9",
    "learning_rate": "0.2",
    "subsample": "0.7"
  },
  "test_results": {
    "accuracy": 0.8965466783728416,
    "f1": 0.8968205460493136,
    "precision": 0.8982052307848709,
    "recall": 0.8965466783728416
  },
  "train_results": {
    "accuracy": 1.0,
    "f1": 1.0,
    "precision": 1.0,
    "recall": 1.0
  },
  "detailed_results": {
    "metadata": {
      "model_name": "XGBoost",
      "hyperparams": {
        "n_estimators": 100,
        "max_depth": 9,
        "learning_rate": 0.2,
        "subsample": 0.7
      }
    },
    "test_accuracy": 0.8965466783728416,
    "test_f1": 0.8968205460493136,
    "test_precision": 0.8982052307848709,
    "test_recall": 0.8965466783728416,
    "train_accuracy": 1.0,
    "train_f1": 1.0,
    "train_precision": 1.0,
    "train_recall": 1.0
  },
  "test_accuracy": 0.8965466783728416,
  "train_accuracy": 1.0,
  "worker_id": "worker_206554e061cf21c2c265d6881c1465f991ac71f602f53f62f2113c21"
}