{
  "task_id": "KNN_39_3889",
  "model_name": "KNN",
  "fold_id": "39",
  "hyperparams": {
    "n_neighbors": 15,
    "weights": "uniform",
    "metric": "euclidean"
  },
  "test_results": {
    "accuracy": 0.8198992443324937,
    "f1": 0.8136030790922671,
    "precision": 0.8116993636758847,
    "recall": 0.8198992443324937
  },
  "train_results": {
    "accuracy": 0.8737430167597765,
    "f1": 0.8738526082541775,
    "precision": 0.8740911519399338,
    "recall": 0.8737430167597765
  },
  "detailed_results": {
    "metadata": {
      "model_name": "KNN",
      "hyperparams": {
        "n_neighbors": 15,
        "weights": "uniform",
        "metric": "euclidean"
      }
    },
    "test_accuracy": 0.8198992443324937,
    "test_f1": 0.8136030790922671,
    "test_precision": 0.8116993636758847,
    "test_recall": 0.8198992443324937,
    "train_accuracy": 0.8737430167597765,
    "train_f1": 0.8738526082541775,
    "train_precision": 0.8740911519399338,
    "train_recall": 0.8737430167597765
  },
  "test_accuracy": 0.8198992443324937,
  "train_accuracy": 0.8737430167597765,
  "worker_id": "worker_2133e29c8723635bd9298cfda032abadbe950815b21b183a372a762b"
}