{
  "task_id": "XGBoost_44_7132",
  "model_name": "XGBoost",
  "fold_id": "44",
  "hyperparams": {
    "n_estimators": "100",
    "max_depth": "3",
    "learning_rate": "0.2",
    "subsample": "0.7"
  },
  "test_results": {
    "accuracy": 0.8143040410519564,
    "f1": 0.8140716988681158,
    "precision": 0.8172812195979366,
    "recall": 0.8143040410519564
  },
  "train_results": {
    "accuracy": 0.9157746855766657,
    "f1": 0.9154479584978441,
    "precision": 0.9166222330982371,
    "recall": 0.9157746855766657
  },
  "detailed_results": {
    "metadata": {
      "model_name": "XGBoost",
      "hyperparams": {
        "n_estimators": 100,
        "max_depth": 3,
        "learning_rate": 0.2,
        "subsample": 0.7
      }
    },
    "test_accuracy": 0.8143040410519564,
    "test_f1": 0.8140716988681158,
    "test_precision": 0.8172812195979366,
    "test_recall": 0.8143040410519564,
    "train_accuracy": 0.9157746855766657,
    "train_f1": 0.9154479584978441,
    "train_precision": 0.9166222330982371,
    "train_recall": 0.9157746855766657
  },
  "test_accuracy": 0.8143040410519564,
  "train_accuracy": 0.9157746855766657,
  "worker_id": "worker_27e54f823c9bb48d43c3d368463a128b1304743ff7f12ca393413e91"
}