{
  "task_id": "XGBoost_1_8809",
  "model_name": "XGBoost",
  "fold_id": "1",
  "hyperparams": {
    "n_estimators": "100",
    "max_depth": "6",
    "learning_rate": "0.2",
    "subsample": "0.7"
  },
  "test_results": {
    "accuracy": 0.41622198505869795,
    "f1": 0.3011073666548273,
    "precision": 0.38443277089305505,
    "recall": 0.41622198505869795
  },
  "train_results": {
    "accuracy": 0.9856283318265424,
    "f1": 0.9856171278865665,
    "precision": 0.985707703619956,
    "recall": 0.9856283318265424
  },
  "detailed_results": {
    "metadata": {
      "model_name": "XGBoost",
      "hyperparams": {
        "n_estimators": 100,
        "max_depth": 6,
        "learning_rate": 0.2,
        "subsample": 0.7
      }
    },
    "test_accuracy": 0.41622198505869795,
    "test_f1": 0.3011073666548273,
    "test_precision": 0.38443277089305505,
    "test_recall": 0.41622198505869795,
    "train_accuracy": 0.9856283318265424,
    "train_f1": 0.9856171278865665,
    "train_precision": 0.985707703619956,
    "train_recall": 0.9856283318265424
  },
  "test_accuracy": 0.41622198505869795,
  "train_accuracy": 0.9856283318265424,
  "worker_id": "worker_1f931e89dccf62c51aca4340049f58c90698ccc25c3f03eb738c7897"
}