{
  "task_id": "XGBoost_7_1433",
  "model_name": "XGBoost",
  "fold_id": "7",
  "hyperparams": {
    "n_estimators": "100",
    "max_depth": "3",
    "learning_rate": "0.2",
    "subsample": "0.7"
  },
  "test_results": {
    "accuracy": 0.5518543956043956,
    "f1": 0.47149021965285864,
    "precision": 0.7731169475522243,
    "recall": 0.5518543956043956
  },
  "train_results": {
    "accuracy": 0.8825327220782673,
    "f1": 0.8820343859963364,
    "precision": 0.8830807681681052,
    "recall": 0.8825327220782673
  },
  "detailed_results": {
    "metadata": {
      "model_name": "XGBoost",
      "hyperparams": {
        "n_estimators": 100,
        "max_depth": 3,
        "learning_rate": 0.2,
        "subsample": 0.7
      }
    },
    "test_accuracy": 0.5518543956043956,
    "test_f1": 0.47149021965285864,
    "test_precision": 0.7731169475522243,
    "test_recall": 0.5518543956043956,
    "train_accuracy": 0.8825327220782673,
    "train_f1": 0.8820343859963364,
    "train_precision": 0.8830807681681052,
    "train_recall": 0.8825327220782673
  },
  "test_accuracy": 0.5518543956043956,
  "train_accuracy": 0.8825327220782673,
  "worker_id": "worker_ea7e3c5fbba6eb0ed8d7587103fd206efaf46c2c3872111765b5d30b"
}