{
  "task_id": "MLP_(Neural_Network)_5_6879",
  "model_name": "MLP (Neural Network)",
  "fold_id": "5",
  "hyperparams": {
    "hidden_layer_sizes": [
      150,
      50
    ],
    "activation": "tanh",
    "alpha": "0.1"
  },
  "test_results": {
    "accuracy": 0.5485372340425532,
    "f1": 0.5288448439942351,
    "precision": 0.5584618200208707,
    "recall": 0.5485372340425532
  },
  "train_results": {
    "accuracy": 0.8750249950009998,
    "f1": 0.8746385032498095,
    "precision": 0.8752609725195503,
    "recall": 0.8750249950009998
  },
  "detailed_results": {
    "metadata": {
      "model_name": "MLP (Neural Network)",
      "hyperparams": {
        "hidden_layer_sizes": [
          150,
          50
        ],
        "activation": "tanh",
        "alpha": 0.1
      }
    },
    "test_accuracy": 0.5485372340425532,
    "test_f1": 0.5288448439942351,
    "test_precision": 0.5584618200208707,
    "test_recall": 0.5485372340425532,
    "train_accuracy": 0.8750249950009998,
    "train_f1": 0.8746385032498095,
    "train_precision": 0.8752609725195503,
    "train_recall": 0.8750249950009998
  },
  "test_accuracy": 0.5485372340425532,
  "train_accuracy": 0.8750249950009998,
  "worker_id": "worker_3f7899d9b66214a04de4b7102bd441429c2717e05127c566b3eb9ea5"
}