{
  "task_id": "XGBoost_22_6531",
  "model_name": "XGBoost",
  "fold_id": "22",
  "hyperparams": {
    "n_estimators": "100",
    "max_depth": "3",
    "learning_rate": "0.2",
    "subsample": "0.7"
  },
  "test_results": {
    "accuracy": 0.504725897920605,
    "f1": 0.34342520192506953,
    "precision": 0.5951290478408123,
    "recall": 0.504725897920605
  },
  "train_results": {
    "accuracy": 0.893632707774799,
    "f1": 0.8933839897426461,
    "precision": 0.8937750723431063,
    "recall": 0.893632707774799
  },
  "detailed_results": {
    "metadata": {
      "model_name": "XGBoost",
      "hyperparams": {
        "n_estimators": 100,
        "max_depth": 3,
        "learning_rate": 0.2,
        "subsample": 0.7
      }
    },
    "test_accuracy": 0.504725897920605,
    "test_f1": 0.34342520192506953,
    "test_precision": 0.5951290478408123,
    "test_recall": 0.504725897920605,
    "train_accuracy": 0.893632707774799,
    "train_f1": 0.8933839897426461,
    "train_precision": 0.8937750723431063,
    "train_recall": 0.893632707774799
  },
  "test_accuracy": 0.504725897920605,
  "train_accuracy": 0.893632707774799,
  "worker_id": "worker_bde904f64e4c0d756e7f802df2b82cd1178841ef8cc503c9c17841d6"
}