{
  "task_id": "XGBoost_27_7132",
  "model_name": "XGBoost",
  "fold_id": "27",
  "hyperparams": {
    "n_estimators": "100",
    "max_depth": "3",
    "learning_rate": "0.2",
    "subsample": "0.7"
  },
  "test_results": {
    "accuracy": 0.7444185271576141,
    "f1": 0.7428313161188096,
    "precision": 0.762373364087171,
    "recall": 0.7444185271576141
  },
  "train_results": {
    "accuracy": 0.8975110785326359,
    "f1": 0.89699852149028,
    "precision": 0.8986073026114433,
    "recall": 0.8975110785326359
  },
  "detailed_results": {
    "metadata": {
      "model_name": "XGBoost",
      "hyperparams": {
        "n_estimators": 100,
        "max_depth": 3,
        "learning_rate": 0.2,
        "subsample": 0.7
      }
    },
    "test_accuracy": 0.7444185271576141,
    "test_f1": 0.7428313161188096,
    "test_precision": 0.762373364087171,
    "test_recall": 0.7444185271576141,
    "train_accuracy": 0.8975110785326359,
    "train_f1": 0.89699852149028,
    "train_precision": 0.8986073026114433,
    "train_recall": 0.8975110785326359
  },
  "test_accuracy": 0.7444185271576141,
  "train_accuracy": 0.8975110785326359,
  "worker_id": "worker_61908f5ba8c832c1827709bbdcfe77ca1725b5d1adf4cc648dcd4604"
}