{
  "task_id": "XGBoost_17_8809",
  "model_name": "XGBoost",
  "fold_id": "17",
  "hyperparams": {
    "n_estimators": "100",
    "max_depth": "6",
    "learning_rate": "0.2",
    "subsample": "0.7"
  },
  "test_results": {
    "accuracy": 0.8963414634146342,
    "f1": 0.8961828597763449,
    "precision": 0.9018097961749365,
    "recall": 0.8963414634146342
  },
  "train_results": {
    "accuracy": 0.9850310675955564,
    "f1": 0.9850194093068827,
    "precision": 0.9851125896947851,
    "recall": 0.9850310675955564
  },
  "detailed_results": {
    "metadata": {
      "model_name": "XGBoost",
      "hyperparams": {
        "n_estimators": 100,
        "max_depth": 6,
        "learning_rate": 0.2,
        "subsample": 0.7
      }
    },
    "test_accuracy": 0.8963414634146342,
    "test_f1": 0.8961828597763449,
    "test_precision": 0.9018097961749365,
    "test_recall": 0.8963414634146342,
    "train_accuracy": 0.9850310675955564,
    "train_f1": 0.9850194093068827,
    "train_precision": 0.9851125896947851,
    "train_recall": 0.9850310675955564
  },
  "test_accuracy": 0.8963414634146342,
  "train_accuracy": 0.9850310675955564,
  "worker_id": "worker_c2d95da0a2c3bec96323a150f23186f1eafcdb6f4cd2346299c36665"
}