{
  "task_id": "MLP_(Neural_Network)_10_6123",
  "model_name": "MLP (Neural Network)",
  "fold_id": "10",
  "hyperparams": {
    "hidden_layer_sizes": [
      100
    ],
    "activation": "tanh",
    "alpha": "0.1"
  },
  "test_results": {
    "accuracy": 0.8429807052561543,
    "f1": 0.8425862866612754,
    "precision": 0.8559745140187197,
    "recall": 0.8429807052561543
  },
  "train_results": {
    "accuracy": 0.8108171154358838,
    "f1": 0.8107105778542785,
    "precision": 0.8106422095930238,
    "recall": 0.8108171154358838
  },
  "detailed_results": {
    "metadata": {
      "model_name": "MLP (Neural Network)",
      "hyperparams": {
        "hidden_layer_sizes": [
          100
        ],
        "activation": "tanh",
        "alpha": 0.1
      }
    },
    "test_accuracy": 0.8429807052561543,
    "test_f1": 0.8425862866612754,
    "test_precision": 0.8559745140187197,
    "test_recall": 0.8429807052561543,
    "train_accuracy": 0.8108171154358838,
    "train_f1": 0.8107105778542785,
    "train_precision": 0.8106422095930238,
    "train_recall": 0.8108171154358838
  },
  "test_accuracy": 0.8429807052561543,
  "train_accuracy": 0.8108171154358838,
  "worker_id": "worker_d843c3c8b96c011cad52e00c2a6013b8c27328d4e7c3484ccba65137"
}