{
  "task_id": "KNN_0_3889",
  "model_name": "KNN",
  "fold_id": "0",
  "hyperparams": {
    "n_neighbors": 15,
    "weights": "uniform",
    "metric": "euclidean"
  },
  "test_results": {
    "accuracy": 0.7738853503184714,
    "f1": 0.7720681764372682,
    "precision": 0.7735673413914473,
    "recall": 0.7738853503184714
  },
  "train_results": {
    "accuracy": 0.8688575704664505,
    "f1": 0.8690114807155066,
    "precision": 0.8694730121992426,
    "recall": 0.8688575704664505
  },
  "detailed_results": {
    "metadata": {
      "model_name": "KNN",
      "hyperparams": {
        "n_neighbors": 15,
        "weights": "uniform",
        "metric": "euclidean"
      }
    },
    "test_accuracy": 0.7738853503184714,
    "test_f1": 0.7720681764372682,
    "test_precision": 0.7735673413914473,
    "test_recall": 0.7738853503184714,
    "train_accuracy": 0.8688575704664505,
    "train_f1": 0.8690114807155066,
    "train_precision": 0.8694730121992426,
    "train_recall": 0.8688575704664505
  },
  "test_accuracy": 0.7738853503184714,
  "train_accuracy": 0.8688575704664505,
  "worker_id": "worker_8e3b7aba955679dbbc0bccd5189b066b2f4a415d919b99e64f4483dd"
}