{
  "task_id": "XGBoost_29_5417",
  "model_name": "XGBoost",
  "fold_id": "29",
  "hyperparams": {
    "n_estimators": "100",
    "max_depth": "6",
    "learning_rate": "0.2",
    "subsample": "0.7"
  },
  "test_results": {
    "accuracy": 0.7562366357804704,
    "f1": 0.75445512916321,
    "precision": 0.7861215464117142,
    "recall": 0.7562366357804704
  },
  "train_results": {
    "accuracy": 0.9843087923728814,
    "f1": 0.984296929443015,
    "precision": 0.9843641415906417,
    "recall": 0.9843087923728814
  },
  "detailed_results": {
    "metadata": {
      "model_name": "XGBoost",
      "hyperparams": {
        "n_estimators": 100,
        "max_depth": 6,
        "learning_rate": 0.2,
        "subsample": 0.7
      }
    },
    "test_accuracy": 0.7562366357804704,
    "test_f1": 0.75445512916321,
    "test_precision": 0.7861215464117142,
    "test_recall": 0.7562366357804704,
    "train_accuracy": 0.9843087923728814,
    "train_f1": 0.984296929443015,
    "train_precision": 0.9843641415906417,
    "train_recall": 0.9843087923728814
  },
  "test_accuracy": 0.7562366357804704,
  "train_accuracy": 0.9843087923728814,
  "worker_id": "worker_99b7b4b5545a2b5e8e89ea7ac9314cfa4171d0e4a2ba7031f327a732"
}