{
  "task_id": "MLP_(Neural_Network)_48_0811",
  "model_name": "MLP (Neural Network)",
  "fold_id": "48",
  "hyperparams": {
    "hidden_layer_sizes": [
      100
    ],
    "activation": "tanh",
    "alpha": "0.1"
  },
  "test_results": {
    "accuracy": 0.8569915254237288,
    "f1": 0.8557023850767974,
    "precision": 0.8846199024917508,
    "recall": 0.8569915254237288
  },
  "train_results": {
    "accuracy": 0.8185531649516682,
    "f1": 0.8181733698106882,
    "precision": 0.818311295233932,
    "recall": 0.8185531649516682
  },
  "detailed_results": {
    "metadata": {
      "model_name": "MLP (Neural Network)",
      "hyperparams": {
        "hidden_layer_sizes": [
          100
        ],
        "activation": "tanh",
        "alpha": 0.1
      }
    },
    "test_accuracy": 0.8569915254237288,
    "test_f1": 0.8557023850767974,
    "test_precision": 0.8846199024917508,
    "test_recall": 0.8569915254237288,
    "train_accuracy": 0.8185531649516682,
    "train_f1": 0.8181733698106882,
    "train_precision": 0.818311295233932,
    "train_recall": 0.8185531649516682
  },
  "test_accuracy": 0.8569915254237288,
  "train_accuracy": 0.8185531649516682,
  "worker_id": "worker_7c1a9ac101439b0bd5e960aa8e089f97d8a9785aa104d24c6dda16d3"
}