{
  "task_id": "KNN_39_9928",
  "model_name": "KNN",
  "fold_id": "39",
  "hyperparams": {
    "n_neighbors": 7,
    "weights": "uniform",
    "metric": "euclidean"
  },
  "test_results": {
    "accuracy": 0.628383067314365,
    "f1": 0.6275725675795233,
    "precision": 0.6270682738551355,
    "recall": 0.628383067314365
  },
  "train_results": {
    "accuracy": 0.8864330280100889,
    "f1": 0.8864798405397398,
    "precision": 0.8865504821333922,
    "recall": 0.8864330280100889
  },
  "detailed_results": {
    "metadata": {
      "model_name": "KNN",
      "hyperparams": {
        "n_neighbors": 7,
        "weights": "uniform",
        "metric": "euclidean"
      }
    },
    "test_accuracy": 0.628383067314365,
    "test_f1": 0.6275725675795233,
    "test_precision": 0.6270682738551355,
    "test_recall": 0.628383067314365,
    "train_accuracy": 0.8864330280100889,
    "train_f1": 0.8864798405397398,
    "train_precision": 0.8865504821333922,
    "train_recall": 0.8864330280100889
  },
  "test_accuracy": 0.628383067314365,
  "train_accuracy": 0.8864330280100889,
  "worker_id": "worker_d843c3c8b96c011cad52e00c2a6013b8c27328d4e7c3484ccba65137"
}