{
  "task_id": "KNN_9_1930",
  "model_name": "KNN",
  "fold_id": "9",
  "hyperparams": {
    "n_neighbors": 7,
    "weights": "uniform",
    "metric": "euclidean"
  },
  "test_results": {
    "accuracy": 0.6933693369336934,
    "f1": 0.6929828628046073,
    "precision": 0.6945852177557016,
    "recall": 0.6933693369336934
  },
  "train_results": {
    "accuracy": 0.8920858461642128,
    "f1": 0.8920916430234779,
    "precision": 0.8920978993645969,
    "recall": 0.8920858461642128
  },
  "detailed_results": {
    "metadata": {
      "model_name": "KNN",
      "hyperparams": {
        "n_neighbors": 7,
        "weights": "uniform",
        "metric": "euclidean"
      }
    },
    "test_accuracy": 0.6933693369336934,
    "test_f1": 0.6929828628046073,
    "test_precision": 0.6945852177557016,
    "test_recall": 0.6933693369336934,
    "train_accuracy": 0.8920858461642128,
    "train_f1": 0.8920916430234779,
    "train_precision": 0.8920978993645969,
    "train_recall": 0.8920858461642128
  },
  "test_accuracy": 0.6933693369336934,
  "train_accuracy": 0.8920858461642128,
  "worker_id": "worker_f68842e549d193a9827ece415e3d23f7233eb8d8d51b9086dedbd843"
}