{
  "task_id": "XGBoost_40_5417",
  "model_name": "XGBoost",
  "fold_id": "40",
  "hyperparams": {
    "n_estimators": "100",
    "max_depth": "6",
    "learning_rate": "0.2",
    "subsample": "0.7"
  },
  "test_results": {
    "accuracy": 0.7962382445141066,
    "f1": 0.7957949876832303,
    "precision": 0.7999082756401552,
    "recall": 0.7962382445141066
  },
  "train_results": {
    "accuracy": 0.985481491416309,
    "f1": 0.9854696689221367,
    "precision": 0.9855636192240067,
    "recall": 0.985481491416309
  },
  "detailed_results": {
    "metadata": {
      "model_name": "XGBoost",
      "hyperparams": {
        "n_estimators": 100,
        "max_depth": 6,
        "learning_rate": 0.2,
        "subsample": 0.7
      }
    },
    "test_accuracy": 0.7962382445141066,
    "test_f1": 0.7957949876832303,
    "test_precision": 0.7999082756401552,
    "test_recall": 0.7962382445141066,
    "train_accuracy": 0.985481491416309,
    "train_f1": 0.9854696689221367,
    "train_precision": 0.9855636192240067,
    "train_recall": 0.985481491416309
  },
  "test_accuracy": 0.7962382445141066,
  "train_accuracy": 0.985481491416309,
  "worker_id": "worker_fb8bafe384dfa26c38d7901ecffac07da6f8890578641bf4d3dd6011"
}