{
  "task_id": "XGBoost_42_6531",
  "model_name": "XGBoost",
  "fold_id": "42",
  "hyperparams": {
    "n_estimators": "100",
    "max_depth": "3",
    "learning_rate": "0.2",
    "subsample": "0.7"
  },
  "test_results": {
    "accuracy": 0.4781227946365561,
    "f1": 0.4672429601028654,
    "precision": 0.4924883700503163,
    "recall": 0.4781227946365561
  },
  "train_results": {
    "accuracy": 0.8921139827700464,
    "f1": 0.8917579465418074,
    "precision": 0.8924502111786754,
    "recall": 0.8921139827700464
  },
  "detailed_results": {
    "metadata": {
      "model_name": "XGBoost",
      "hyperparams": {
        "n_estimators": 100,
        "max_depth": 3,
        "learning_rate": 0.2,
        "subsample": 0.7
      }
    },
    "test_accuracy": 0.4781227946365561,
    "test_f1": 0.4672429601028654,
    "test_precision": 0.4924883700503163,
    "test_recall": 0.4781227946365561,
    "train_accuracy": 0.8921139827700464,
    "train_f1": 0.8917579465418074,
    "train_precision": 0.8924502111786754,
    "train_recall": 0.8921139827700464
  },
  "test_accuracy": 0.4781227946365561,
  "train_accuracy": 0.8921139827700464,
  "worker_id": "worker_bde904f64e4c0d756e7f802df2b82cd1178841ef8cc503c9c17841d6"
}