{
  "task_id": "XGBoost_0_0870",
  "model_name": "XGBoost",
  "fold_id": "0",
  "hyperparams": {
    "n_estimators": "100",
    "max_depth": "9",
    "learning_rate": "0.2",
    "subsample": "0.7"
  },
  "test_results": {
    "accuracy": 0.9493707930933567,
    "f1": 0.949297147669392,
    "precision": 0.9495722022246279,
    "recall": 0.9493707930933567
  },
  "train_results": {
    "accuracy": 0.9998897464167585,
    "f1": 0.9998897452743516,
    "precision": 0.9998897686542704,
    "recall": 0.9998897464167585
  },
  "detailed_results": {
    "metadata": {
      "model_name": "XGBoost",
      "hyperparams": {
        "n_estimators": 100,
        "max_depth": 9,
        "learning_rate": 0.2,
        "subsample": 0.7
      }
    },
    "test_accuracy": 0.9493707930933567,
    "test_f1": 0.949297147669392,
    "test_precision": 0.9495722022246279,
    "test_recall": 0.9493707930933567,
    "train_accuracy": 0.9998897464167585,
    "train_f1": 0.9998897452743516,
    "train_precision": 0.9998897686542704,
    "train_recall": 0.9998897464167585
  },
  "test_accuracy": 0.9493707930933567,
  "train_accuracy": 0.9998897464167585,
  "worker_id": "worker_403bbcbe9fa0af70f11538b7a70cb7032229a11e10cfe4cf692ec246"
}