{
  "task_id": "KNN_45_2825",
  "model_name": "KNN",
  "fold_id": "45",
  "hyperparams": {
    "n_neighbors": 1,
    "weights": "uniform",
    "metric": "euclidean"
  },
  "test_results": {
    "accuracy": 0.6950657894736842,
    "f1": 0.6916288571597298,
    "precision": 0.7066836680555368,
    "recall": 0.6950657894736842
  },
  "train_results": {
    "accuracy": 1.0,
    "f1": 1.0,
    "precision": 1.0,
    "recall": 1.0
  },
  "detailed_results": {
    "metadata": {
      "model_name": "KNN",
      "hyperparams": {
        "n_neighbors": 1,
        "weights": "uniform",
        "metric": "euclidean"
      }
    },
    "test_accuracy": 0.6950657894736842,
    "test_f1": 0.6916288571597298,
    "test_precision": 0.7066836680555368,
    "test_recall": 0.6950657894736842,
    "train_accuracy": 1.0,
    "train_f1": 1.0,
    "train_precision": 1.0,
    "train_recall": 1.0
  },
  "test_accuracy": 0.6950657894736842,
  "train_accuracy": 1.0,
  "worker_id": "worker_e889c56c83aca361944eb9e883b9c05023512a8082e2a7391ad70920"
}