{
  "task_id": "XGBoost_47_3537",
  "model_name": "XGBoost",
  "fold_id": "47",
  "hyperparams": {
    "n_estimators": "100",
    "max_depth": "9",
    "learning_rate": "0.2",
    "subsample": "0.7"
  },
  "test_results": {
    "accuracy": 0.6369085173501577,
    "f1": 0.6337953982722797,
    "precision": 0.6485840338799781,
    "recall": 0.6369085173501577
  },
  "train_results": {
    "accuracy": 1.0,
    "f1": 1.0,
    "precision": 1.0,
    "recall": 1.0
  },
  "detailed_results": {
    "metadata": {
      "model_name": "XGBoost",
      "hyperparams": {
        "n_estimators": 100,
        "max_depth": 9,
        "learning_rate": 0.2,
        "subsample": 0.7
      }
    },
    "test_accuracy": 0.6369085173501577,
    "test_f1": 0.6337953982722797,
    "test_precision": 0.6485840338799781,
    "test_recall": 0.6369085173501577,
    "train_accuracy": 1.0,
    "train_f1": 1.0,
    "train_precision": 1.0,
    "train_recall": 1.0
  },
  "test_accuracy": 0.6369085173501577,
  "train_accuracy": 1.0,
  "worker_id": "worker_4b31da931604c440b4a855a9d6337ba8fd0192dc71a1ce94219e86c0"
}