{
  "task_id": "MLP_(Neural_Network)_40_5240",
  "model_name": "MLP (Neural Network)",
  "fold_id": "40",
  "hyperparams": {
    "hidden_layer_sizes": [
      200,
      100,
      50
    ],
    "activation": "tanh",
    "alpha": "0.1"
  },
  "test_results": {
    "accuracy": 0.733847637415622,
    "f1": 0.7269416022742928,
    "precision": 0.8105460929814925,
    "recall": 0.733847637415622
  },
  "train_results": {
    "accuracy": 0.9115614347812491,
    "f1": 0.9115399212944458,
    "precision": 0.9115282616699162,
    "recall": 0.9115614347812491
  },
  "detailed_results": {
    "metadata": {
      "model_name": "MLP (Neural Network)",
      "hyperparams": {
        "hidden_layer_sizes": [
          200,
          100,
          50
        ],
        "activation": "tanh",
        "alpha": 0.1
      }
    },
    "test_accuracy": 0.733847637415622,
    "test_f1": 0.7269416022742928,
    "test_precision": 0.8105460929814925,
    "test_recall": 0.733847637415622,
    "train_accuracy": 0.9115614347812491,
    "train_f1": 0.9115399212944458,
    "train_precision": 0.9115282616699162,
    "train_recall": 0.9115614347812491
  },
  "test_accuracy": 0.733847637415622,
  "train_accuracy": 0.9115614347812491,
  "worker_id": "worker_bc9ee1358e0239b7f40e573f574a3b1fa59f864bd25831c59cd39fda"
}