{
  "task_id": "XGBoost_8_6323",
  "model_name": "XGBoost",
  "fold_id": "8",
  "hyperparams": {
    "n_estimators": "100",
    "max_depth": "9",
    "learning_rate": "0.2",
    "subsample": "0.7"
  },
  "test_results": {
    "accuracy": 0.5653357531760436,
    "f1": 0.5329107004228617,
    "precision": 0.563574461595787,
    "recall": 0.5653357531760436
  },
  "train_results": {
    "accuracy": 0.9998433191276009,
    "f1": 0.9998433167652364,
    "precision": 0.9998433639447841,
    "recall": 0.9998433191276009
  },
  "detailed_results": {
    "metadata": {
      "model_name": "XGBoost",
      "hyperparams": {
        "n_estimators": 100,
        "max_depth": 9,
        "learning_rate": 0.2,
        "subsample": 0.7
      }
    },
    "test_accuracy": 0.5653357531760436,
    "test_f1": 0.5329107004228617,
    "test_precision": 0.563574461595787,
    "test_recall": 0.5653357531760436,
    "train_accuracy": 0.9998433191276009,
    "train_f1": 0.9998433167652364,
    "train_precision": 0.9998433639447841,
    "train_recall": 0.9998433191276009
  },
  "test_accuracy": 0.5653357531760436,
  "train_accuracy": 0.9998433191276009,
  "worker_id": "worker_65e19a6429e7aa385039e52f7b4f91f0633523cced4fb6eef449b5b6"
}