{
  "task_id": "XGBoost_12_4738",
  "model_name": "XGBoost",
  "fold_id": "12",
  "hyperparams": {
    "n_estimators": "100",
    "max_depth": "9",
    "learning_rate": "0.2",
    "subsample": "0.7"
  },
  "test_results": {
    "accuracy": 0.5230769230769231,
    "f1": 0.4244610665036876,
    "precision": 0.6004450632748394,
    "recall": 0.5230769230769231
  },
  "train_results": {
    "accuracy": 0.9999332420975333,
    "f1": 0.9999332420975333,
    "precision": 0.9999332420975333,
    "recall": 0.9999332420975333
  },
  "detailed_results": {
    "metadata": {
      "model_name": "XGBoost",
      "hyperparams": {
        "n_estimators": 100,
        "max_depth": 9,
        "learning_rate": 0.2,
        "subsample": 0.7
      }
    },
    "test_accuracy": 0.5230769230769231,
    "test_f1": 0.4244610665036876,
    "test_precision": 0.6004450632748394,
    "test_recall": 0.5230769230769231,
    "train_accuracy": 0.9999332420975333,
    "train_f1": 0.9999332420975333,
    "train_precision": 0.9999332420975333,
    "train_recall": 0.9999332420975333
  },
  "test_accuracy": 0.5230769230769231,
  "train_accuracy": 0.9999332420975333,
  "worker_id": "worker_fd246238e1d785276fce84365bade75d9d729f7b30b62a22b570e91e"
}