{
  "task_id": "MLP_(Neural_Network)_38_5240",
  "model_name": "MLP (Neural Network)",
  "fold_id": "38",
  "hyperparams": {
    "hidden_layer_sizes": [
      200,
      100,
      50
    ],
    "activation": "tanh",
    "alpha": "0.1"
  },
  "test_results": {
    "accuracy": 0.7795857988165681,
    "f1": 0.7875959613212675,
    "precision": 0.8177127005481749,
    "recall": 0.7795857988165681
  },
  "train_results": {
    "accuracy": 0.8934071371142309,
    "f1": 0.8935351046480495,
    "precision": 0.893964354444167,
    "recall": 0.8934071371142309
  },
  "detailed_results": {
    "metadata": {
      "model_name": "MLP (Neural Network)",
      "hyperparams": {
        "hidden_layer_sizes": [
          200,
          100,
          50
        ],
        "activation": "tanh",
        "alpha": 0.1
      }
    },
    "test_accuracy": 0.7795857988165681,
    "test_f1": 0.7875959613212675,
    "test_precision": 0.8177127005481749,
    "test_recall": 0.7795857988165681,
    "train_accuracy": 0.8934071371142309,
    "train_f1": 0.8935351046480495,
    "train_precision": 0.893964354444167,
    "train_recall": 0.8934071371142309
  },
  "test_accuracy": 0.7795857988165681,
  "train_accuracy": 0.8934071371142309,
  "worker_id": "worker_7874d60be3a9f4290f802c26f541466732c76c84c3c6362e98286dfd"
}