{
  "task_id": "MLP_(Neural_Network)_16_1854",
  "model_name": "MLP (Neural Network)",
  "fold_id": "16",
  "hyperparams": {
    "hidden_layer_sizes": [
      200,
      100,
      50
    ],
    "activation": "tanh",
    "alpha": "0.1"
  },
  "test_results": {
    "accuracy": 0.5388365290867728,
    "f1": 0.39713213907153355,
    "precision": 0.7557377439445353,
    "recall": 0.5388365290867728
  },
  "train_results": {
    "accuracy": 0.9961585997260914,
    "f1": 0.9961588706412562,
    "precision": 0.9961601315008732,
    "recall": 0.9961585997260914
  },
  "detailed_results": {
    "metadata": {
      "model_name": "MLP (Neural Network)",
      "hyperparams": {
        "hidden_layer_sizes": [
          200,
          100,
          50
        ],
        "activation": "tanh",
        "alpha": 0.1
      }
    },
    "test_accuracy": 0.5388365290867728,
    "test_f1": 0.39713213907153355,
    "test_precision": 0.7557377439445353,
    "test_recall": 0.5388365290867728,
    "train_accuracy": 0.9961585997260914,
    "train_f1": 0.9961588706412562,
    "train_precision": 0.9961601315008732,
    "train_recall": 0.9961585997260914
  },
  "test_accuracy": 0.5388365290867728,
  "train_accuracy": 0.9961585997260914,
  "worker_id": "worker_9e3fd0ef908bd08cdef52fcf6ca6de294f848f4eeecb3bcd34871c29"
}