{
  "task_id": "XGBoost_24_5417",
  "model_name": "XGBoost",
  "fold_id": "24",
  "hyperparams": {
    "n_estimators": "100",
    "max_depth": "6",
    "learning_rate": "0.2",
    "subsample": "0.7"
  },
  "test_results": {
    "accuracy": 0.5758944077804793,
    "f1": 0.5721306767006747,
    "precision": 0.5824404265544335,
    "recall": 0.5758944077804793
  },
  "train_results": {
    "accuracy": 0.9922349427575908,
    "f1": 0.9922327321637855,
    "precision": 0.9922453803548505,
    "recall": 0.9922349427575908
  },
  "detailed_results": {
    "metadata": {
      "model_name": "XGBoost",
      "hyperparams": {
        "n_estimators": 100,
        "max_depth": 6,
        "learning_rate": 0.2,
        "subsample": 0.7
      }
    },
    "test_accuracy": 0.5758944077804793,
    "test_f1": 0.5721306767006747,
    "test_precision": 0.5824404265544335,
    "test_recall": 0.5758944077804793,
    "train_accuracy": 0.9922349427575908,
    "train_f1": 0.9922327321637855,
    "train_precision": 0.9922453803548505,
    "train_recall": 0.9922349427575908
  },
  "test_accuracy": 0.5758944077804793,
  "train_accuracy": 0.9922349427575908,
  "worker_id": "worker_9b9fc0063338d987d676c5d899fcc6ec73bd3ee99b4c289e9a5d1d9f"
}