{
  "task_id": "XGBoost_42_1915",
  "model_name": "XGBoost",
  "fold_id": "42",
  "hyperparams": {
    "n_estimators": "100",
    "max_depth": "3",
    "learning_rate": "0.2",
    "subsample": "0.7"
  },
  "test_results": {
    "accuracy": 0.7997512437810945,
    "f1": 0.8003813847464814,
    "precision": 0.8296991911200817,
    "recall": 0.7997512437810945
  },
  "train_results": {
    "accuracy": 0.9018317292766221,
    "f1": 0.9014294138396549,
    "precision": 0.9029403066587129,
    "recall": 0.9018317292766221
  },
  "detailed_results": {
    "metadata": {
      "model_name": "XGBoost",
      "hyperparams": {
        "n_estimators": 100,
        "max_depth": 3,
        "learning_rate": 0.2,
        "subsample": 0.7
      }
    },
    "test_accuracy": 0.7997512437810945,
    "test_f1": 0.8003813847464814,
    "test_precision": 0.8296991911200817,
    "test_recall": 0.7997512437810945,
    "train_accuracy": 0.9018317292766221,
    "train_f1": 0.9014294138396549,
    "train_precision": 0.9029403066587129,
    "train_recall": 0.9018317292766221
  },
  "test_accuracy": 0.7997512437810945,
  "train_accuracy": 0.9018317292766221,
  "worker_id": "worker_ca394e59bea5aa39904656f9c9ef3e36618bf0a9c975f3315283bb3e"
}