{
  "task_id": "XGBoost_8_3645",
  "model_name": "XGBoost",
  "fold_id": "8",
  "hyperparams": {
    "n_estimators": "100",
    "max_depth": "6",
    "learning_rate": "0.2",
    "subsample": "0.7"
  },
  "test_results": {
    "accuracy": 0.5301318267419962,
    "f1": 0.4161570439908521,
    "precision": 0.6944569448777741,
    "recall": 0.5301318267419962
  },
  "train_results": {
    "accuracy": 0.9822985114657369,
    "f1": 0.9822899504844178,
    "precision": 0.9823180406303755,
    "recall": 0.9822985114657369
  },
  "detailed_results": {
    "metadata": {
      "model_name": "XGBoost",
      "hyperparams": {
        "n_estimators": 100,
        "max_depth": 6,
        "learning_rate": 0.2,
        "subsample": 0.7
      }
    },
    "test_accuracy": 0.5301318267419962,
    "test_f1": 0.4161570439908521,
    "test_precision": 0.6944569448777741,
    "test_recall": 0.5301318267419962,
    "train_accuracy": 0.9822985114657369,
    "train_f1": 0.9822899504844178,
    "train_precision": 0.9823180406303755,
    "train_recall": 0.9822985114657369
  },
  "test_accuracy": 0.5301318267419962,
  "train_accuracy": 0.9822985114657369,
  "worker_id": "worker_3cc164a7873323c2e9e4d245d304a8ebb29889975bb13f69b7208e13"
}