{
  "model_name": "MLP (Neural Network)",
  "best_hyperparams": {
    "hidden_layer_sizes": [
      200,
      100,
      50
    ],
    "activation": "tanh",
    "alpha": "0.1"
  },
  "best_metrics": {
    "test_accuracy": 0.8444541995902839,
    "test_f1": 0.8430929156759988,
    "test_precision": 0.8473913290257288,
    "test_recall": 0.8444541995902839,
    "train_accuracy": 0.8527379639838295,
    "train_f1": 0.8513383094244087,
    "train_precision": 0.8564058755077639,
    "train_recall": 0.8527379639838295,
    "std_test_accuracy": 0.0,
    "std_train_accuracy": 0.0
  },
  "all_hyperparameter_results": [
    {
      "hyperparams": {
        "hidden_layer_sizes": [
          200,
          100,
          50
        ],
        "activation": "tanh",
        "alpha": "0.1"
      },
      "fold_results": [
        {
          "task_id": "MLP_(Neural_Network)_0_1851",
          "model_name": "MLP (Neural Network)",
          "fold_id": "0",
          "hyperparams": {
            "hidden_layer_sizes": [
              200,
              100,
              50
            ],
            "activation": "tanh",
            "alpha": "0.1"
          },
          "test_results": {
            "accuracy": 0.8444541995902839,
            "f1": 0.8430929156759988,
            "precision": 0.8473913290257288,
            "recall": 0.8444541995902839
          },
          "train_results": {
            "accuracy": 0.8527379639838295,
            "f1": 0.8513383094244087,
            "precision": 0.8564058755077639,
            "recall": 0.8527379639838295
          },
          "detailed_results": {
            "metadata": {
              "model_name": "MLP (Neural Network)",
              "hyperparams": {
                "hidden_layer_sizes": [
                  200,
                  100,
                  50
                ],
                "activation": "tanh",
                "alpha": 0.1
              }
            },
            "test_accuracy": 0.8444541995902839,
            "test_f1": 0.8430929156759988,
            "test_precision": 0.8473913290257288,
            "test_recall": 0.8444541995902839,
            "train_accuracy": 0.8527379639838295,
            "train_f1": 0.8513383094244087,
            "train_precision": 0.8564058755077639,
            "train_recall": 0.8527379639838295
          },
          "test_accuracy": 0.8444541995902839,
          "train_accuracy": 0.8527379639838295,
          "worker_id": "worker_9b99f17e6ad3107d9f38150e5c54653a569b7ec354224815c27583cf"
        }
      ],
      "num_folds": 1,
      "mean_test_accuracy": 0.8444541995902839,
      "std_test_accuracy": 0.0,
      "min_test_accuracy": 0.8444541995902839,
      "max_test_accuracy": 0.8444541995902839,
      "mean_test_f1": 0.8430929156759988,
      "std_test_f1": 0.0,
      "mean_test_precision": 0.8473913290257288,
      "std_test_precision": 0.0,
      "mean_test_recall": 0.8444541995902839,
      "std_test_recall": 0.0,
      "mean_train_accuracy": 0.8527379639838295,
      "std_train_accuracy": 0.0,
      "min_train_accuracy": 0.8527379639838295,
      "max_train_accuracy": 0.8527379639838295,
      "mean_train_f1": 0.8513383094244087,
      "std_train_f1": 0.0,
      "mean_train_precision": 0.8564058755077639,
      "std_train_precision": 0.0,
      "mean_train_recall": 0.8527379639838295,
      "std_train_recall": 0.0
    },
    {
      "hyperparams": {
        "hidden_layer_sizes": [
          150,
          50
        ],
        "activation": "tanh",
        "alpha": "0.1"
      },
      "fold_results": [
        {
          "task_id": "MLP_(Neural_Network)_0_1125",
          "model_name": "MLP (Neural Network)",
          "fold_id": "0",
          "hyperparams": {
            "hidden_layer_sizes": [
              150,
              50
            ],
            "activation": "tanh",
            "alpha": "0.1"
          },
          "test_results": {
            "accuracy": 0.8217734855136084,
            "f1": 0.822016790031525,
            "precision": 0.8315892349031037,
            "recall": 0.8217734855136084
          },
          "train_results": {
            "accuracy": 0.8227857405365674,
            "f1": 0.8230639731351698,
            "precision": 0.8316419601881343,
            "recall": 0.8227857405365674
          },
          "detailed_results": {
            "metadata": {
              "model_name": "MLP (Neural Network)",
              "hyperparams": {
                "hidden_layer_sizes": [
                  150,
                  50
                ],
                "activation": "tanh",
                "alpha": 0.1
              }
            },
            "test_accuracy": 0.8217734855136084,
            "test_f1": 0.822016790031525,
            "test_precision": 0.8315892349031037,
            "test_recall": 0.8217734855136084,
            "train_accuracy": 0.8227857405365674,
            "train_f1": 0.8230639731351698,
            "train_precision": 0.8316419601881343,
            "train_recall": 0.8227857405365674
          },
          "test_accuracy": 0.8217734855136084,
          "train_accuracy": 0.8227857405365674,
          "worker_id": "worker_498303a18acb926dda6a71e1cdd4a583dc3a374fd0af1efcad6981c9"
        }
      ],
      "num_folds": 1,
      "mean_test_accuracy": 0.8217734855136084,
      "std_test_accuracy": 0.0,
      "min_test_accuracy": 0.8217734855136084,
      "max_test_accuracy": 0.8217734855136084,
      "mean_test_f1": 0.822016790031525,
      "std_test_f1": 0.0,
      "mean_test_precision": 0.8315892349031037,
      "std_test_precision": 0.0,
      "mean_test_recall": 0.8217734855136084,
      "std_test_recall": 0.0,
      "mean_train_accuracy": 0.8227857405365674,
      "std_train_accuracy": 0.0,
      "min_train_accuracy": 0.8227857405365674,
      "max_train_accuracy": 0.8227857405365674,
      "mean_train_f1": 0.8230639731351698,
      "std_train_f1": 0.0,
      "mean_train_precision": 0.8316419601881343,
      "std_train_precision": 0.0,
      "mean_train_recall": 0.8227857405365674,
      "std_train_recall": 0.0
    },
    {
      "hyperparams": {
        "hidden_layer_sizes": [
          100
        ],
        "activation": "tanh",
        "alpha": "0.1"
      },
      "fold_results": [
        {
          "task_id": "MLP_(Neural_Network)_0_3152",
          "model_name": "MLP (Neural Network)",
          "fold_id": "0",
          "hyperparams": {
            "hidden_layer_sizes": [
              100
            ],
            "activation": "tanh",
            "alpha": "0.1"
          },
          "test_results": {
            "accuracy": 0.7964588820602868,
            "f1": 0.7920901027703605,
            "precision": 0.8062993322744845,
            "recall": 0.7964588820602868
          },
          "train_results": {
            "accuracy": 0.7984564498346196,
            "f1": 0.7942064162116657,
            "precision": 0.8081883881563108,
            "recall": 0.7984564498346196
          },
          "detailed_results": {
            "metadata": {
              "model_name": "MLP (Neural Network)",
              "hyperparams": {
                "hidden_layer_sizes": [
                  100
                ],
                "activation": "tanh",
                "alpha": 0.1
              }
            },
            "test_accuracy": 0.7964588820602868,
            "test_f1": 0.7920901027703605,
            "test_precision": 0.8062993322744845,
            "test_recall": 0.7964588820602868,
            "train_accuracy": 0.7984564498346196,
            "train_f1": 0.7942064162116657,
            "train_precision": 0.8081883881563108,
            "train_recall": 0.7984564498346196
          },
          "test_accuracy": 0.7964588820602868,
          "train_accuracy": 0.7984564498346196,
          "worker_id": "worker_9ffa7df47877fb75d66e90ba55c0213cfe462f3dd4e93aa132dbb96f"
        }
      ],
      "num_folds": 1,
      "mean_test_accuracy": 0.7964588820602868,
      "std_test_accuracy": 0.0,