{
  "task_id": "MLP_(Neural_Network)_27_1854",
  "model_name": "MLP (Neural Network)",
  "fold_id": "27",
  "hyperparams": {
    "hidden_layer_sizes": [
      200,
      100,
      50
    ],
    "activation": "tanh",
    "alpha": "0.1"
  },
  "test_results": {
    "accuracy": 0.631789403532156,
    "f1": 0.6080923363565696,
    "precision": 0.7057380088177936,
    "recall": 0.631789403532156
  },
  "train_results": {
    "accuracy": 0.9937693666078032,
    "f1": 0.9937704417678926,
    "precision": 0.9937764470616106,
    "recall": 0.9937693666078032
  },
  "detailed_results": {
    "metadata": {
      "model_name": "MLP (Neural Network)",
      "hyperparams": {
        "hidden_layer_sizes": [
          200,
          100,
          50
        ],
        "activation": "tanh",
        "alpha": 0.1
      }
    },
    "test_accuracy": 0.631789403532156,
    "test_f1": 0.6080923363565696,
    "test_precision": 0.7057380088177936,
    "test_recall": 0.631789403532156,
    "train_accuracy": 0.9937693666078032,
    "train_f1": 0.9937704417678926,
    "train_precision": 0.9937764470616106,
    "train_recall": 0.9937693666078032
  },
  "test_accuracy": 0.631789403532156,
  "train_accuracy": 0.9937693666078032,
  "worker_id": "worker_c032beb2f325b4293511dc0a64c18da6e19d53e14705d676800291bb"
}