{
  "task_id": "XGBoost_5_6323",
  "model_name": "XGBoost",
  "fold_id": "5",
  "hyperparams": {
    "n_estimators": "100",
    "max_depth": "9",
    "learning_rate": "0.2",
    "subsample": "0.7"
  },
  "test_results": {
    "accuracy": 0.5913875598086125,
    "f1": 0.5602325968612621,
    "precision": 0.6172251244995607,
    "recall": 0.5913875598086125
  },
  "train_results": {
    "accuracy": 0.9997497575776534,
    "f1": 0.9997497529786737,
    "precision": 0.9997498194822566,
    "recall": 0.9997497575776534
  },
  "detailed_results": {
    "metadata": {
      "model_name": "XGBoost",
      "hyperparams": {
        "n_estimators": 100,
        "max_depth": 9,
        "learning_rate": 0.2,
        "subsample": 0.7
      }
    },
    "test_accuracy": 0.5913875598086125,
    "test_f1": 0.5602325968612621,
    "test_precision": 0.6172251244995607,
    "test_recall": 0.5913875598086125,
    "train_accuracy": 0.9997497575776534,
    "train_f1": 0.9997497529786737,
    "train_precision": 0.9997498194822566,
    "train_recall": 0.9997497575776534
  },
  "test_accuracy": 0.5913875598086125,
  "train_accuracy": 0.9997497575776534,
  "worker_id": "worker_e1233462eb0132d610df65c88f21250bb532d995dd89733fde2d29be"
}