{
  "task_id": "XGBoost_20_5417",
  "model_name": "XGBoost",
  "fold_id": "20",
  "hyperparams": {
    "n_estimators": "100",
    "max_depth": "6",
    "learning_rate": "0.2",
    "subsample": "0.7"
  },
  "test_results": {
    "accuracy": 0.5378607809847199,
    "f1": 0.5391783031705795,
    "precision": 0.541854290450465,
    "recall": 0.5378607809847199
  },
  "train_results": {
    "accuracy": 0.9869965745452127,
    "f1": 0.9869885101580412,
    "precision": 0.9870323475489842,
    "recall": 0.9869965745452127
  },
  "detailed_results": {
    "metadata": {
      "model_name": "XGBoost",
      "hyperparams": {
        "n_estimators": 100,
        "max_depth": 6,
        "learning_rate": 0.2,
        "subsample": 0.7
      }
    },
    "test_accuracy": 0.5378607809847199,
    "test_f1": 0.5391783031705795,
    "test_precision": 0.541854290450465,
    "test_recall": 0.5378607809847199,
    "train_accuracy": 0.9869965745452127,
    "train_f1": 0.9869885101580412,
    "train_precision": 0.9870323475489842,
    "train_recall": 0.9869965745452127
  },
  "test_accuracy": 0.5378607809847199,
  "train_accuracy": 0.9869965745452127,
  "worker_id": "worker_9ebe48c53bd3b809d737c7ea697caf71bc6dab185423a4ecac81b33c"
}