{
  "task_id": "XGBoost_15_5417",
  "model_name": "XGBoost",
  "fold_id": "15",
  "hyperparams": {
    "n_estimators": "100",
    "max_depth": "6",
    "learning_rate": "0.2",
    "subsample": "0.7"
  },
  "test_results": {
    "accuracy": 0.7438725490196079,
    "f1": 0.7430095859098356,
    "precision": 0.7532439446366782,
    "recall": 0.7438725490196079
  },
  "train_results": {
    "accuracy": 0.9898487394957983,
    "f1": 0.9898429350517431,
    "precision": 0.9898950868536838,
    "recall": 0.9898487394957983
  },
  "detailed_results": {
    "metadata": {
      "model_name": "XGBoost",
      "hyperparams": {
        "n_estimators": 100,
        "max_depth": 6,
        "learning_rate": 0.2,
        "subsample": 0.7
      }
    },
    "test_accuracy": 0.7438725490196079,
    "test_f1": 0.7430095859098356,
    "test_precision": 0.7532439446366782,
    "test_recall": 0.7438725490196079,
    "train_accuracy": 0.9898487394957983,
    "train_f1": 0.9898429350517431,
    "train_precision": 0.9898950868536838,
    "train_recall": 0.9898487394957983
  },
  "test_accuracy": 0.7438725490196079,
  "train_accuracy": 0.9898487394957983,
  "worker_id": "worker_296c9067751c10261d0a02ea71b317973f480dc36337f2a820a58435"
}