{
  "task_id": "MLP_(Neural_Network)_4_8952",
  "model_name": "MLP (Neural Network)",
  "fold_id": "4",
  "hyperparams": {
    "hidden_layer_sizes": [
      200,
      100,
      50
    ],
    "activation": "tanh",
    "alpha": "0.1"
  },
  "test_results": {
    "accuracy": 0.4635664591724643,
    "f1": 0.3507609000309256,
    "precision": 0.7578825710615524,
    "recall": 0.4635664591724643
  },
  "train_results": {
    "accuracy": 0.9940890928904006,
    "f1": 0.9940917806183808,
    "precision": 0.9941245198263734,
    "recall": 0.9940890928904006
  },
  "detailed_results": {
    "metadata": {
      "model_name": "MLP (Neural Network)",
      "hyperparams": {
        "hidden_layer_sizes": [
          200,
          100,
          50
        ],
        "activation": "tanh",
        "alpha": 0.1
      }
    },
    "test_accuracy": 0.4635664591724643,
    "test_f1": 0.3507609000309256,
    "test_precision": 0.7578825710615524,
    "test_recall": 0.4635664591724643,
    "train_accuracy": 0.9940890928904006,
    "train_f1": 0.9940917806183808,
    "train_precision": 0.9941245198263734,
    "train_recall": 0.9940890928904006
  },
  "test_accuracy": 0.4635664591724643,
  "train_accuracy": 0.9940890928904006,
  "worker_id": "worker_8b4360c4987e799ad0e0dcfd30836920655a7ec64fcfe4b00d9ff060"
}