{
  "task_id": "KNN_34_0124",
  "model_name": "KNN",
  "fold_id": "34",
  "hyperparams": {
    "n_neighbors": 15,
    "weights": "uniform",
    "metric": "euclidean"
  },
  "test_results": {
    "accuracy": 0.7341939755047997,
    "f1": 0.7341363074354283,
    "precision": 0.7384736666300147,
    "recall": 0.7341939755047997
  },
  "train_results": {
    "accuracy": 0.8738038875737673,
    "f1": 0.8738099038587223,
    "precision": 0.8738162512073491,
    "recall": 0.8738038875737673
  },
  "detailed_results": {
    "metadata": {
      "model_name": "KNN",
      "hyperparams": {
        "n_neighbors": 15,
        "weights": "uniform",
        "metric": "euclidean"
      }
    },
    "test_accuracy": 0.7341939755047997,
    "test_f1": 0.7341363074354283,
    "test_precision": 0.7384736666300147,
    "test_recall": 0.7341939755047997,
    "train_accuracy": 0.8738038875737673,
    "train_f1": 0.8738099038587223,
    "train_precision": 0.8738162512073491,
    "train_recall": 0.8738038875737673
  },
  "test_accuracy": 0.7341939755047997,
  "train_accuracy": 0.8738038875737673,
  "worker_id": "worker_296c9067751c10261d0a02ea71b317973f480dc36337f2a820a58435"
}