{
  "task_id": "MLP_(Neural_Network)_28_9244",
  "model_name": "MLP (Neural Network)",
  "fold_id": "28",
  "hyperparams": {
    "hidden_layer_sizes": [
      150,
      50
    ],
    "activation": "tanh",
    "alpha": "0.1"
  },
  "test_results": {
    "accuracy": 0.4727954971857411,
    "f1": 0.3035527778109726,
    "precision": 0.22353558215911212,
    "recall": 0.4727954971857411
  },
  "train_results": {
    "accuracy": 0.992586246663811,
    "f1": 0.9925849238231806,
    "precision": 0.9925888392600075,
    "recall": 0.992586246663811
  },
  "detailed_results": {
    "metadata": {
      "model_name": "MLP (Neural Network)",
      "hyperparams": {
        "hidden_layer_sizes": [
          150,
          50
        ],
        "activation": "tanh",
        "alpha": 0.1
      }
    },
    "test_accuracy": 0.4727954971857411,
    "test_f1": 0.3035527778109726,
    "test_precision": 0.22353558215911212,
    "test_recall": 0.4727954971857411,
    "train_accuracy": 0.992586246663811,
    "train_f1": 0.9925849238231806,
    "train_precision": 0.9925888392600075,
    "train_recall": 0.992586246663811
  },
  "test_accuracy": 0.4727954971857411,
  "train_accuracy": 0.992586246663811,
  "worker_id": "worker_a8b29e8c0af28ab8ce69ba3db134c980ca1210d700776eeb63ce40b9"
}