{
  "task_id": "XGBoost_41_5417",
  "model_name": "XGBoost",
  "fold_id": "41",
  "hyperparams": {
    "n_estimators": "100",
    "max_depth": "6",
    "learning_rate": "0.2",
    "subsample": "0.7"
  },
  "test_results": {
    "accuracy": 0.6536406145624583,
    "f1": 0.6536945936621548,
    "precision": 0.6561044623876794,
    "recall": 0.6536406145624583
  },
  "train_results": {
    "accuracy": 0.9886409060626249,
    "f1": 0.9886334176549788,
    "precision": 0.9886910013786502,
    "recall": 0.9886409060626249
  },
  "detailed_results": {
    "metadata": {
      "model_name": "XGBoost",
      "hyperparams": {
        "n_estimators": 100,
        "max_depth": 6,
        "learning_rate": 0.2,
        "subsample": 0.7
      }
    },
    "test_accuracy": 0.6536406145624583,
    "test_f1": 0.6536945936621548,
    "test_precision": 0.6561044623876794,
    "test_recall": 0.6536406145624583,
    "train_accuracy": 0.9886409060626249,
    "train_f1": 0.9886334176549788,
    "train_precision": 0.9886910013786502,
    "train_recall": 0.9886409060626249
  },
  "test_accuracy": 0.6536406145624583,
  "train_accuracy": 0.9886409060626249,
  "worker_id": "worker_614c3989b76d6c5df1afc3c2a20539f3267075862d9f3455d70a3f0d"
}