{
  "task_id": "MLP_(Neural_Network)_1_6858",
  "model_name": "MLP (Neural Network)",
  "fold_id": "1",
  "hyperparams": {
    "hidden_layer_sizes": [
      150,
      50
    ],
    "activation": "tanh",
    "alpha": "0.1"
  },
  "test_results": {
    "accuracy": 0.5863921217547001,
    "f1": 0.5860826129079661,
    "precision": 0.5858798903423876,
    "recall": 0.5863921217547001
  },
  "train_results": {
    "accuracy": 0.8944813403903853,
    "f1": 0.8941961974949725,
    "precision": 0.8948115251288945,
    "recall": 0.8944813403903853
  },
  "detailed_results": {
    "metadata": {
      "model_name": "MLP (Neural Network)",
      "hyperparams": {
        "hidden_layer_sizes": [
          150,
          50
        ],
        "activation": "tanh",
        "alpha": 0.1
      }
    },
    "test_accuracy": 0.5863921217547001,
    "test_f1": 0.5860826129079661,
    "test_precision": 0.5858798903423876,
    "test_recall": 0.5863921217547001,
    "train_accuracy": 0.8944813403903853,
    "train_f1": 0.8941961974949725,
    "train_precision": 0.8948115251288945,
    "train_recall": 0.8944813403903853
  },
  "test_accuracy": 0.5863921217547001,
  "train_accuracy": 0.8944813403903853,
  "worker_id": "worker_d3fd1c1a7b2bb9ac51bbfe50b4d88cefbf95395c3780dd842d880831"
}