{
  "task_id": "KNN_27_3824",
  "model_name": "KNN",
  "fold_id": "27",
  "hyperparams": {
    "n_neighbors": 7,
    "weights": "uniform",
    "metric": "euclidean"
  },
  "test_results": {
    "accuracy": 0.9089147286821705,
    "f1": 0.9089249929678723,
    "precision": 0.9091059395616401,
    "recall": 0.9089147286821705
  },
  "train_results": {
    "accuracy": 0.8843411919204552,
    "f1": 0.8843196205543152,
    "precision": 0.8843041153921821,
    "recall": 0.8843411919204552
  },
  "detailed_results": {
    "metadata": {
      "model_name": "KNN",
      "hyperparams": {
        "n_neighbors": 7,
        "weights": "uniform",
        "metric": "euclidean"
      }
    },
    "test_accuracy": 0.9089147286821705,
    "test_f1": 0.9089249929678723,
    "test_precision": 0.9091059395616401,
    "test_recall": 0.9089147286821705,
    "train_accuracy": 0.8843411919204552,
    "train_f1": 0.8843196205543152,
    "train_precision": 0.8843041153921821,
    "train_recall": 0.8843411919204552
  },
  "test_accuracy": 0.9089147286821705,
  "train_accuracy": 0.8843411919204552,
  "worker_id": "worker_2fa0c7efa1687a00c91a813cf607851f55f612fa98508602a1257014"
}