{
  "task_id": "KNN_4_9928",
  "model_name": "KNN",
  "fold_id": "4",
  "hyperparams": {
    "n_neighbors": 7,
    "weights": "uniform",
    "metric": "euclidean"
  },
  "test_results": {
    "accuracy": 0.7306350314026517,
    "f1": 0.7294710425244363,
    "precision": 0.7309856129369872,
    "recall": 0.7306350314026517
  },
  "train_results": {
    "accuracy": 0.8878532572641634,
    "f1": 0.8879283997057149,
    "precision": 0.8880994360870751,
    "recall": 0.8878532572641634
  },
  "detailed_results": {
    "metadata": {
      "model_name": "KNN",
      "hyperparams": {
        "n_neighbors": 7,
        "weights": "uniform",
        "metric": "euclidean"
      }
    },
    "test_accuracy": 0.7306350314026517,
    "test_f1": 0.7294710425244363,
    "test_precision": 0.7309856129369872,
    "test_recall": 0.7306350314026517,
    "train_accuracy": 0.8878532572641634,
    "train_f1": 0.8879283997057149,
    "train_precision": 0.8880994360870751,
    "train_recall": 0.8878532572641634
  },
  "test_accuracy": 0.7306350314026517,
  "train_accuracy": 0.8878532572641634,
  "worker_id": "worker_1c30d618a35468f978c660a1d22b91a5cb0f45605bf7bb8ceb4bce16"
}