{
  "task_id": "MLP_(Neural_Network)_41_9244",
  "model_name": "MLP (Neural Network)",
  "fold_id": "41",
  "hyperparams": {
    "hidden_layer_sizes": [
      150,
      50
    ],
    "activation": "tanh",
    "alpha": "0.1"
  },
  "test_results": {
    "accuracy": 0.5394121576486306,
    "f1": 0.39532985718149766,
    "precision": 0.745742249024042,
    "recall": 0.5394121576486306
  },
  "train_results": {
    "accuracy": 0.993471019320453,
    "f1": 0.9934735559293811,
    "precision": 0.9935030424590261,
    "recall": 0.993471019320453
  },
  "detailed_results": {
    "metadata": {
      "model_name": "MLP (Neural Network)",
      "hyperparams": {
        "hidden_layer_sizes": [
          150,
          50
        ],
        "activation": "tanh",
        "alpha": 0.1
      }
    },
    "test_accuracy": 0.5394121576486306,
    "test_f1": 0.39532985718149766,
    "test_precision": 0.745742249024042,
    "test_recall": 0.5394121576486306,
    "train_accuracy": 0.993471019320453,
    "train_f1": 0.9934735559293811,
    "train_precision": 0.9935030424590261,
    "train_recall": 0.993471019320453
  },
  "test_accuracy": 0.5394121576486306,
  "train_accuracy": 0.993471019320453,
  "worker_id": "worker_d39782c0b09c22e40e244262bb1bd3ad13987be1a99c6a2738374dd6"
}