{
  "task_id": "KNN_17_3850",
  "model_name": "KNN",
  "fold_id": "17",
  "hyperparams": {
    "n_neighbors": 15,
    "weights": "uniform",
    "metric": "euclidean"
  },
  "test_results": {
    "accuracy": 0.6202090592334495,
    "f1": 0.6047441969635268,
    "precision": 0.6344037289138508,
    "recall": 0.6202090592334495
  },
  "train_results": {
    "accuracy": 0.8986066654114103,
    "f1": 0.8986293352188337,
    "precision": 0.8986615015033256,
    "recall": 0.8986066654114103
  },
  "detailed_results": {
    "metadata": {
      "model_name": "KNN",
      "hyperparams": {
        "n_neighbors": 15,
        "weights": "uniform",
        "metric": "euclidean"
      }
    },
    "test_accuracy": 0.6202090592334495,
    "test_f1": 0.6047441969635268,
    "test_precision": 0.6344037289138508,
    "test_recall": 0.6202090592334495,
    "train_accuracy": 0.8986066654114103,
    "train_f1": 0.8986293352188337,
    "train_precision": 0.8986615015033256,
    "train_recall": 0.8986066654114103
  },
  "test_accuracy": 0.6202090592334495,
  "train_accuracy": 0.8986066654114103,
  "worker_id": "worker_088f5273be9e00bf697658f0448b5f1022c17ea79eced88d40cde48f"
}