{
  "task_id": "MLP_(Neural_Network)_13_6858",
  "model_name": "MLP (Neural Network)",
  "fold_id": "13",
  "hyperparams": {
    "hidden_layer_sizes": [
      150,
      50
    ],
    "activation": "tanh",
    "alpha": "0.1"
  },
  "test_results": {
    "accuracy": 0.8153798256537983,
    "f1": 0.815260326336086,
    "precision": 0.8156555100854985,
    "recall": 0.8153798256537983
  },
  "train_results": {
    "accuracy": 0.7851822025367425,
    "f1": 0.785584675738008,
    "precision": 0.7972620226148132,
    "recall": 0.7851822025367425
  },
  "detailed_results": {
    "metadata": {
      "model_name": "MLP (Neural Network)",
      "hyperparams": {
        "hidden_layer_sizes": [
          150,
          50
        ],
        "activation": "tanh",
        "alpha": 0.1
      }
    },
    "test_accuracy": 0.8153798256537983,
    "test_f1": 0.815260326336086,
    "test_precision": 0.8156555100854985,
    "test_recall": 0.8153798256537983,
    "train_accuracy": 0.7851822025367425,
    "train_f1": 0.785584675738008,
    "train_precision": 0.7972620226148132,
    "train_recall": 0.7851822025367425
  },
  "test_accuracy": 0.8153798256537983,
  "train_accuracy": 0.7851822025367425,
  "worker_id": "worker_dd408f04e9dc80db8bae0a4fefec2971b6f67013396a929b078d4c14"
}