{
  "task_id": "KNN_29_1641",
  "model_name": "KNN",
  "fold_id": "29",
  "hyperparams": {
    "n_neighbors": 7,
    "weights": "uniform",
    "metric": "euclidean"
  },
  "test_results": {
    "accuracy": 0.5823235923022095,
    "f1": 0.5815425894615973,
    "precision": 0.5810735851880587,
    "recall": 0.5823235923022095
  },
  "train_results": {
    "accuracy": 0.9205508474576272,
    "f1": 0.9205979803079251,
    "precision": 0.920701176790076,
    "recall": 0.9205508474576272
  },
  "detailed_results": {
    "metadata": {
      "model_name": "KNN",
      "hyperparams": {
        "n_neighbors": 7,
        "weights": "uniform",
        "metric": "euclidean"
      }
    },
    "test_accuracy": 0.5823235923022095,
    "test_f1": 0.5815425894615973,
    "test_precision": 0.5810735851880587,
    "test_recall": 0.5823235923022095,
    "train_accuracy": 0.9205508474576272,
    "train_f1": 0.9205979803079251,
    "train_precision": 0.920701176790076,
    "train_recall": 0.9205508474576272
  },
  "test_accuracy": 0.5823235923022095,
  "train_accuracy": 0.9205508474576272,
  "worker_id": "worker_d066ba3d41dde4c5503cf80842c58422881e6e0d480ff0ea5c0b50b6"
}