{
  "task_id": "XGBoost_28_4738",
  "model_name": "XGBoost",
  "fold_id": "28",
  "hyperparams": {
    "n_estimators": "100",
    "max_depth": "9",
    "learning_rate": "0.2",
    "subsample": "0.7"
  },
  "test_results": {
    "accuracy": 0.4727954971857411,
    "f1": 0.3035527778109726,
    "precision": 0.22353558215911212,
    "recall": 0.4727954971857411
  },
  "train_results": {
    "accuracy": 0.9999011499555175,
    "f1": 0.9999011488909909,
    "precision": 0.9999011675968104,
    "recall": 0.9999011499555175
  },
  "detailed_results": {
    "metadata": {
      "model_name": "XGBoost",
      "hyperparams": {
        "n_estimators": 100,
        "max_depth": 9,
        "learning_rate": 0.2,
        "subsample": 0.7
      }
    },
    "test_accuracy": 0.4727954971857411,
    "test_f1": 0.3035527778109726,
    "test_precision": 0.22353558215911212,
    "test_recall": 0.4727954971857411,
    "train_accuracy": 0.9999011499555175,
    "train_f1": 0.9999011488909909,
    "train_precision": 0.9999011675968104,
    "train_recall": 0.9999011499555175
  },
  "test_accuracy": 0.4727954971857411,
  "train_accuracy": 0.9999011499555175,
  "worker_id": "worker_fd246238e1d785276fce84365bade75d9d729f7b30b62a22b570e91e"
}