{
  "task_id": "KNN_48_9172",
  "model_name": "KNN",
  "fold_id": "48",
  "hyperparams": {
    "n_neighbors": 15,
    "weights": "uniform",
    "metric": "euclidean"
  },
  "test_results": {
    "accuracy": 0.5268009559576647,
    "f1": 0.5217312935210932,
    "precision": 0.5314798835295704,
    "recall": 0.5268009559576647
  },
  "train_results": {
    "accuracy": 0.9058334718298156,
    "f1": 0.9058606710274133,
    "precision": 0.9059017698760228,
    "recall": 0.9058334718298156
  },
  "detailed_results": {
    "metadata": {
      "model_name": "KNN",
      "hyperparams": {
        "n_neighbors": 15,
        "weights": "uniform",
        "metric": "euclidean"
      }
    },
    "test_accuracy": 0.5268009559576647,
    "test_f1": 0.5217312935210932,
    "test_precision": 0.5314798835295704,
    "test_recall": 0.5268009559576647,
    "train_accuracy": 0.9058334718298156,
    "train_f1": 0.9058606710274133,
    "train_precision": 0.9059017698760228,
    "train_recall": 0.9058334718298156
  },
  "test_accuracy": 0.5268009559576647,
  "train_accuracy": 0.9058334718298156,
  "worker_id": "worker_bde904f64e4c0d756e7f802df2b82cd1178841ef8cc503c9c17841d6"
}