{
  "task_id": "MLP_(Neural_Network)_25_9455",
  "model_name": "MLP (Neural Network)",
  "fold_id": "25",
  "hyperparams": {
    "hidden_layer_sizes": [
      200,
      100,
      50
    ],
    "activation": "tanh",
    "alpha": "0.1"
  },
  "test_results": {
    "accuracy": 0.4922630560928433,
    "f1": 0.32903297173085827,
    "precision": 0.7510610129387241,
    "recall": 0.4922630560928433
  },
  "train_results": {
    "accuracy": 0.9929643527204502,
    "f1": 0.992964765119471,
    "precision": 0.9929658850908972,
    "recall": 0.9929643527204502
  },
  "detailed_results": {
    "metadata": {
      "model_name": "MLP (Neural Network)",
      "hyperparams": {
        "hidden_layer_sizes": [
          200,
          100,
          50
        ],
        "activation": "tanh",
        "alpha": 0.1
      }
    },
    "test_accuracy": 0.4922630560928433,
    "test_f1": 0.32903297173085827,
    "test_precision": 0.7510610129387241,
    "test_recall": 0.4922630560928433,
    "train_accuracy": 0.9929643527204502,
    "train_f1": 0.992964765119471,
    "train_precision": 0.9929658850908972,
    "train_recall": 0.9929643527204502
  },
  "test_accuracy": 0.4922630560928433,
  "train_accuracy": 0.9929643527204502,
  "worker_id": "worker_f812cb893bddd27270feb9cbcfcf80f8b850674f9ed4f017c6699ca9"
}