{
  "task_id": "KNN_30_1641",
  "model_name": "KNN",
  "fold_id": "30",
  "hyperparams": {
    "n_neighbors": 7,
    "weights": "uniform",
    "metric": "euclidean"
  },
  "test_results": {
    "accuracy": 0.641804788213628,
    "f1": 0.6130983960907083,
    "precision": 0.7112682350718,
    "recall": 0.641804788213628
  },
  "train_results": {
    "accuracy": 0.9219317112515123,
    "f1": 0.9219199367409258,
    "precision": 0.9219116982470162,
    "recall": 0.9219317112515123
  },
  "detailed_results": {
    "metadata": {
      "model_name": "KNN",
      "hyperparams": {
        "n_neighbors": 7,
        "weights": "uniform",
        "metric": "euclidean"
      }
    },
    "test_accuracy": 0.641804788213628,
    "test_f1": 0.6130983960907083,
    "test_precision": 0.7112682350718,
    "test_recall": 0.641804788213628,
    "train_accuracy": 0.9219317112515123,
    "train_f1": 0.9219199367409258,
    "train_precision": 0.9219116982470162,
    "train_recall": 0.9219317112515123
  },
  "test_accuracy": 0.641804788213628,
  "train_accuracy": 0.9219317112515123,
  "worker_id": "worker_b7a70e0aa9c3aeecb65fd22601d3448ea2af533f2f93d0bbbf2d755d"
}