{
  "task_id": "XGBoost_11_6531",
  "model_name": "XGBoost",
  "fold_id": "11",
  "hyperparams": {
    "n_estimators": "100",
    "max_depth": "3",
    "learning_rate": "0.2",
    "subsample": "0.7"
  },
  "test_results": {
    "accuracy": 0.5209634255129348,
    "f1": 0.35802253555532104,
    "precision": 0.36774592369720094,
    "recall": 0.5209634255129348
  },
  "train_results": {
    "accuracy": 0.891133519948737,
    "f1": 0.8908013103950908,
    "precision": 0.8915273270555815,
    "recall": 0.891133519948737
  },
  "detailed_results": {
    "metadata": {
      "model_name": "XGBoost",
      "hyperparams": {
        "n_estimators": 100,
        "max_depth": 3,
        "learning_rate": 0.2,
        "subsample": 0.7
      }
    },
    "test_accuracy": 0.5209634255129348,
    "test_f1": 0.35802253555532104,
    "test_precision": 0.36774592369720094,
    "test_recall": 0.5209634255129348,
    "train_accuracy": 0.891133519948737,
    "train_f1": 0.8908013103950908,
    "train_precision": 0.8915273270555815,
    "train_recall": 0.891133519948737
  },
  "test_accuracy": 0.5209634255129348,
  "train_accuracy": 0.891133519948737,
  "worker_id": "worker_a8b29e8c0af28ab8ce69ba3db134c980ca1210d700776eeb63ce40b9"
}