{
  "task_id": "MLP_(Neural_Network)_12_5240",
  "model_name": "MLP (Neural Network)",
  "fold_id": "12",
  "hyperparams": {
    "hidden_layer_sizes": [
      200,
      100,
      50
    ],
    "activation": "tanh",
    "alpha": "0.1"
  },
  "test_results": {
    "accuracy": 0.910856134157105,
    "f1": 0.9108059394820323,
    "precision": 0.9112692065279966,
    "recall": 0.910856134157105
  },
  "train_results": {
    "accuracy": 0.9074370314607446,
    "f1": 0.9074592513257634,
    "precision": 0.907492692320554,
    "recall": 0.9074370314607446
  },
  "detailed_results": {
    "metadata": {
      "model_name": "MLP (Neural Network)",
      "hyperparams": {
        "hidden_layer_sizes": [
          200,
          100,
          50
        ],
        "activation": "tanh",
        "alpha": 0.1
      }
    },
    "test_accuracy": 0.910856134157105,
    "test_f1": 0.9108059394820323,
    "test_precision": 0.9112692065279966,
    "test_recall": 0.910856134157105,
    "train_accuracy": 0.9074370314607446,
    "train_f1": 0.9074592513257634,
    "train_precision": 0.907492692320554,
    "train_recall": 0.9074370314607446
  },
  "test_accuracy": 0.910856134157105,
  "train_accuracy": 0.9074370314607446,
  "worker_id": "worker_cff27a72e13536b632607d20ca54635e448248a7eb37caf3492ef698"
}