{
  "task_id": "XGBoost_0_3645",
  "model_name": "XGBoost",
  "fold_id": "0",
  "hyperparams": {
    "n_estimators": "100",
    "max_depth": "6",
    "learning_rate": "0.2",
    "subsample": "0.7"
  },
  "test_results": {
    "accuracy": 0.7029672682777608,
    "f1": 0.6982724381418544,
    "precision": 0.7054680146750862,
    "recall": 0.7029672682777608
  },
  "train_results": {
    "accuracy": 0.9825853084552025,
    "f1": 0.9825790602507408,
    "precision": 0.9825980283203557,
    "recall": 0.9825853084552025
  },
  "detailed_results": {
    "metadata": {
      "model_name": "XGBoost",
      "hyperparams": {
        "n_estimators": 100,
        "max_depth": 6,
        "learning_rate": 0.2,
        "subsample": 0.7
      }
    },
    "test_accuracy": 0.7029672682777608,
    "test_f1": 0.6982724381418544,
    "test_precision": 0.7054680146750862,
    "test_recall": 0.7029672682777608,
    "train_accuracy": 0.9825853084552025,
    "train_f1": 0.9825790602507408,
    "train_precision": 0.9825980283203557,
    "train_recall": 0.9825853084552025
  },
  "test_accuracy": 0.7029672682777608,
  "train_accuracy": 0.9825853084552025,
  "worker_id": "worker_45148d18c940c1126b99e1962f1f4e7fe213471e5368e7179d766295"
}