{
  "task_id": "XGBoost_47_5417",
  "model_name": "XGBoost",
  "fold_id": "47",
  "hyperparams": {
    "n_estimators": "100",
    "max_depth": "6",
    "learning_rate": "0.2",
    "subsample": "0.7"
  },
  "test_results": {
    "accuracy": 0.6514195583596214,
    "f1": 0.6491077005613194,
    "precision": 0.6618334243690704,
    "recall": 0.6514195583596214
  },
  "train_results": {
    "accuracy": 0.9937675914756735,
    "f1": 0.9937649640057519,
    "precision": 0.9937897056194246,
    "recall": 0.9937675914756735
  },
  "detailed_results": {
    "metadata": {
      "model_name": "XGBoost",
      "hyperparams": {
        "n_estimators": 100,
        "max_depth": 6,
        "learning_rate": 0.2,
        "subsample": 0.7
      }
    },
    "test_accuracy": 0.6514195583596214,
    "test_f1": 0.6491077005613194,
    "test_precision": 0.6618334243690704,
    "test_recall": 0.6514195583596214,
    "train_accuracy": 0.9937675914756735,
    "train_f1": 0.9937649640057519,
    "train_precision": 0.9937897056194246,
    "train_recall": 0.9937675914756735
  },
  "test_accuracy": 0.6514195583596214,
  "train_accuracy": 0.9937675914756735,
  "worker_id": "worker_fb8bafe384dfa26c38d7901ecffac07da6f8890578641bf4d3dd6011"
}