{
  "task_id": "KNN_0_0746",
  "model_name": "KNN",
  "fold_id": "0",
  "hyperparams": {
    "n_neighbors": 7,
    "weights": "uniform",
    "metric": "euclidean"
  },
  "test_results": {
    "accuracy": 0.6448639157155399,
    "f1": 0.6574164887997822,
    "precision": 0.6980698080911083,
    "recall": 0.6448639157155399
  },
  "train_results": {
    "accuracy": 0.7651598676957001,
    "f1": 0.771720279281949,
    "precision": 0.7952307177583502,
    "recall": 0.7651598676957001
  },
  "detailed_results": {
    "metadata": {
      "model_name": "KNN",
      "hyperparams": {
        "n_neighbors": 7,
        "weights": "uniform",
        "metric": "euclidean"
      }
    },
    "test_accuracy": 0.6448639157155399,
    "test_f1": 0.6574164887997822,
    "test_precision": 0.6980698080911083,
    "test_recall": 0.6448639157155399,
    "train_accuracy": 0.7651598676957001,
    "train_f1": 0.771720279281949,
    "train_precision": 0.7952307177583502,
    "train_recall": 0.7651598676957001
  },
  "test_accuracy": 0.6448639157155399,
  "train_accuracy": 0.7651598676957001,
  "worker_id": "worker_206554e061cf21c2c265d6881c1465f991ac71f602f53f62f2113c21"
}