{
  "task_id": "KNN_23_9172",
  "model_name": "KNN",
  "fold_id": "23",
  "hyperparams": {
    "n_neighbors": 15,
    "weights": "uniform",
    "metric": "euclidean"
  },
  "test_results": {
    "accuracy": 0.49939061547836683,
    "f1": 0.35630240190405565,
    "precision": 0.5765745236887669,
    "recall": 0.49939061547836683
  },
  "train_results": {
    "accuracy": 0.9061953450827391,
    "f1": 0.9062946365202265,
    "precision": 0.9066334755033094,
    "recall": 0.9061953450827391
  },
  "detailed_results": {
    "metadata": {
      "model_name": "KNN",
      "hyperparams": {
        "n_neighbors": 15,
        "weights": "uniform",
        "metric": "euclidean"
      }
    },
    "test_accuracy": 0.49939061547836683,
    "test_f1": 0.35630240190405565,
    "test_precision": 0.5765745236887669,
    "test_recall": 0.49939061547836683,
    "train_accuracy": 0.9061953450827391,
    "train_f1": 0.9062946365202265,
    "train_precision": 0.9066334755033094,
    "train_recall": 0.9061953450827391
  },
  "test_accuracy": 0.49939061547836683,
  "train_accuracy": 0.9061953450827391,
  "worker_id": "worker_4e8f1c6d945b2a1d2aea8e53efc3f78769976538607c3bd85e25ed7e"
}