{
  "task_id": "MLP_(Neural_Network)_39_9244",
  "model_name": "MLP (Neural Network)",
  "fold_id": "39",
  "hyperparams": {
    "hidden_layer_sizes": [
      150,
      50
    ],
    "activation": "tanh",
    "alpha": "0.1"
  },
  "test_results": {
    "accuracy": 0.5065926439972241,
    "f1": 0.4208144063939313,
    "precision": 0.6705003305754267,
    "recall": 0.5065926439972241
  },
  "train_results": {
    "accuracy": 0.9938271604938271,
    "f1": 0.993826045712616,
    "precision": 0.9938296281138649,
    "recall": 0.9938271604938271
  },
  "detailed_results": {
    "metadata": {
      "model_name": "MLP (Neural Network)",
      "hyperparams": {
        "hidden_layer_sizes": [
          150,
          50
        ],
        "activation": "tanh",
        "alpha": 0.1
      }
    },
    "test_accuracy": 0.5065926439972241,
    "test_f1": 0.4208144063939313,
    "test_precision": 0.6705003305754267,
    "test_recall": 0.5065926439972241,
    "train_accuracy": 0.9938271604938271,
    "train_f1": 0.993826045712616,
    "train_precision": 0.9938296281138649,
    "train_recall": 0.9938271604938271
  },
  "test_accuracy": 0.5065926439972241,
  "train_accuracy": 0.9938271604938271,
  "worker_id": "worker_bde904f64e4c0d756e7f802df2b82cd1178841ef8cc503c9c17841d6"
}