{
  "task_id": "KNN_11_9172",
  "model_name": "KNN",
  "fold_id": "11",
  "hyperparams": {
    "n_neighbors": 15,
    "weights": "uniform",
    "metric": "euclidean"
  },
  "test_results": {
    "accuracy": 0.5063931013975617,
    "f1": 0.46994199754960936,
    "precision": 0.49417814023516093,
    "recall": 0.5063931013975617
  },
  "train_results": {
    "accuracy": 0.9102897035513137,
    "f1": 0.9101725552858201,
    "precision": 0.9103007079995448,
    "recall": 0.9102897035513137
  },
  "detailed_results": {
    "metadata": {
      "model_name": "KNN",
      "hyperparams": {
        "n_neighbors": 15,
        "weights": "uniform",
        "metric": "euclidean"
      }
    },
    "test_accuracy": 0.5063931013975617,
    "test_f1": 0.46994199754960936,
    "test_precision": 0.49417814023516093,
    "test_recall": 0.5063931013975617,
    "train_accuracy": 0.9102897035513137,
    "train_f1": 0.9101725552858201,
    "train_precision": 0.9103007079995448,
    "train_recall": 0.9102897035513137
  },
  "test_accuracy": 0.5063931013975617,
  "train_accuracy": 0.9102897035513137,
  "worker_id": "worker_4e8f1c6d945b2a1d2aea8e53efc3f78769976538607c3bd85e25ed7e"
}