{
  "task_id": "MLP_(Neural_Network)_44_2099",
  "model_name": "MLP (Neural Network)",
  "fold_id": "44",
  "hyperparams": {
    "hidden_layer_sizes": [
      100
    ],
    "activation": "tanh",
    "alpha": "0.1"
  },
  "test_results": {
    "accuracy": 0.5282232200128287,
    "f1": 0.4012906857708069,
    "precision": 0.7594740175340313,
    "recall": 0.5282232200128287
  },
  "train_results": {
    "accuracy": 0.9885603425207385,
    "f1": 0.9885536017105,
    "precision": 0.9886014223382852,
    "recall": 0.9885603425207385
  },
  "detailed_results": {
    "metadata": {
      "model_name": "MLP (Neural Network)",
      "hyperparams": {
        "hidden_layer_sizes": [
          100
        ],
        "activation": "tanh",
        "alpha": 0.1
      }
    },
    "test_accuracy": 0.5282232200128287,
    "test_f1": 0.4012906857708069,
    "test_precision": 0.7594740175340313,
    "test_recall": 0.5282232200128287,
    "train_accuracy": 0.9885603425207385,
    "train_f1": 0.9885536017105,
    "train_precision": 0.9886014223382852,
    "train_recall": 0.9885603425207385
  },
  "test_accuracy": 0.5282232200128287,
  "train_accuracy": 0.9885603425207385,
  "worker_id": "worker_d066ba3d41dde4c5503cf80842c58422881e6e0d480ff0ea5c0b50b6"
}