{
  "task_id": "MLP_(Neural_Network)_49_0811",
  "model_name": "MLP (Neural Network)",
  "fold_id": "49",
  "hyperparams": {
    "hidden_layer_sizes": [
      100
    ],
    "activation": "tanh",
    "alpha": "0.1"
  },
  "test_results": {
    "accuracy": 0.9833679833679834,
    "f1": 0.9833799009382667,
    "precision": 0.983605027672736,
    "recall": 0.9833679833679834
  },
  "train_results": {
    "accuracy": 0.809153874953201,
    "f1": 0.8067146907521419,
    "precision": 0.8130810750260461,
    "recall": 0.809153874953201
  },
  "detailed_results": {
    "metadata": {
      "model_name": "MLP (Neural Network)",
      "hyperparams": {
        "hidden_layer_sizes": [
          100
        ],
        "activation": "tanh",
        "alpha": 0.1
      }
    },
    "test_accuracy": 0.9833679833679834,
    "test_f1": 0.9833799009382667,
    "test_precision": 0.983605027672736,
    "test_recall": 0.9833679833679834,
    "train_accuracy": 0.809153874953201,
    "train_f1": 0.8067146907521419,
    "train_precision": 0.8130810750260461,
    "train_recall": 0.809153874953201
  },
  "test_accuracy": 0.9833679833679834,
  "train_accuracy": 0.809153874953201,
  "worker_id": "worker_e03947b95d4438fdb65dfe3c02ad08cd5d411b7b0e9e2be2f0973c46"
}