{
  "task_id": "XGBoost_37_4738",
  "model_name": "XGBoost",
  "fold_id": "37",
  "hyperparams": {
    "n_estimators": "100",
    "max_depth": "9",
    "learning_rate": "0.2",
    "subsample": "0.7"
  },
  "test_results": {
    "accuracy": 0.5400670890793887,
    "f1": 0.42001674196622174,
    "precision": 0.56456876491188,
    "recall": 0.5400670890793887
  },
  "train_results": {
    "accuracy": 1.0,
    "f1": 1.0,
    "precision": 1.0,
    "recall": 1.0
  },
  "detailed_results": {
    "metadata": {
      "model_name": "XGBoost",
      "hyperparams": {
        "n_estimators": 100,
        "max_depth": 9,
        "learning_rate": 0.2,
        "subsample": 0.7
      }
    },
    "test_accuracy": 0.5400670890793887,
    "test_f1": 0.42001674196622174,
    "test_precision": 0.56456876491188,
    "test_recall": 0.5400670890793887,
    "train_accuracy": 1.0,
    "train_f1": 1.0,
    "train_precision": 1.0,
    "train_recall": 1.0
  },
  "test_accuracy": 0.5400670890793887,
  "train_accuracy": 1.0,
  "worker_id": "worker_dfdcfdb3249565d6196f959fa2016d6332a409bcfa102470956dc184"
}