{
  "task_id": "XGBoost_8_3016",
  "model_name": "XGBoost",
  "fold_id": "8",
  "hyperparams": {
    "n_estimators": "100",
    "max_depth": "9",
    "learning_rate": "0.2",
    "subsample": "0.7"
  },
  "test_results": {
    "accuracy": 0.650345260514752,
    "f1": 0.6502894550468822,
    "precision": 0.6512726473306816,
    "recall": 0.650345260514752
  },
  "train_results": {
    "accuracy": 0.9999664744535336,
    "f1": 0.9999664743318221,
    "precision": 0.9999664764840311,
    "recall": 0.9999664744535336
  },
  "detailed_results": {
    "metadata": {
      "model_name": "XGBoost",
      "hyperparams": {
        "n_estimators": 100,
        "max_depth": 9,
        "learning_rate": 0.2,
        "subsample": 0.7
      }
    },
    "test_accuracy": 0.650345260514752,
    "test_f1": 0.6502894550468822,
    "test_precision": 0.6512726473306816,
    "test_recall": 0.650345260514752,
    "train_accuracy": 0.9999664744535336,
    "train_f1": 0.9999664743318221,
    "train_precision": 0.9999664764840311,
    "train_recall": 0.9999664744535336
  },
  "test_accuracy": 0.650345260514752,
  "train_accuracy": 0.9999664744535336,
  "worker_id": "worker_ba21ef680df0350cbc1bd8bd068ad9ba0569c74323124e21df0994d0"
}