{
  "task_id": "MLP_(Neural_Network)_22_1854",
  "model_name": "MLP (Neural Network)",
  "fold_id": "22",
  "hyperparams": {
    "hidden_layer_sizes": [
      200,
      100,
      50
    ],
    "activation": "tanh",
    "alpha": "0.1"
  },
  "test_results": {
    "accuracy": 0.5324511657214871,
    "f1": 0.407652628916087,
    "precision": 0.6862773493935338,
    "recall": 0.5324511657214871
  },
  "train_results": {
    "accuracy": 0.9958109919571045,
    "f1": 0.9958103182358572,
    "precision": 0.9958142258391421,
    "recall": 0.9958109919571045
  },
  "detailed_results": {
    "metadata": {
      "model_name": "MLP (Neural Network)",
      "hyperparams": {
        "hidden_layer_sizes": [
          200,
          100,
          50
        ],
        "activation": "tanh",
        "alpha": 0.1
      }
    },
    "test_accuracy": 0.5324511657214871,
    "test_f1": 0.407652628916087,
    "test_precision": 0.6862773493935338,
    "test_recall": 0.5324511657214871,
    "train_accuracy": 0.9958109919571045,
    "train_f1": 0.9958103182358572,
    "train_precision": 0.9958142258391421,
    "train_recall": 0.9958109919571045
  },
  "test_accuracy": 0.5324511657214871,
  "train_accuracy": 0.9958109919571045,
  "worker_id": "worker_822f1375dcad0e6f7657734a1ea26ba83e4ea4ac0371dfc1095e9854"
}