{
  "task_id": "XGBoost_19_7969",
  "model_name": "XGBoost",
  "fold_id": "19",
  "hyperparams": {
    "n_estimators": "100",
    "max_depth": "6",
    "learning_rate": "0.2",
    "subsample": "0.7"
  },
  "test_results": {
    "accuracy": 0.5500878734622144,
    "f1": 0.42224411075251556,
    "precision": 0.6747747942416472,
    "recall": 0.5500878734622144
  },
  "train_results": {
    "accuracy": 0.9766909273434559,
    "f1": 0.9766746124252427,
    "precision": 0.9767481933686801,
    "recall": 0.9766909273434559
  },
  "detailed_results": {
    "metadata": {
      "model_name": "XGBoost",
      "hyperparams": {
        "n_estimators": 100,
        "max_depth": 6,
        "learning_rate": 0.2,
        "subsample": 0.7
      }
    },
    "test_accuracy": 0.5500878734622144,
    "test_f1": 0.42224411075251556,
    "test_precision": 0.6747747942416472,
    "test_recall": 0.5500878734622144,
    "train_accuracy": 0.9766909273434559,
    "train_f1": 0.9766746124252427,
    "train_precision": 0.9767481933686801,
    "train_recall": 0.9766909273434559
  },
  "test_accuracy": 0.5500878734622144,
  "train_accuracy": 0.9766909273434559,
  "worker_id": "worker_737fbcc58e7c764e53f817a647e440d5fe5dced16a37bfcb9ace52d2"
}