{
  "task_id": "MLP_(Neural_Network)_11_9455",
  "model_name": "MLP (Neural Network)",
  "fold_id": "11",
  "hyperparams": {
    "hidden_layer_sizes": [
      200,
      100,
      50
    ],
    "activation": "tanh",
    "alpha": "0.1"
  },
  "test_results": {
    "accuracy": 0.5549692172383466,
    "f1": 0.45887040421422626,
    "precision": 0.7690239473499403,
    "recall": 0.5549692172383466
  },
  "train_results": {
    "accuracy": 0.9967374596103774,
    "f1": 0.9967371905343191,
    "precision": 0.9967382611951566,
    "recall": 0.9967374596103774
  },
  "detailed_results": {
    "metadata": {
      "model_name": "MLP (Neural Network)",
      "hyperparams": {
        "hidden_layer_sizes": [
          200,
          100,
          50
        ],
        "activation": "tanh",
        "alpha": 0.1
      }
    },
    "test_accuracy": 0.5549692172383466,
    "test_f1": 0.45887040421422626,
    "test_precision": 0.7690239473499403,
    "test_recall": 0.5549692172383466,
    "train_accuracy": 0.9967374596103774,
    "train_f1": 0.9967371905343191,
    "train_precision": 0.9967382611951566,
    "train_recall": 0.9967374596103774
  },
  "test_accuracy": 0.5549692172383466,
  "train_accuracy": 0.9967374596103774,
  "worker_id": "worker_7d0911c764ca0954156026b30a2ea3f91254a5417fd4be105d5d5c26"
}