{
  "task_id": "MLP_(Neural_Network)_22_0811",
  "model_name": "MLP (Neural Network)",
  "fold_id": "22",
  "hyperparams": {
    "hidden_layer_sizes": [
      100
    ],
    "activation": "tanh",
    "alpha": "0.1"
  },
  "test_results": {
    "accuracy": 0.6239092495636999,
    "f1": 0.5544459798433291,
    "precision": 0.7469155962142308,
    "recall": 0.6239092495636999
  },
  "train_results": {
    "accuracy": 0.784329107568721,
    "f1": 0.7750455198799273,
    "precision": 0.8108516102225187,
    "recall": 0.784329107568721
  },
  "detailed_results": {
    "metadata": {
      "model_name": "MLP (Neural Network)",
      "hyperparams": {
        "hidden_layer_sizes": [
          100
        ],
        "activation": "tanh",
        "alpha": 0.1
      }
    },
    "test_accuracy": 0.6239092495636999,
    "test_f1": 0.5544459798433291,
    "test_precision": 0.7469155962142308,
    "test_recall": 0.6239092495636999,
    "train_accuracy": 0.784329107568721,
    "train_f1": 0.7750455198799273,
    "train_precision": 0.8108516102225187,
    "train_recall": 0.784329107568721
  },
  "test_accuracy": 0.6239092495636999,
  "train_accuracy": 0.784329107568721,
  "worker_id": "worker_2fa0c7efa1687a00c91a813cf607851f55f612fa98508602a1257014"
}