{
  "task_id": "XGBoost_47_4738",
  "model_name": "XGBoost",
  "fold_id": "47",
  "hyperparams": {
    "n_estimators": "100",
    "max_depth": "9",
    "learning_rate": "0.2",
    "subsample": "0.7"
  },
  "test_results": {
    "accuracy": 0.5280757097791798,
    "f1": 0.38340739642101296,
    "precision": 0.5832168684726633,
    "recall": 0.5280757097791798
  },
  "train_results": {
    "accuracy": 0.9998994772818657,
    "f1": 0.9998994761636866,
    "precision": 0.999899495498003,
    "recall": 0.9998994772818657
  },
  "detailed_results": {
    "metadata": {
      "model_name": "XGBoost",
      "hyperparams": {
        "n_estimators": 100,
        "max_depth": 9,
        "learning_rate": 0.2,
        "subsample": 0.7
      }
    },
    "test_accuracy": 0.5280757097791798,
    "test_f1": 0.38340739642101296,
    "test_precision": 0.5832168684726633,
    "test_recall": 0.5280757097791798,
    "train_accuracy": 0.9998994772818657,
    "train_f1": 0.9998994761636866,
    "train_precision": 0.999899495498003,
    "train_recall": 0.9998994772818657
  },
  "test_accuracy": 0.5280757097791798,
  "train_accuracy": 0.9998994772818657,
  "worker_id": "worker_47d24151a546b100c7fa650e85c7d1874654d7bff72ccf24063f9d74"
}