{
  "task_id": "MLP_(Neural_Network)_2_3213",
  "model_name": "MLP (Neural Network)",
  "fold_id": "2",
  "hyperparams": {
    "hidden_layer_sizes": [
      100
    ],
    "activation": "tanh",
    "alpha": "0.1"
  },
  "test_results": {
    "accuracy": 0.5562851782363978,
    "f1": 0.4250299495345943,
    "precision": 0.7588692619180425,
    "recall": 0.5562851782363978
  },
  "train_results": {
    "accuracy": 0.9805138180842501,
    "f1": 0.9805116460014399,
    "precision": 0.9805118998325918,
    "recall": 0.9805138180842501
  },
  "detailed_results": {
    "metadata": {
      "model_name": "MLP (Neural Network)",
      "hyperparams": {
        "hidden_layer_sizes": [
          100
        ],
        "activation": "tanh",
        "alpha": 0.1
      }
    },
    "test_accuracy": 0.5562851782363978,
    "test_f1": 0.4250299495345943,
    "test_precision": 0.7588692619180425,
    "test_recall": 0.5562851782363978,
    "train_accuracy": 0.9805138180842501,
    "train_f1": 0.9805116460014399,
    "train_precision": 0.9805118998325918,
    "train_recall": 0.9805138180842501
  },
  "test_accuracy": 0.5562851782363978,
  "train_accuracy": 0.9805138180842501,
  "worker_id": "worker_1af7a5dca78496bf15701a9c8d51a0c2e729ef0fb53a24e0cc2d75d5"
}