{
  "task_id": "XGBoost_34_4738",
  "model_name": "XGBoost",
  "fold_id": "34",
  "hyperparams": {
    "n_estimators": "100",
    "max_depth": "9",
    "learning_rate": "0.2",
    "subsample": "0.7"
  },
  "test_results": {
    "accuracy": 0.5829195630585898,
    "f1": 0.5826188151886135,
    "precision": 0.5868545385787272,
    "recall": 0.5829195630585898
  },
  "train_results": {
    "accuracy": 0.9999666588870737,
    "f1": 0.9999666590098043,
    "precision": 0.9999666613824791,
    "recall": 0.9999666588870737
  },
  "detailed_results": {
    "metadata": {
      "model_name": "XGBoost",
      "hyperparams": {
        "n_estimators": 100,
        "max_depth": 9,
        "learning_rate": 0.2,
        "subsample": 0.7
      }
    },
    "test_accuracy": 0.5829195630585898,
    "test_f1": 0.5826188151886135,
    "test_precision": 0.5868545385787272,
    "test_recall": 0.5829195630585898,
    "train_accuracy": 0.9999666588870737,
    "train_f1": 0.9999666590098043,
    "train_precision": 0.9999666613824791,
    "train_recall": 0.9999666588870737
  },
  "test_accuracy": 0.5829195630585898,
  "train_accuracy": 0.9999666588870737,
  "worker_id": "worker_7179033e0614f5f70ca0fae0ced4eb1e87d860bb0e1d7d727607557d"
}