{
  "task_id": "XGBoost_1_3537",
  "model_name": "XGBoost",
  "fold_id": "1",
  "hyperparams": {
    "n_estimators": "100",
    "max_depth": "9",
    "learning_rate": "0.2",
    "subsample": "0.7"
  },
  "test_results": {
    "accuracy": 0.5180543121456281,
    "f1": 0.5179185811990411,
    "precision": 0.5177983774568097,
    "recall": 0.5180543121456281
  },
  "train_results": {
    "accuracy": 1.0,
    "f1": 1.0,
    "precision": 1.0,
    "recall": 1.0
  },
  "detailed_results": {
    "metadata": {
      "model_name": "XGBoost",
      "hyperparams": {
        "n_estimators": 100,
        "max_depth": 9,
        "learning_rate": 0.2,
        "subsample": 0.7
      }
    },
    "test_accuracy": 0.5180543121456281,
    "test_f1": 0.5179185811990411,
    "test_precision": 0.5177983774568097,
    "test_recall": 0.5180543121456281,
    "train_accuracy": 1.0,
    "train_f1": 1.0,
    "train_precision": 1.0,
    "train_recall": 1.0
  },
  "test_accuracy": 0.5180543121456281,
  "train_accuracy": 1.0,
  "worker_id": "worker_bae6badfd14ba782d03ebf68e1412519298cc537db7192a4cbdf28c3"
}