{
  "task_id": "XGBoost_14_3312",
  "model_name": "XGBoost",
  "fold_id": "14",
  "hyperparams": {
    "n_estimators": "100",
    "max_depth": "9",
    "learning_rate": "0.2",
    "subsample": "0.7"
  },
  "test_results": {
    "accuracy": 0.5808133472367049,
    "f1": 0.42679819843119343,
    "precision": 0.3373441443283051,
    "recall": 0.5808133472367049
  },
  "train_results": {
    "accuracy": 1.0,
    "f1": 1.0,
    "precision": 1.0,
    "recall": 1.0
  },
  "detailed_results": {
    "metadata": {
      "model_name": "XGBoost",
      "hyperparams": {
        "n_estimators": 100,
        "max_depth": 9,
        "learning_rate": 0.2,
        "subsample": 0.7
      }
    },
    "test_accuracy": 0.5808133472367049,
    "test_f1": 0.42679819843119343,
    "test_precision": 0.3373441443283051,
    "test_recall": 0.5808133472367049,
    "train_accuracy": 1.0,
    "train_f1": 1.0,
    "train_precision": 1.0,
    "train_recall": 1.0
  },
  "test_accuracy": 0.5808133472367049,
  "train_accuracy": 1.0,
  "worker_id": "worker_8217a94ca570b2d1b3a6d14e8bf975b5e1bcee7910192d8575a86d01"
}