{
  "task_id": "MLP_(Neural_Network)_42_8410",
  "model_name": "MLP (Neural Network)",
  "fold_id": "42",
  "hyperparams": {
    "hidden_layer_sizes": [
      100
    ],
    "activation": "tanh",
    "alpha": "0.1"
  },
  "test_results": {
    "accuracy": 0.559447983014862,
    "f1": 0.48891836009538026,
    "precision": 0.7579647982284003,
    "recall": 0.559447983014862
  },
  "train_results": {
    "accuracy": 0.9821963083063108,
    "f1": 0.9821956876248551,
    "precision": 0.9821953003159234,
    "recall": 0.9821963083063108
  },
  "detailed_results": {
    "metadata": {
      "model_name": "MLP (Neural Network)",
      "hyperparams": {
        "hidden_layer_sizes": [
          100
        ],
        "activation": "tanh",
        "alpha": 0.1
      }
    },
    "test_accuracy": 0.559447983014862,
    "test_f1": 0.48891836009538026,
    "test_precision": 0.7579647982284003,
    "test_recall": 0.559447983014862,
    "train_accuracy": 0.9821963083063108,
    "train_f1": 0.9821956876248551,
    "train_precision": 0.9821953003159234,
    "train_recall": 0.9821963083063108
  },
  "test_accuracy": 0.559447983014862,
  "train_accuracy": 0.9821963083063108,
  "worker_id": "worker_24f57816b278433423375d01ee6e50e2e6dad011215e7a7fb6fa82d5"
}