{
  "task_id": "XGBoost_29_4735",
  "model_name": "XGBoost",
  "fold_id": "29",
  "hyperparams": {
    "n_estimators": "100",
    "max_depth": "3",
    "learning_rate": "0.2",
    "subsample": "0.7"
  },
  "test_results": {
    "accuracy": 0.5940959409594095,
    "f1": 0.5278628815364673,
    "precision": 0.7564709846951415,
    "recall": 0.5940959409594095
  },
  "train_results": {
    "accuracy": 0.884998434074538,
    "f1": 0.884680878975005,
    "precision": 0.8852682709942323,
    "recall": 0.884998434074538
  },
  "detailed_results": {
    "metadata": {
      "model_name": "XGBoost",
      "hyperparams": {
        "n_estimators": 100,
        "max_depth": 3,
        "learning_rate": 0.2,
        "subsample": 0.7
      }
    },
    "test_accuracy": 0.5940959409594095,
    "test_f1": 0.5278628815364673,
    "test_precision": 0.7564709846951415,
    "test_recall": 0.5940959409594095,
    "train_accuracy": 0.884998434074538,
    "train_f1": 0.884680878975005,
    "train_precision": 0.8852682709942323,
    "train_recall": 0.884998434074538
  },
  "test_accuracy": 0.5940959409594095,
  "train_accuracy": 0.884998434074538,
  "worker_id": "worker_4e14dc46a08906fa60bdb891bcda8546f326d498cdbe43f8d26d67e5"
}