{
  "task_id": "MLP_(Neural_Network)_47_7568",
  "model_name": "MLP (Neural Network)",
  "fold_id": "47",
  "hyperparams": {
    "hidden_layer_sizes": [
      200,
      100,
      50
    ],
    "activation": "tanh",
    "alpha": "0.1"
  },
  "test_results": {
    "accuracy": 0.6369085173501577,
    "f1": 0.6285860239266023,
    "precision": 0.661272092408482,
    "recall": 0.6369085173501577
  },
  "train_results": {
    "accuracy": 0.9439418308537729,
    "f1": 0.9440887604175074,
    "precision": 0.9465794024731653,
    "recall": 0.9439418308537729
  },
  "detailed_results": {
    "metadata": {
      "model_name": "MLP (Neural Network)",
      "hyperparams": {
        "hidden_layer_sizes": [
          200,
          100,
          50
        ],
        "activation": "tanh",
        "alpha": 0.1
      }
    },
    "test_accuracy": 0.6369085173501577,
    "test_f1": 0.6285860239266023,
    "test_precision": 0.661272092408482,
    "test_recall": 0.6369085173501577,
    "train_accuracy": 0.9439418308537729,
    "train_f1": 0.9440887604175074,
    "train_precision": 0.9465794024731653,
    "train_recall": 0.9439418308537729
  },
  "test_accuracy": 0.6369085173501577,
  "train_accuracy": 0.9439418308537729,
  "worker_id": "worker_9b9fc0063338d987d676c5d899fcc6ec73bd3ee99b4c289e9a5d1d9f"
}