{
  "task_id": "XGBoost_7_3312",
  "model_name": "XGBoost",
  "fold_id": "7",
  "hyperparams": {
    "n_estimators": "100",
    "max_depth": "9",
    "learning_rate": "0.2",
    "subsample": "0.7"
  },
  "test_results": {
    "accuracy": 0.48993963782696176,
    "f1": 0.4539206747371812,
    "precision": 0.44213517273578246,
    "recall": 0.4899396378269617
  },
  "train_results": {
    "accuracy": 0.9999687695190506,
    "f1": 0.9999687694290167,
    "precision": 0.9999687713061003,
    "recall": 0.9999687695190506
  },
  "detailed_results": {
    "metadata": {
      "model_name": "XGBoost",
      "hyperparams": {
        "n_estimators": 100,
        "max_depth": 9,
        "learning_rate": 0.2,
        "subsample": 0.7
      }
    },
    "test_accuracy": 0.48993963782696176,
    "test_f1": 0.4539206747371812,
    "test_precision": 0.44213517273578246,
    "test_recall": 0.4899396378269617,
    "train_accuracy": 0.9999687695190506,
    "train_f1": 0.9999687694290167,
    "train_precision": 0.9999687713061003,
    "train_recall": 0.9999687695190506
  },
  "test_accuracy": 0.48993963782696176,
  "train_accuracy": 0.9999687695190506,
  "worker_id": "worker_8ce9bfe5e25b70100942b7bacb8b3ed55e9830177b54363f812e0d4d"
}