{
  "task_id": "XGBoost_1_1915",
  "model_name": "XGBoost",
  "fold_id": "1",
  "hyperparams": {
    "n_estimators": "100",
    "max_depth": "3",
    "learning_rate": "0.2",
    "subsample": "0.7"
  },
  "test_results": {
    "accuracy": 0.4450373532550694,
    "f1": 0.32670244985283714,
    "precision": 0.4950671886435033,
    "recall": 0.4450373532550694
  },
  "train_results": {
    "accuracy": 0.9100913427066122,
    "f1": 0.9097697878917175,
    "precision": 0.9108470285217667,
    "recall": 0.9100913427066122
  },
  "detailed_results": {
    "metadata": {
      "model_name": "XGBoost",
      "hyperparams": {
        "n_estimators": 100,
        "max_depth": 3,
        "learning_rate": 0.2,
        "subsample": 0.7
      }
    },
    "test_accuracy": 0.4450373532550694,
    "test_f1": 0.32670244985283714,
    "test_precision": 0.4950671886435033,
    "test_recall": 0.4450373532550694,
    "train_accuracy": 0.9100913427066122,
    "train_f1": 0.9097697878917175,
    "train_precision": 0.9108470285217667,
    "train_recall": 0.9100913427066122
  },
  "test_accuracy": 0.4450373532550694,
  "train_accuracy": 0.9100913427066122,
  "worker_id": "worker_d488735ccd3a858a145e18257826a76165033a52f6f050a93268636e"
}