{
  "task_id": "MLP_(Neural_Network)_26_0811",
  "model_name": "MLP (Neural Network)",
  "fold_id": "26",
  "hyperparams": {
    "hidden_layer_sizes": [
      100
    ],
    "activation": "tanh",
    "alpha": "0.1"
  },
  "test_results": {
    "accuracy": 0.8500967117988395,
    "f1": 0.8477537161907773,
    "precision": 0.8788777477173749,
    "recall": 0.8500967117988395
  },
  "train_results": {
    "accuracy": 0.799718574108818,
    "f1": 0.7943478603437212,
    "precision": 0.8133115953170923,
    "recall": 0.799718574108818
  },
  "detailed_results": {
    "metadata": {
      "model_name": "MLP (Neural Network)",
      "hyperparams": {
        "hidden_layer_sizes": [
          100
        ],
        "activation": "tanh",
        "alpha": 0.1
      }
    },
    "test_accuracy": 0.8500967117988395,
    "test_f1": 0.8477537161907773,
    "test_precision": 0.8788777477173749,
    "test_recall": 0.8500967117988395,
    "train_accuracy": 0.799718574108818,
    "train_f1": 0.7943478603437212,
    "train_precision": 0.8133115953170923,
    "train_recall": 0.799718574108818
  },
  "test_accuracy": 0.8500967117988395,
  "train_accuracy": 0.799718574108818,
  "worker_id": "worker_2fa0c7efa1687a00c91a813cf607851f55f612fa98508602a1257014"
}