{
  "task_id": "XGBoost_20_7969",
  "model_name": "XGBoost",
  "fold_id": "20",
  "hyperparams": {
    "n_estimators": "100",
    "max_depth": "6",
    "learning_rate": "0.2",
    "subsample": "0.7"
  },
  "test_results": {
    "accuracy": 0.6103023516237402,
    "f1": 0.5727772164048689,
    "precision": 0.7824976496153423,
    "recall": 0.6103023516237402
  },
  "train_results": {
    "accuracy": 0.9785187260670589,
    "f1": 0.9785057351330276,
    "precision": 0.9785549530134843,
    "recall": 0.9785187260670589
  },
  "detailed_results": {
    "metadata": {
      "model_name": "XGBoost",
      "hyperparams": {
        "n_estimators": 100,
        "max_depth": 6,
        "learning_rate": 0.2,
        "subsample": 0.7
      }
    },
    "test_accuracy": 0.6103023516237402,
    "test_f1": 0.5727772164048689,
    "test_precision": 0.7824976496153423,
    "test_recall": 0.6103023516237402,
    "train_accuracy": 0.9785187260670589,
    "train_f1": 0.9785057351330276,
    "train_precision": 0.9785549530134843,
    "train_recall": 0.9785187260670589
  },
  "test_accuracy": 0.6103023516237402,
  "train_accuracy": 0.9785187260670589,
  "worker_id": "worker_f812cb893bddd27270feb9cbcfcf80f8b850674f9ed4f017c6699ca9"
}