{
  "task_id": "KNN_18_0124",
  "model_name": "KNN",
  "fold_id": "18",
  "hyperparams": {
    "n_neighbors": 15,
    "weights": "uniform",
    "metric": "euclidean"
  },
  "test_results": {
    "accuracy": 0.6980263157894737,
    "f1": 0.6860952430877992,
    "precision": 0.7504359889802644,
    "recall": 0.6980263157894737
  },
  "train_results": {
    "accuracy": 0.876059251351171,
    "f1": 0.875846915790292,
    "precision": 0.8759719695544878,
    "recall": 0.876059251351171
  },
  "detailed_results": {
    "metadata": {
      "model_name": "KNN",
      "hyperparams": {
        "n_neighbors": 15,
        "weights": "uniform",
        "metric": "euclidean"
      }
    },
    "test_accuracy": 0.6980263157894737,
    "test_f1": 0.6860952430877992,
    "test_precision": 0.7504359889802644,
    "test_recall": 0.6980263157894737,
    "train_accuracy": 0.876059251351171,
    "train_f1": 0.875846915790292,
    "train_precision": 0.8759719695544878,
    "train_recall": 0.876059251351171
  },
  "test_accuracy": 0.6980263157894737,
  "train_accuracy": 0.876059251351171,
  "worker_id": "worker_614c3989b76d6c5df1afc3c2a20539f3267075862d9f3455d70a3f0d"
}