{
  "task_id": "KNN_26_3889",
  "model_name": "KNN",
  "fold_id": "26",
  "hyperparams": {
    "n_neighbors": 15,
    "weights": "uniform",
    "metric": "euclidean"
  },
  "test_results": {
    "accuracy": 0.8684719535783365,
    "f1": 0.8680458767387812,
    "precision": 0.8761468995922332,
    "recall": 0.8684719535783365
  },
  "train_results": {
    "accuracy": 0.8722639149468417,
    "f1": 0.8723677958717878,
    "precision": 0.8726147474177293,
    "recall": 0.8722639149468417
  },
  "detailed_results": {
    "metadata": {
      "model_name": "KNN",
      "hyperparams": {
        "n_neighbors": 15,
        "weights": "uniform",
        "metric": "euclidean"
      }
    },
    "test_accuracy": 0.8684719535783365,
    "test_f1": 0.8680458767387812,
    "test_precision": 0.8761468995922332,
    "test_recall": 0.8684719535783365,
    "train_accuracy": 0.8722639149468417,
    "train_f1": 0.8723677958717878,
    "train_precision": 0.8726147474177293,
    "train_recall": 0.8722639149468417
  },
  "test_accuracy": 0.8684719535783365,
  "train_accuracy": 0.8722639149468417,
  "worker_id": "worker_87c4383dab53810372467602a083eb819ce4ec7c267619a1c3affab7"
}