{
  "task_id": "KNN_28_2825",
  "model_name": "KNN",
  "fold_id": "28",
  "hyperparams": {
    "n_neighbors": 1,
    "weights": "uniform",
    "metric": "euclidean"
  },
  "test_results": {
    "accuracy": 0.6424015009380863,
    "f1": 0.6421575776090808,
    "precision": 0.6473560926673959,
    "recall": 0.6424015009380863
  },
  "train_results": {
    "accuracy": 1.0,
    "f1": 1.0,
    "precision": 1.0,
    "recall": 1.0
  },
  "detailed_results": {
    "metadata": {
      "model_name": "KNN",
      "hyperparams": {
        "n_neighbors": 1,
        "weights": "uniform",
        "metric": "euclidean"
      }
    },
    "test_accuracy": 0.6424015009380863,
    "test_f1": 0.6421575776090808,
    "test_precision": 0.6473560926673959,
    "test_recall": 0.6424015009380863,
    "train_accuracy": 1.0,
    "train_f1": 1.0,
    "train_precision": 1.0,
    "train_recall": 1.0
  },
  "test_accuracy": 0.6424015009380863,
  "train_accuracy": 1.0,
  "worker_id": "worker_4b31da931604c440b4a855a9d6337ba8fd0192dc71a1ce94219e86c0"
}