{
  "task_id": "MLP_(Neural_Network)_20_9455",
  "model_name": "MLP (Neural Network)",
  "fold_id": "20",
  "hyperparams": {
    "hidden_layer_sizes": [
      200,
      100,
      50
    ],
    "activation": "tanh",
    "alpha": "0.1"
  },
  "test_results": {
    "accuracy": 0.47592385218365063,
    "f1": 0.35314024479499534,
    "precision": 0.7641349416995749,
    "recall": 0.47592385218365063
  },
  "train_results": {
    "accuracy": 0.995205628716416,
    "f1": 0.9952070193421613,
    "precision": 0.995225610310109,
    "recall": 0.995205628716416
  },
  "detailed_results": {
    "metadata": {
      "model_name": "MLP (Neural Network)",
      "hyperparams": {
        "hidden_layer_sizes": [
          200,
          100,
          50
        ],
        "activation": "tanh",
        "alpha": 0.1
      }
    },
    "test_accuracy": 0.47592385218365063,
    "test_f1": 0.35314024479499534,
    "test_precision": 0.7641349416995749,
    "test_recall": 0.47592385218365063,
    "train_accuracy": 0.995205628716416,
    "train_f1": 0.9952070193421613,
    "train_precision": 0.995225610310109,
    "train_recall": 0.995205628716416
  },
  "test_accuracy": 0.47592385218365063,
  "train_accuracy": 0.995205628716416,
  "worker_id": "worker_737fbcc58e7c764e53f817a647e440d5fe5dced16a37bfcb9ace52d2"
}