{
  "task_id": "XGBoost_44_7969",
  "model_name": "XGBoost",
  "fold_id": "44",
  "hyperparams": {
    "n_estimators": "100",
    "max_depth": "6",
    "learning_rate": "0.2",
    "subsample": "0.7"
  },
  "test_results": {
    "accuracy": 0.6779170684667309,
    "f1": 0.6575865975287171,
    "precision": 0.742893712762691,
    "recall": 0.6779170684667309
  },
  "train_results": {
    "accuracy": 0.9802670669543735,
    "f1": 0.9802588403779335,
    "precision": 0.9802828708635162,
    "recall": 0.9802670669543735
  },
  "detailed_results": {
    "metadata": {
      "model_name": "XGBoost",
      "hyperparams": {
        "n_estimators": 100,
        "max_depth": 6,
        "learning_rate": 0.2,
        "subsample": 0.7
      }
    },
    "test_accuracy": 0.6779170684667309,
    "test_f1": 0.6575865975287171,
    "test_precision": 0.742893712762691,
    "test_recall": 0.6779170684667309,
    "train_accuracy": 0.9802670669543735,
    "train_f1": 0.9802588403779335,
    "train_precision": 0.9802828708635162,
    "train_recall": 0.9802670669543735
  },
  "test_accuracy": 0.6779170684667309,
  "train_accuracy": 0.9802670669543735,
  "worker_id": "worker_2021c4175d5ac073114d7cf374b9d3dc5d4cdfe843edebfaabce0bfe"
}