{
  "task_id": "KNN_32_3889",
  "model_name": "KNN",
  "fold_id": "32",
  "hyperparams": {
    "n_neighbors": 15,
    "weights": "uniform",
    "metric": "euclidean"
  },
  "test_results": {
    "accuracy": 0.8559622195985832,
    "f1": 0.8574180268949642,
    "precision": 0.8648615209964308,
    "recall": 0.8559622195985832
  },
  "train_results": {
    "accuracy": 0.8733795504709796,
    "f1": 0.8734249755691823,
    "precision": 0.8734928692435598,
    "recall": 0.8733795504709796
  },
  "detailed_results": {
    "metadata": {
      "model_name": "KNN",
      "hyperparams": {
        "n_neighbors": 15,
        "weights": "uniform",
        "metric": "euclidean"
      }
    },
    "test_accuracy": 0.8559622195985832,
    "test_f1": 0.8574180268949642,
    "test_precision": 0.8648615209964308,
    "test_recall": 0.8559622195985832,
    "train_accuracy": 0.8733795504709796,
    "train_f1": 0.8734249755691823,
    "train_precision": 0.8734928692435598,
    "train_recall": 0.8733795504709796
  },
  "test_accuracy": 0.8559622195985832,
  "train_accuracy": 0.8733795504709796,
  "worker_id": "worker_7874d60be3a9f4290f802c26f541466732c76c84c3c6362e98286dfd"
}