{
  "task_id": "XGBoost_1_7969",
  "model_name": "XGBoost",
  "fold_id": "1",
  "hyperparams": {
    "n_estimators": "100",
    "max_depth": "6",
    "learning_rate": "0.2",
    "subsample": "0.7"
  },
  "test_results": {
    "accuracy": 0.4343649946638207,
    "f1": 0.26630710982365197,
    "precision": 0.1920154268256375,
    "recall": 0.4343649946638207
  },
  "train_results": {
    "accuracy": 0.9795180347289335,
    "f1": 0.9795061716013743,
    "precision": 0.9795519818285616,
    "recall": 0.9795180347289335
  },
  "detailed_results": {
    "metadata": {
      "model_name": "XGBoost",
      "hyperparams": {
        "n_estimators": 100,
        "max_depth": 6,
        "learning_rate": 0.2,
        "subsample": 0.7
      }
    },
    "test_accuracy": 0.4343649946638207,
    "test_f1": 0.26630710982365197,
    "test_precision": 0.1920154268256375,
    "test_recall": 0.4343649946638207,
    "train_accuracy": 0.9795180347289335,
    "train_f1": 0.9795061716013743,
    "train_precision": 0.9795519818285616,
    "train_recall": 0.9795180347289335
  },
  "test_accuracy": 0.4343649946638207,
  "train_accuracy": 0.9795180347289335,
  "worker_id": "worker_39de6c54999b50e73a87bd39702f04b3c05569ee65510fdaf9a2d5e2"
}