{
  "task_id": "MLP_(Neural_Network)_35_7568",
  "model_name": "MLP (Neural Network)",
  "fold_id": "35",
  "hyperparams": {
    "hidden_layer_sizes": [
      200,
      100,
      50
    ],
    "activation": "tanh",
    "alpha": "0.1"
  },
  "test_results": {
    "accuracy": 0.6578528193692259,
    "f1": 0.6556458368127261,
    "precision": 0.657917002412317,
    "recall": 0.6578528193692259
  },
  "train_results": {
    "accuracy": 0.905305439330544,
    "f1": 0.9053490937584112,
    "precision": 0.9054267780409009,
    "recall": 0.905305439330544
  },
  "detailed_results": {
    "metadata": {
      "model_name": "MLP (Neural Network)",
      "hyperparams": {
        "hidden_layer_sizes": [
          200,
          100,
          50
        ],
        "activation": "tanh",
        "alpha": 0.1
      }
    },
    "test_accuracy": 0.6578528193692259,
    "test_f1": 0.6556458368127261,
    "test_precision": 0.657917002412317,
    "test_recall": 0.6578528193692259,
    "train_accuracy": 0.905305439330544,
    "train_f1": 0.9053490937584112,
    "train_precision": 0.9054267780409009,
    "train_recall": 0.905305439330544
  },
  "test_accuracy": 0.6578528193692259,
  "train_accuracy": 0.905305439330544,
  "worker_id": "worker_61908f5ba8c832c1827709bbdcfe77ca1725b5d1adf4cc648dcd4604"
}