{
  "task_id": "XGBoost_1_2308",
  "model_name": "XGBoost",
  "fold_id": "1",
  "hyperparams": {
    "n_estimators": "100",
    "max_depth": "6",
    "learning_rate": "0.2",
    "subsample": "0.7"
  },
  "test_results": {
    "accuracy": 0.68440065681445,
    "f1": 0.682214288374856,
    "precision": 0.6837200540614541,
    "recall": 0.68440065681445
  },
  "train_results": {
    "accuracy": 0.9921251960359038,
    "f1": 0.992122123356848,
    "precision": 0.9921490969371777,
    "recall": 0.9921251960359038
  },
  "detailed_results": {
    "metadata": {
      "model_name": "XGBoost",
      "hyperparams": {
        "n_estimators": 100,
        "max_depth": 6,
        "learning_rate": 0.2,
        "subsample": 0.7
      }
    },
    "test_accuracy": 0.68440065681445,
    "test_f1": 0.682214288374856,
    "test_precision": 0.6837200540614541,
    "test_recall": 0.68440065681445,
    "train_accuracy": 0.9921251960359038,
    "train_f1": 0.992122123356848,
    "train_precision": 0.9921490969371777,
    "train_recall": 0.9921251960359038
  },
  "test_accuracy": 0.68440065681445,
  "train_accuracy": 0.9921251960359038,
  "worker_id": "worker_74de47088d93d7523907982aa7d913c58e612fd79a4d9ebf67952030"
}